date,APMC,Commodity,Year,Month,arrivals_in_qtl,min_price,max_price,modal_price,district_name,state_name,commodity,year,Type,msprice,msp_filter,seasonality,deseasonal,Peak seasonal price fluctuation %,Raw vs MSP diff,Desasonal vs MSP diff
2015-04-01,Latur,bajri,2015,April,688,1298,1491,1403,Latur,Maharashtra,bajri,2015,Kharif Crops,1275.0,1,additive,,22.332083191271735,128.0,
2016-04-01,Latur,bajri,2016,April,658,1629,1974,1794,Latur,Maharashtra,bajri,2016,Kharif Crops,1330.0,1,additive,1641.5,22.332083191271735,464.0,311.5
2016-08-01,Latur,bajri,2016,August,53,1523,1661,1575,Latur,Maharashtra,bajri,2016,Kharif Crops,1330.0,1,additive,1576.75,22.332083191271735,245.0,246.75
2014-12-01,Latur,bajri,2014,December,1823,1144,1592,1363,Latur,Maharashtra,bajri,2014,Kharif Crops,1250.0,1,additive,1447.5,22.332083191271735,113.0,197.5
2015-12-01,Latur,bajri,2015,December,8309,1366,1735,1489,Latur,Maharashtra,bajri,2015,Kharif Crops,1275.0,1,additive,1411.75,22.332083191271735,214.0,136.75
2015-02-01,Latur,bajri,2015,February,1007,1228,1339,1306,Latur,Maharashtra,bajri,2015,Kharif Crops,1275.0,1,additive,1402.0,22.332083191271735,31.0,127.0
2016-02-01,Latur,bajri,2016,February,2093,1437,1729,1507,Latur,Maharashtra,bajri,2016,Kharif Crops,1330.0,1,additive,1428.0,22.332083191271735,177.0,98.0
2015-01-01,Latur,bajri,2015,January,2348,1247,1512,1392,Latur,Maharashtra,bajri,2015,Kharif Crops,1275.0,1,additive,1439.75,22.332083191271735,117.0,164.75
2016-01-01,Latur,bajri,2016,January,3799,1351,1681,1468,Latur,Maharashtra,bajri,2016,Kharif Crops,1330.0,1,additive,1388.25,22.332083191271735,138.0,58.25
2015-07-01,Latur,bajri,2015,July,56,1125,1320,1225,Latur,Maharashtra,bajri,2015,Kharif Crops,1275.0,1,additive,1399.5,22.332083191271735,-50.0,124.5
2016-07-01,Latur,bajri,2016,July,9,1501,1720,1680,Latur,Maharashtra,bajri,2016,Kharif Crops,1330.0,1,additive,1452.0,22.332083191271735,350.0,122.0
2015-06-01,Latur,bajri,2015,June,167,1165,1320,1223,Latur,Maharashtra,bajri,2015,Kharif Crops,1275.0,1,additive,1459.5,22.332083191271735,-52.0,184.5
2016-06-01,Latur,bajri,2016,June,322,1665,1762,1712,Latur,Maharashtra,bajri,2016,Kharif Crops,1330.0,1,additive,1499.25,22.332083191271735,382.0,169.25
2015-03-01,Latur,bajri,2015,March,296,1276,1413,1350,Latur,Maharashtra,bajri,2015,Kharif Crops,1275.0,1,additive,1529.5,22.332083191271735,75.0,254.5
2016-03-01,Latur,bajri,2016,March,2005,1573,1907,1706,Latur,Maharashtra,bajri,2016,Kharif Crops,1330.0,1,additive,1511.25,22.332083191271735,376.0,181.25
2015-05-01,Latur,bajri,2015,May,213,1190,1411,1283,Latur,Maharashtra,bajri,2015,Kharif Crops,1275.0,1,additive,1509.75,22.332083191271735,8.0,234.75
2016-05-01,Latur,bajri,2016,May,54,1632,1854,1767,Latur,Maharashtra,bajri,2016,Kharif Crops,1330.0,1,additive,1543.5,22.332083191271735,437.0,213.5
2014-11-01,Latur,bajri,2014,November,1163,1171,1544,1357,Latur,Maharashtra,bajri,2014,Kharif Crops,1250.0,1,additive,1520.5,22.332083191271735,107.0,270.5
2015-11-01,Latur,bajri,2015,November,1612,1397,1874,1601,Latur,Maharashtra,bajri,2015,Kharif Crops,1275.0,1,additive,1469.75,22.332083191271735,326.0,194.75
2015-10-01,Latur,bajri,2015,October,95,1320,1320,1320,Latur,Maharashtra,bajri,2015,Kharif Crops,1275.0,1,additive,1431.5,22.332083191271735,45.0,156.5
2016-10-01,Latur,bajri,2016,October,192,1286,1627,1485,Latur,Maharashtra,bajri,2016,Kharif Crops,1330.0,1,additive,1372.5,22.332083191271735,155.0,42.5
2014-09-01,Latur,bajri,2014,September,147,1017,1317,1200,Latur,Maharashtra,bajri,2014,Kharif Crops,1250.0,1,additive,1356.25,22.332083191271735,-50.0,106.25
2016-09-01,Latur,bajri,2016,September,51,1450,1550,1540,Latur,Maharashtra,bajri,2016,Kharif Crops,1330.0,1,additive,1432.5,22.332083191271735,210.0,102.5
2016-11-01,Latur,bajri,2016,November,252,1250,1610,1450,Latur,Maharashtra,bajri,2016,Kharif Crops,1330.0,1,additive,,22.332083191271735,120.0,
