date,APMC,Commodity,Year,Month,arrivals_in_qtl,min_price,max_price,modal_price,district_name,state_name,commodity,year,Type,msprice,msp_filter,seasonality,deseasonal,Peak seasonal price fluctuation %,Raw vs MSP diff,Desasonal vs MSP diff
2016-04-01,Ahmedpur,bajri,2016,April,25,1341,1341,1341,Latur,Maharashtra,bajri,2016,Kharif Crops,1330.0,1,additive,,16.567319519349038,11.0,
2016-08-01,Ahmedpur,bajri,2016,August,39,1269,1367,1351,Latur,Maharashtra,bajri,2016,Kharif Crops,1330.0,1,additive,1345.5,16.567319519349038,21.0,15.5
2015-12-01,Ahmedpur,bajri,2015,December,61,1279,1339,1339,Latur,Maharashtra,bajri,2015,Kharif Crops,1275.0,1,additive,1351.75,16.567319519349038,64.0,76.75
2016-02-01,Ahmedpur,bajri,2016,February,74,1278,1378,1378,Latur,Maharashtra,bajri,2016,Kharif Crops,1330.0,1,additive,1357.25,16.567319519349038,48.0,27.25
2016-01-01,Ahmedpur,bajri,2016,January,22,1308,1334,1334,Latur,Maharashtra,bajri,2016,Kharif Crops,1330.0,1,additive,1367.75,16.567319519349038,4.0,37.75
2016-07-01,Ahmedpur,bajri,2016,July,3,1425,1425,1425,Latur,Maharashtra,bajri,2016,Kharif Crops,1330.0,1,additive,1332.25,16.567319519349038,95.0,2.25
2015-06-01,Ahmedpur,bajri,2015,June,3,1140,1151,1145,Latur,Maharashtra,bajri,2015,Kharif Crops,1275.0,1,additive,1291.25,16.567319519349038,-130.0,16.25
2016-06-01,Ahmedpur,bajri,2016,June,6,1438,1463,1450,Latur,Maharashtra,bajri,2016,Kharif Crops,1330.0,1,additive,1346.25,16.567319519349038,120.0,16.25
2016-03-01,Ahmedpur,bajri,2016,March,4,1250,1340,1340,Latur,Maharashtra,bajri,2016,Kharif Crops,1330.0,1,additive,1417.5,16.567319519349038,10.0,87.5
2016-05-01,Ahmedpur,bajri,2016,May,1,1540,1540,1540,Latur,Maharashtra,bajri,2016,Kharif Crops,1330.0,1,additive,1441.5,16.567319519349038,210.0,111.5
2015-11-01,Ahmedpur,bajri,2015,November,55,1258,1346,1346,Latur,Maharashtra,bajri,2015,Kharif Crops,1275.0,1,additive,1335.75,16.567319519349038,71.0,60.75
2014-10-01,Ahmedpur,bajri,2014,October,7,1111,1111,1111,Latur,Maharashtra,bajri,2014,Kharif Crops,1250.0,1,additive,1204.5,16.567319519349038,-139.0,-45.5
2015-10-01,Ahmedpur,bajri,2015,October,14,1180,1250,1250,Latur,Maharashtra,bajri,2015,Kharif Crops,1275.0,1,additive,1219.5,16.567319519349038,-25.0,-55.5
2016-10-01,Ahmedpur,bajri,2016,October,17,1250,1301,1267,Latur,Maharashtra,bajri,2016,Kharif Crops,1330.0,1,additive,1283.75,16.567319519349038,-63.0,-46.25
2016-09-01,Ahmedpur,bajri,2016,September,1,1351,1351,1351,Latur,Maharashtra,bajri,2016,Kharif Crops,1330.0,1,additive,1284.75,16.567319519349038,21.0,-45.25
2016-11-01,Ahmedpur,bajri,2016,November,58,1133,1208,1170,Latur,Maharashtra,bajri,2016,Kharif Crops,1330.0,1,additive,,16.567319519349038,-160.0,
