date,APMC,Commodity,Year,Month,arrivals_in_qtl,min_price,max_price,modal_price,district_name,state_name,commodity,year,Type,msprice,msp_filter,seasonality,deseasonal,Peak seasonal price fluctuation %
2015-08-01,Aurangabad,banana,2015,August,1011,251,478,365,Aurangabad,Maharashtra,,,,,,additive,,46.57293497363796
2015-12-01,Aurangabad,banana,2015,December,381,212,386,300,Aurangabad,Maharashtra,,,,,,additive,298.25,46.57293497363796
2016-01-01,Aurangabad,banana,2016,January,142,160,302,228,Aurangabad,Maharashtra,,,,,,additive,291.75,46.57293497363796
2015-07-01,Aurangabad,banana,2015,July,441,298,525,411,Aurangabad,Maharashtra,,,,,,additive,418.75,46.57293497363796
2015-11-01,Aurangabad,banana,2015,November,25,600,650,625,Aurangabad,Maharashtra,,,,,,additive,546.5,46.57293497363796
2014-10-01,Aurangabad,banana,2014,October,34,305,745,525,Aurangabad,Maharashtra,,,,,,additive,546.25,46.57293497363796
2014-09-01,Aurangabad,banana,2014,September,183,364,656,510,Aurangabad,Maharashtra,,,,,,additive,498.75,46.57293497363796
2015-09-01,Aurangabad,banana,2015,September,234,300,600,450,Aurangabad,Maharashtra,,,,,,additive,,46.57293497363796
