date,APMC,Commodity,Year,Month,arrivals_in_qtl,min_price,max_price,modal_price,district_name,state_name,commodity,year,Type,msprice,msp_filter,seasonality,deseasonal,Peak seasonal price fluctuation %
2016-08-01,Raver,black gram,2016,August,3,7050,7050,7050,Jalgaon,Maharashtra,,,,,,additive,,63.82754994742376
2014-12-01,Raver,black gram,2014,December,5,4900,4900,4900,Jalgaon,Maharashtra,,,,,,additive,6662.5,63.82754994742376
2016-02-01,Raver,black gram,2016,February,2,9800,9800,9800,Jalgaon,Maharashtra,,,,,,additive,7448.5,63.82754994742376
2015-01-01,Raver,black gram,2015,January,5,5219,5294,5294,Jalgaon,Maharashtra,,,,,,additive,7499.5,63.82754994742376
2016-01-01,Raver,black gram,2016,January,1,9610,9610,9610,Jalgaon,Maharashtra,,,,,,additive,9116.0,63.82754994742376
2016-07-01,Raver,black gram,2016,July,1,11950,11950,11950,Jalgaon,Maharashtra,,,,,,additive,11312.0,63.82754994742376
2016-06-01,Raver,black gram,2016,June,26,11444,11747,11738,Jalgaon,Maharashtra,,,,,,additive,10156.5,63.82754994742376
2015-03-01,Raver,black gram,2015,March,1,5200,5200,5200,Jalgaon,Maharashtra,,,,,,additive,8650.5,63.82754994742376
2016-05-01,Raver,black gram,2016,May,40,12059,12681,12464,Jalgaon,Maharashtra,,,,,,additive,8781.5,63.82754994742376
2014-11-01,Raver,black gram,2014,November,15,4976,4998,4998,Jalgaon,Maharashtra,,,,,,additive,6854.75,63.82754994742376
2014-10-01,Raver,black gram,2014,October,70,4613,5343,4959,Jalgaon,Maharashtra,,,,,,additive,5243.0,63.82754994742376
2016-10-01,Raver,black gram,2016,October,35,5066,6266,6056,Jalgaon,Maharashtra,,,,,,additive,5700.25,63.82754994742376
2014-09-01,Raver,black gram,2014,September,9,5541,5730,5730,Jalgaon,Maharashtra,,,,,,additive,6461.5,63.82754994742376
2015-09-01,Raver,black gram,2015,September,5,7650,8330,8330,Jalgaon,Maharashtra,,,,,,additive,7322.25,63.82754994742376
2016-09-01,Raver,black gram,2016,September,35,6569,7026,6899,Jalgaon,Maharashtra,,,,,,additive,7219.5,63.82754994742376
2016-11-01,Raver,black gram,2016,November,3,5563,6750,6750,Jalgaon,Maharashtra,,,,,,additive,,63.82754994742376
