date,APMC,Commodity,Year,Month,arrivals_in_qtl,min_price,max_price,modal_price,district_name,state_name,commodity,year,Type,msprice,msp_filter,seasonality,deseasonal
2014-12-01,Bhusaval,black gram,2014,December,9,4950,4950,4950,Jalgaon,Maharashtra,,,,,,not found,
2015-02-01,Bhusaval,black gram,2015,February,2,4700,4700,4700,Jalgaon,Maharashtra,,,,,,not found,
2015-01-01,Bhusaval,black gram,2015,January,26,5000,5060,5020,Jalgaon,Maharashtra,,,,,,not found,
2016-01-01,Bhusaval,black gram,2016,January,1,9000,9000,9000,Jalgaon,Maharashtra,,,,,,not found,
2016-06-01,Bhusaval,black gram,2016,June,1,9100,9100,9100,Jalgaon,Maharashtra,,,,,,not found,
2016-05-01,Bhusaval,black gram,2016,May,1,9000,9000,9000,Jalgaon,Maharashtra,,,,,,not found,
2014-11-01,Bhusaval,black gram,2014,November,103,4464,4611,4552,Jalgaon,Maharashtra,,,,,,not found,
2015-11-01,Bhusaval,black gram,2015,November,17,8800,8800,8800,Jalgaon,Maharashtra,,,,,,not found,
2014-10-01,Bhusaval,black gram,2014,October,114,3912,4120,4058,Jalgaon,Maharashtra,,,,,,not found,
2015-10-01,Bhusaval,black gram,2015,October,21,10088,10250,10125,Jalgaon,Maharashtra,,,,,,not found,
2016-10-01,Bhusaval,black gram,2016,October,86,5838,6292,6008,Jalgaon,Maharashtra,,,,,,not found,
2014-09-01,Bhusaval,black gram,2014,September,30,4050,4125,4125,Jalgaon,Maharashtra,,,,,,not found,
2015-09-01,Bhusaval,black gram,2015,September,65,7812,8112,7927,Jalgaon,Maharashtra,,,,,,not found,
2016-09-01,Bhusaval,black gram,2016,September,234,6369,6756,6528,Jalgaon,Maharashtra,,,,,,not found,
2016-11-01,Bhusaval,black gram,2016,November,66,5333,5733,5333,Jalgaon,Maharashtra,,,,,,not found,
