date,APMC,Commodity,Year,Month,arrivals_in_qtl,min_price,max_price,modal_price,district_name,state_name,commodity,year,Type,msprice,msp_filter,seasonality,deseasonal,Peak seasonal price fluctuation %
2015-08-01,Barshi-Vairag,black gram,2015,August,59,8001,8436,8319,Solapur,Maharashtra,,,,,,additive,,69.68141448708548
2016-08-01,Barshi-Vairag,black gram,2016,August,402,7007,7488,7334,Solapur,Maharashtra,,,,,,additive,6970.25,69.68141448708548
2014-12-01,Barshi-Vairag,black gram,2014,December,120,3950,5025,4894,Solapur,Maharashtra,,,,,,additive,5493.0,69.68141448708548
2015-01-01,Barshi-Vairag,black gram,2015,January,2,4850,4850,4850,Solapur,Maharashtra,,,,,,additive,5036.0,69.68141448708548
2016-07-01,Barshi-Vairag,black gram,2016,July,3,5550,5550,5550,Solapur,Maharashtra,,,,,,additive,6570.75,69.68141448708548
2016-05-01,Barshi-Vairag,black gram,2016,May,8,10333,10333,10333,Solapur,Maharashtra,,,,,,additive,7817.25,69.68141448708548
2014-11-01,Barshi-Vairag,black gram,2014,November,568,4205,5192,5053,Solapur,Maharashtra,,,,,,additive,7684.75,69.68141448708548
2015-11-01,Barshi-Vairag,black gram,2015,November,23,10300,10350,10300,Solapur,Maharashtra,,,,,,additive,7582.5,69.68141448708548
2014-10-01,Barshi-Vairag,black gram,2014,October,1194,4147,5111,4677,Solapur,Maharashtra,,,,,,additive,7888.5,69.68141448708548
2015-10-01,Barshi-Vairag,black gram,2015,October,2,11900,11900,11900,Solapur,Maharashtra,,,,,,additive,8470.0,69.68141448708548
2016-10-01,Barshi-Vairag,black gram,2016,October,2318,3598,7050,5403,Solapur,Maharashtra,,,,,,additive,6755.75,69.68141448708548
2014-09-01,Barshi-Vairag,black gram,2014,September,504,3530,4447,4317,Solapur,Maharashtra,,,,,,additive,5704.0,69.68141448708548
2015-09-01,Barshi-Vairag,black gram,2015,September,449,8229,8971,8779,Solapur,Maharashtra,,,,,,additive,7087.5,69.68141448708548
2016-09-01,Barshi-Vairag,black gram,2016,September,4468,5001,7192,6475,Solapur,Maharashtra,,,,,,additive,,69.68141448708548
