date,APMC,Commodity,Year,Month,arrivals_in_qtl,min_price,max_price,modal_price,district_name,state_name,commodity,year,Type,msprice,msp_filter,seasonality,deseasonal,Peak seasonal price fluctuation %
2015-08-01,Kurdwadi-Modnimb,black gram,2015,August,7,6201,8000,7000,Solapur,Maharashtra,,,,,,additive,,29.768592485698083
2016-08-01,Kurdwadi-Modnimb,black gram,2016,August,658,5530,5948,5630,Solapur,Maharashtra,,,,,,additive,6015.0,29.768592485698083
2016-10-01,Kurdwadi-Modnimb,black gram,2016,October,285,3856,7097,5800,Solapur,Maharashtra,,,,,,additive,6405.75,29.768592485698083
2015-09-01,Kurdwadi-Modnimb,black gram,2015,September,9,7800,8689,8393,Solapur,Maharashtra,,,,,,additive,7340.25,29.768592485698083
2016-09-01,Kurdwadi-Modnimb,black gram,2016,September,501,4871,7281,6775,Solapur,Maharashtra,,,,,,additive,6787.75,29.768592485698083
2016-11-01,Kurdwadi-Modnimb,black gram,2016,November,122,3434,6341,5208,Solapur,Maharashtra,,,,,,additive,,29.768592485698083
