date,APMC,Commodity,Year,Month,arrivals_in_qtl,min_price,max_price,modal_price,district_name,state_name,commodity,year,Type,msprice,msp_filter,seasonality,deseasonal,Peak seasonal price fluctuation %,Raw vs MSP diff,Desasonal vs MSP diff
2015-08-01,Kalyan,bajri,2015,August,3,1700,1800,1750,Thane,Maharashtra,bajri,2015,Kharif Crops,1275.0,1,additive,,20.185741600655557,475.0,
2016-08-01,Kalyan,bajri,2016,August,18,1767,1983,1892,Thane,Maharashtra,bajri,2016,Kharif Crops,1330.0,1,additive,1833.5,20.185741600655557,562.0,503.5
2015-12-01,Kalyan,bajri,2015,December,12,1725,1875,1800,Thane,Maharashtra,bajri,2015,Kharif Crops,1275.0,1,additive,1804.25,20.185741600655557,525.0,529.25
2016-02-01,Kalyan,bajri,2016,February,6,1500,1800,1725,Thane,Maharashtra,bajri,2016,Kharif Crops,1330.0,1,additive,1862.5,20.185741600655557,395.0,532.5
2015-01-01,Kalyan,bajri,2015,January,3,2000,2400,2200,Thane,Maharashtra,bajri,2015,Kharif Crops,1275.0,1,additive,2000.0,20.185741600655557,925.0,725.0
2016-01-01,Kalyan,bajri,2016,January,18,1750,1933,1875,Thane,Maharashtra,bajri,2016,Kharif Crops,1330.0,1,additive,1943.75,20.185741600655557,545.0,613.75
2015-07-01,Kalyan,bajri,2015,July,6,1600,1850,1825,Thane,Maharashtra,bajri,2015,Kharif Crops,1275.0,1,additive,1868.75,20.185741600655557,550.0,593.75
2016-07-01,Kalyan,bajri,2016,July,18,1858,2033,1950,Thane,Maharashtra,bajri,2016,Kharif Crops,1330.0,1,additive,1832.5,20.185741600655557,620.0,502.5
2015-06-01,Kalyan,bajri,2015,June,15,1530,1680,1605,Thane,Maharashtra,bajri,2015,Kharif Crops,1275.0,1,additive,1752.5,20.185741600655557,330.0,477.5
2016-06-01,Kalyan,bajri,2016,June,3,1750,1950,1850,Thane,Maharashtra,bajri,2016,Kharif Crops,1330.0,1,additive,1738.75,20.185741600655557,520.0,408.75
2015-03-01,Kalyan,bajri,2015,March,18,1567,1733,1650,Thane,Maharashtra,bajri,2015,Kharif Crops,1275.0,1,additive,1770.75,20.185741600655557,375.0,495.75
2016-03-01,Kalyan,bajri,2016,March,9,1833,2067,1933,Thane,Maharashtra,bajri,2016,Kharif Crops,1330.0,1,additive,1879.0,20.185741600655557,603.0,549.0
2016-05-01,Kalyan,bajri,2016,May,3,1900,2000,2000,Thane,Maharashtra,bajri,2016,Kharif Crops,1330.0,1,additive,1908.25,20.185741600655557,670.0,578.25
2015-11-01,Kalyan,bajri,2015,November,3,1600,1750,1700,Thane,Maharashtra,bajri,2015,Kharif Crops,1275.0,1,additive,1770.75,20.185741600655557,425.0,495.75
2015-09-01,Kalyan,bajri,2015,September,9,1500,1867,1683,Thane,Maharashtra,bajri,2015,Kharif Crops,1275.0,1,additive,1729.0,20.185741600655557,408.0,454.0
2016-09-01,Kalyan,bajri,2016,September,6,1650,2000,1850,Thane,Maharashtra,bajri,2016,Kharif Crops,1330.0,1,additive,,20.185741600655557,520.0,
