date,APMC,Commodity,Year,Month,arrivals_in_qtl,min_price,max_price,modal_price,district_name,state_name,commodity,year,Type,msprice,msp_filter,seasonality,deseasonal
2016-08-01,Nilanga,black gram,2016,August,33,5000,6001,5800,Latur,Maharashtra,,,,,,not found,
2014-11-01,Nilanga,black gram,2014,November,21,4966,5183,5040,Latur,Maharashtra,,,,,,not found,
2014-10-01,Nilanga,black gram,2014,October,49,4000,4800,4500,Latur,Maharashtra,,,,,,not found,
2015-10-01,Nilanga,black gram,2015,October,9,8500,11500,10000,Latur,Maharashtra,,,,,,not found,
2014-09-01,Nilanga,black gram,2014,September,106,4856,5413,5228,Latur,Maharashtra,,,,,,not found,
2015-09-01,Nilanga,black gram,2015,September,20,8320,8922,8830,Latur,Maharashtra,,,,,,not found,
2016-09-01,Nilanga,black gram,2016,September,84,6450,6820,6683,Latur,Maharashtra,,,,,,not found,
