date,APMC,Commodity,Year,Month,arrivals_in_qtl,min_price,max_price,modal_price,district_name,state_name,commodity,year,Type,msprice,msp_filter,seasonality,deseasonal
2015-04-01,Kalyan,bitter gourd,2015,April,3,3000,3500,3250,Thane,Maharashtra,,,,,,not found,
2016-04-01,Kalyan,bitter gourd,2016,April,18,4583,5117,4900,Thane,Maharashtra,,,,,,not found,
2015-08-01,Kalyan,bitter gourd,2015,August,220,2044,2389,2172,Thane,Maharashtra,,,,,,not found,
2016-08-01,Kalyan,bitter gourd,2016,August,60,2065,2530,2318,Thane,Maharashtra,,,,,,not found,
2014-12-01,Kalyan,bitter gourd,2014,December,3,3200,3600,3400,Thane,Maharashtra,,,,,,not found,
2015-12-01,Kalyan,bitter gourd,2015,December,69,2911,3285,3109,Thane,Maharashtra,,,,,,not found,
2016-02-01,Kalyan,bitter gourd,2016,February,54,3756,4094,3928,Thane,Maharashtra,,,,,,not found,
2015-01-01,Kalyan,bitter gourd,2015,January,3,3500,4000,3750,Thane,Maharashtra,,,,,,not found,
2016-01-01,Kalyan,bitter gourd,2016,January,84,4089,4568,4359,Thane,Maharashtra,,,,,,not found,
2015-07-01,Kalyan,bitter gourd,2015,July,554,2525,2863,2669,Thane,Maharashtra,,,,,,not found,
2016-07-01,Kalyan,bitter gourd,2016,July,72,4325,5050,4735,Thane,Maharashtra,,,,,,not found,
2015-06-01,Kalyan,bitter gourd,2015,June,66,2748,3241,2989,Thane,Maharashtra,,,,,,not found,
2016-06-01,Kalyan,bitter gourd,2016,June,75,3896,4384,4154,Thane,Maharashtra,,,,,,not found,
2015-03-01,Kalyan,bitter gourd,2015,March,15,3820,4280,4050,Thane,Maharashtra,,,,,,not found,
2016-03-01,Kalyan,bitter gourd,2016,March,54,3933,4350,4192,Thane,Maharashtra,,,,,,not found,
2016-05-01,Kalyan,bitter gourd,2016,May,75,2660,3140,2904,Thane,Maharashtra,,,,,,not found,
2015-11-01,Kalyan,bitter gourd,2015,November,86,1988,2238,2113,Thane,Maharashtra,,,,,,not found,
2014-10-01,Kalyan,bitter gourd,2014,October,6,1450,1700,1575,Thane,Maharashtra,,,,,,not found,
2015-10-01,Kalyan,bitter gourd,2015,October,195,1718,2200,1965,Thane,Maharashtra,,,,,,not found,
2016-10-01,Kalyan,bitter gourd,2016,October,18,933,1200,1067,Thane,Maharashtra,,,,,,not found,
2015-09-01,Kalyan,bitter gourd,2015,September,442,840,1060,940,Thane,Maharashtra,,,,,,not found,
2016-09-01,Kalyan,bitter gourd,2016,September,54,933,1211,1092,Thane,Maharashtra,,,,,,not found,
2016-11-01,Kalyan,bitter gourd,2016,November,36,1408,1867,1658,Thane,Maharashtra,,,,,,not found,
