date,APMC,Commodity,Year,Month,arrivals_in_qtl,min_price,max_price,modal_price,district_name,state_name,commodity,year,Type,msprice,msp_filter,seasonality,deseasonal,Peak seasonal price fluctuation %,Raw vs MSP diff,Desasonal vs MSP diff
2016-04-01,Dondaicha-Sindkheda,bajri,2016,April,416,1338,1586,1508,Dhule,Maharashtra,bajri,2016,Kharif Crops,1330.0,1,additive,,27.002689743889597,178.0,
2016-08-01,Dondaicha-Sindkheda,bajri,2016,August,94,1411,1588,1500,Dhule,Maharashtra,bajri,2016,Kharif Crops,1330.0,1,additive,1460.25,27.002689743889597,170.0,130.25
2015-12-01,Dondaicha-Sindkheda,bajri,2015,December,582,1240,1366,1333,Dhule,Maharashtra,bajri,2015,Kharif Crops,1275.0,1,additive,1372.5,27.002689743889597,58.0,97.5
2016-02-01,Dondaicha-Sindkheda,bajri,2016,February,202,1270,1362,1324,Dhule,Maharashtra,bajri,2016,Kharif Crops,1330.0,1,additive,1331.0,27.002689743889597,-6.0,1.0
2016-01-01,Dondaicha-Sindkheda,bajri,2016,January,306,1321,1377,1343,Dhule,Maharashtra,bajri,2016,Kharif Crops,1330.0,1,additive,1455.0,27.002689743889597,13.0,125.0
2016-07-01,Dondaicha-Sindkheda,bajri,2016,July,9,1507,1817,1810,Dhule,Maharashtra,bajri,2016,Kharif Crops,1330.0,1,additive,1628.75,27.002689743889597,480.0,298.75
2016-06-01,Dondaicha-Sindkheda,bajri,2016,June,127,1435,1634,1552,Dhule,Maharashtra,bajri,2016,Kharif Crops,1330.0,1,additive,1569.75,27.002689743889597,222.0,239.75
2016-03-01,Dondaicha-Sindkheda,bajri,2016,March,106,1327,1420,1365,Dhule,Maharashtra,bajri,2016,Kharif Crops,1330.0,1,additive,1481.25,27.002689743889597,35.0,151.25
2016-05-01,Dondaicha-Sindkheda,bajri,2016,May,433,1461,1720,1643,Dhule,Maharashtra,bajri,2016,Kharif Crops,1330.0,1,additive,1455.0,27.002689743889597,313.0,125.0
2016-10-01,Dondaicha-Sindkheda,bajri,2016,October,797,1086,1337,1169,Dhule,Maharashtra,bajri,2016,Kharif Crops,1330.0,1,additive,1346.0,27.002689743889597,-161.0,16.0
2016-09-01,Dondaicha-Sindkheda,bajri,2016,September,101,1292,1487,1403,Dhule,Maharashtra,bajri,2016,Kharif Crops,1330.0,1,additive,1281.75,27.002689743889597,73.0,-48.25
2016-11-01,Dondaicha-Sindkheda,bajri,2016,November,143,1084,1243,1152,Dhule,Maharashtra,bajri,2016,Kharif Crops,1330.0,1,additive,,27.002689743889597,-178.0,
