date,APMC,Commodity,Year,Month,arrivals_in_qtl,min_price,max_price,modal_price,district_name,state_name,commodity,year,Type,msprice,msp_filter,seasonality,deseasonal
2015-04-01,Jalgaon,bitter gourd,2015,April,157,1874,2658,2237,Jalgaon,Maharashtra,,,,,,not found,
2016-04-01,Jalgaon,bitter gourd,2016,April,52,3564,3909,3700,Jalgaon,Maharashtra,,,,,,not found,
2015-08-01,Jalgaon,bitter gourd,2015,August,178,1847,2947,2347,Jalgaon,Maharashtra,,,,,,not found,
2016-08-01,Jalgaon,bitter gourd,2016,August,172,1578,2396,1939,Jalgaon,Maharashtra,,,,,,not found,
2014-12-01,Jalgaon,bitter gourd,2014,December,62,2900,3036,2982,Jalgaon,Maharashtra,,,,,,not found,
2015-12-01,Jalgaon,bitter gourd,2015,December,77,2350,2842,2583,Jalgaon,Maharashtra,,,,,,not found,
2015-02-01,Jalgaon,bitter gourd,2015,February,30,3250,4000,3550,Jalgaon,Maharashtra,,,,,,not found,
2016-02-01,Jalgaon,bitter gourd,2016,February,22,2983,3483,3217,Jalgaon,Maharashtra,,,,,,not found,
2015-01-01,Jalgaon,bitter gourd,2015,January,58,3131,3385,3269,Jalgaon,Maharashtra,,,,,,not found,
2016-01-01,Jalgaon,bitter gourd,2016,January,47,2791,3191,3000,Jalgaon,Maharashtra,,,,,,not found,
2015-07-01,Jalgaon,bitter gourd,2015,July,153,2104,3348,2678,Jalgaon,Maharashtra,,,,,,not found,
2016-07-01,Jalgaon,bitter gourd,2016,July,144,3587,4939,4183,Jalgaon,Maharashtra,,,,,,not found,
2015-06-01,Jalgaon,bitter gourd,2015,June,161,2150,3316,2768,Jalgaon,Maharashtra,,,,,,not found,
2016-06-01,Jalgaon,bitter gourd,2016,June,122,3083,4300,3657,Jalgaon,Maharashtra,,,,,,not found,
2015-03-01,Jalgaon,bitter gourd,2015,March,78,2982,4412,3618,Jalgaon,Maharashtra,,,,,,not found,
2016-03-01,Jalgaon,bitter gourd,2016,March,47,3133,4611,3811,Jalgaon,Maharashtra,,,,,,not found,
2015-05-01,Jalgaon,bitter gourd,2015,May,161,1100,1976,1469,Jalgaon,Maharashtra,,,,,,not found,
2016-05-01,Jalgaon,bitter gourd,2016,May,83,3225,3750,3469,Jalgaon,Maharashtra,,,,,,not found,
2014-11-01,Jalgaon,bitter gourd,2014,November,77,2600,3788,3131,Jalgaon,Maharashtra,,,,,,not found,
2015-11-01,Jalgaon,bitter gourd,2015,November,101,2338,2763,2525,Jalgaon,Maharashtra,,,,,,not found,
2014-10-01,Jalgaon,bitter gourd,2014,October,89,2471,3559,3024,Jalgaon,Maharashtra,,,,,,not found,
2015-10-01,Jalgaon,bitter gourd,2015,October,139,1836,2564,2214,Jalgaon,Maharashtra,,,,,,not found,
2016-10-01,Jalgaon,bitter gourd,2016,October,167,1714,3236,2345,Jalgaon,Maharashtra,,,,,,not found,
2014-09-01,Jalgaon,bitter gourd,2014,September,106,2100,3394,2700,Jalgaon,Maharashtra,,,,,,not found,
2015-09-01,Jalgaon,bitter gourd,2015,September,190,1661,2700,2172,Jalgaon,Maharashtra,,,,,,not found,
2016-09-01,Jalgaon,bitter gourd,2016,September,158,1171,2186,1695,Jalgaon,Maharashtra,,,,,,not found,
2016-11-01,Jalgaon,bitter gourd,2016,November,131,1605,2860,2160,Jalgaon,Maharashtra,,,,,,not found,
