date,APMC,Commodity,Year,Month,arrivals_in_qtl,min_price,max_price,modal_price,district_name,state_name,commodity,year,Type,msprice,msp_filter,seasonality,deseasonal,Peak seasonal price fluctuation %
2015-08-01,Jalna,banana,2015,August,240,411,767,580,Jalna,Maharashtra,,,,,,additive,,105.87072243346009
2014-12-01,Jalna,banana,2014,December,245,303,722,473,Jalna,Maharashtra,,,,,,additive,477.25,105.87072243346009
2015-12-01,Jalna,banana,2015,December,125,277,517,383,Jalna,Maharashtra,,,,,,additive,384.75,105.87072243346009
2016-02-01,Jalna,banana,2016,February,25,175,400,300,Jalna,Maharashtra,,,,,,additive,357.0,105.87072243346009
2015-01-01,Jalna,banana,2015,January,90,280,650,445,Jalna,Maharashtra,,,,,,additive,472.5,105.87072243346009
2015-07-01,Jalna,banana,2015,July,20,500,1000,700,Jalna,Maharashtra,,,,,,additive,623.75,105.87072243346009
2014-11-01,Jalna,banana,2014,November,105,410,850,650,Jalna,Maharashtra,,,,,,additive,600.0,105.87072243346009
2015-11-01,Jalna,banana,2015,November,110,207,650,400,Jalna,Maharashtra,,,,,,additive,644.5,105.87072243346009
2014-10-01,Jalna,banana,2014,October,206,477,1440,1128,Jalna,Maharashtra,,,,,,additive,778.5,105.87072243346009
2015-10-01,Jalna,banana,2015,October,230,293,757,458,Jalna,Maharashtra,,,,,,additive,660.25,105.87072243346009
2014-09-01,Jalna,banana,2014,September,384,389,942,597,Jalna,Maharashtra,,,,,,additive,528.25,105.87072243346009
2015-09-01,Jalna,banana,2015,September,290,336,670,461,Jalna,Maharashtra,,,,,,additive,,105.87072243346009
