date,APMC,Commodity,Year,Month,arrivals_in_qtl,min_price,max_price,modal_price,district_name,state_name,commodity,year,Type,msprice,msp_filter,seasonality,deseasonal,Peak seasonal price fluctuation %
2016-04-01,Murbad,bitter gourd,2016,April,280,3817,4450,4100,Thane,Maharashtra,,,,,,additive,,90.41109266673176
2015-08-01,Murbad,bitter gourd,2015,August,574,4369,4588,4138,Thane,Maharashtra,,,,,,additive,4158.75,90.41109266673176
2016-08-01,Murbad,bitter gourd,2016,August,470,3841,4818,4259,Thane,Maharashtra,,,,,,additive,3851.5,90.41109266673176
2014-12-01,Murbad,bitter gourd,2014,December,42,2950,3186,2750,Thane,Maharashtra,,,,,,additive,3429.0,90.41109266673176
2015-12-01,Murbad,bitter gourd,2015,December,960,3995,4286,3957,Thane,Maharashtra,,,,,,additive,3896.0,90.41109266673176
2015-02-01,Murbad,bitter gourd,2015,February,15,5240,5420,4920,Thane,Maharashtra,,,,,,additive,4567.0,90.41109266673176
2016-02-01,Murbad,bitter gourd,2016,February,725,4253,4712,4471,Thane,Maharashtra,,,,,,additive,4776.25,90.41109266673176
2015-01-01,Murbad,bitter gourd,2015,January,42,5464,5693,5243,Thane,Maharashtra,,,,,,additive,4958.75,90.41109266673176
2016-01-01,Murbad,bitter gourd,2016,January,927,4635,5165,4878,Thane,Maharashtra,,,,,,additive,5058.0,90.41109266673176
2015-07-01,Murbad,bitter gourd,2015,July,752,5433,5611,5233,Thane,Maharashtra,,,,,,additive,5711.0,90.41109266673176
2016-07-01,Murbad,bitter gourd,2016,July,403,6972,8044,7500,Thane,Maharashtra,,,,,,additive,6397.5,90.41109266673176
2015-06-01,Murbad,bitter gourd,2015,June,584,5579,5757,5357,Thane,Maharashtra,,,,,,additive,5957.0,90.41109266673176
2016-06-01,Murbad,bitter gourd,2016,June,762,5250,5968,5614,Thane,Maharashtra,,,,,,additive,5183.75,90.41109266673176
2015-03-01,Murbad,bitter gourd,2015,March,6,4350,4450,4150,Thane,Maharashtra,,,,,,additive,4698.5,90.41109266673176
2016-03-01,Murbad,bitter gourd,2016,March,197,4600,5100,4880,Thane,Maharashtra,,,,,,additive,4909.25,90.41109266673176
2015-05-01,Murbad,bitter gourd,2015,May,33,5918,6073,5727,Thane,Maharashtra,,,,,,additive,5040.0,90.41109266673176
2016-05-01,Murbad,bitter gourd,2016,May,737,3621,4068,3826,Thane,Maharashtra,,,,,,additive,4098.0,90.41109266673176
2014-11-01,Murbad,bitter gourd,2014,November,387,3244,3431,3013,Thane,Maharashtra,,,,,,additive,3303.25,90.41109266673176
2015-11-01,Murbad,bitter gourd,2015,November,933,3604,3804,3361,Thane,Maharashtra,,,,,,additive,2869.5,90.41109266673176
2014-10-01,Murbad,bitter gourd,2014,October,270,1886,2114,1743,Thane,Maharashtra,,,,,,additive,2444.75,90.41109266673176
2015-10-01,Murbad,bitter gourd,2015,October,1025,3172,3352,2932,Thane,Maharashtra,,,,,,additive,2218.75,90.41109266673176
2016-10-01,Murbad,bitter gourd,2016,October,479,1042,1458,1268,Thane,Maharashtra,,,,,,additive,1997.0,90.41109266673176
2014-09-01,Murbad,bitter gourd,2014,September,220,2700,3040,2520,Thane,Maharashtra,,,,,,additive,2077.0,90.41109266673176
2015-09-01,Murbad,bitter gourd,2015,September,298,2186,2386,2000,Thane,Maharashtra,,,,,,additive,2051.0,90.41109266673176
2016-09-01,Murbad,bitter gourd,2016,September,344,1418,1926,1684,Thane,Maharashtra,,,,,,additive,2063.5,90.41109266673176
2016-11-01,Murbad,bitter gourd,2016,November,661,2533,3243,2886,Thane,Maharashtra,,,,,,additive,,90.41109266673176
