date,APMC,Commodity,Year,Month,arrivals_in_qtl,min_price,max_price,modal_price,district_name,state_name,commodity,year,Type,msprice,msp_filter,seasonality,deseasonal,Peak seasonal price fluctuation %,Raw vs MSP diff,Desasonal vs MSP diff
2015-04-01,Kalvan,bajri,2015,April,460,1156,1365,1259,Nasik,Maharashtra,bajri,2015,Kharif Crops,1275.0,1,additive,,30.122492933100013,-16.0,
2016-04-01,Kalvan,bajri,2016,April,366,1480,1965,1824,Nasik,Maharashtra,bajri,2016,Kharif Crops,1330.0,1,additive,1560.5,30.122492933100013,494.0,230.5
2015-08-01,Kalvan,bajri,2015,August,224,1284,1441,1335,Nasik,Maharashtra,bajri,2015,Kharif Crops,1275.0,1,additive,1512.5,30.122492933100013,60.0,237.5
2016-08-01,Kalvan,bajri,2016,August,38,1488,1626,1556,Nasik,Maharashtra,bajri,2016,Kharif Crops,1330.0,1,additive,1422.0,30.122492933100013,226.0,92.0
2014-12-01,Kalvan,bajri,2014,December,419,1132,1335,1241,Nasik,Maharashtra,bajri,2014,Kharif Crops,1250.0,1,additive,1358.25,30.122492933100013,-9.0,108.25
2015-12-01,Kalvan,bajri,2015,December,272,1341,1473,1395,Nasik,Maharashtra,bajri,2015,Kharif Crops,1275.0,1,additive,1298.75,30.122492933100013,120.0,23.75
2015-02-01,Kalvan,bajri,2015,February,189,1109,1218,1164,Nasik,Maharashtra,bajri,2015,Kharif Crops,1275.0,1,additive,1307.5,30.122492933100013,-111.0,32.5
2016-02-01,Kalvan,bajri,2016,February,148,1412,1596,1507,Nasik,Maharashtra,bajri,2016,Kharif Crops,1330.0,1,additive,1342.25,30.122492933100013,177.0,12.25
2015-01-01,Kalvan,bajri,2015,January,194,1156,1255,1191,Nasik,Maharashtra,bajri,2015,Kharif Crops,1275.0,1,additive,1343.5,30.122492933100013,-84.0,68.5
2016-01-01,Kalvan,bajri,2016,January,181,1405,1533,1485,Nasik,Maharashtra,bajri,2016,Kharif Crops,1330.0,1,additive,1365.75,30.122492933100013,155.0,35.75
2015-07-01,Kalvan,bajri,2015,July,308,1246,1371,1302,Nasik,Maharashtra,bajri,2015,Kharif Crops,1275.0,1,additive,1467.5,30.122492933100013,27.0,192.5
2016-07-01,Kalvan,bajri,2016,July,67,1581,1816,1781,Nasik,Maharashtra,bajri,2016,Kharif Crops,1330.0,1,additive,1526.0,30.122492933100013,451.0,196.0
2015-06-01,Kalvan,bajri,2015,June,875,1122,1327,1240,Nasik,Maharashtra,bajri,2015,Kharif Crops,1275.0,1,additive,1493.25,30.122492933100013,-35.0,218.25
2016-06-01,Kalvan,bajri,2016,June,359,1537,1786,1712,Nasik,Maharashtra,bajri,2016,Kharif Crops,1330.0,1,additive,1453.0,30.122492933100013,382.0,123.0
2015-03-01,Kalvan,bajri,2015,March,276,1130,1252,1148,Nasik,Maharashtra,bajri,2015,Kharif Crops,1275.0,1,additive,1396.25,30.122492933100013,-127.0,121.25
2016-03-01,Kalvan,bajri,2016,March,252,1377,1652,1577,Nasik,Maharashtra,bajri,2016,Kharif Crops,1330.0,1,additive,1393.25,30.122492933100013,247.0,63.25
2015-05-01,Kalvan,bajri,2015,May,1429,1123,1358,1271,Nasik,Maharashtra,bajri,2015,Kharif Crops,1275.0,1,additive,1494.5,30.122492933100013,-4.0,219.5
2016-05-01,Kalvan,bajri,2016,May,440,1594,3006,1859,Nasik,Maharashtra,bajri,2016,Kharif Crops,1330.0,1,additive,1574.75,30.122492933100013,529.0,244.75
2014-11-01,Kalvan,bajri,2014,November,997,1101,1460,1310,Nasik,Maharashtra,bajri,2014,Kharif Crops,1250.0,1,additive,1477.25,30.122492933100013,60.0,227.25
2015-11-01,Kalvan,bajri,2015,November,397,1329,1497,1430,Nasik,Maharashtra,bajri,2015,Kharif Crops,1275.0,1,additive,1351.5,30.122492933100013,155.0,76.5
2014-10-01,Kalvan,bajri,2014,October,618,1056,1368,1236,Nasik,Maharashtra,bajri,2014,Kharif Crops,1250.0,1,additive,1308.75,30.122492933100013,-14.0,58.75
2015-10-01,Kalvan,bajri,2015,October,1060,1221,1454,1333,Nasik,Maharashtra,bajri,2015,Kharif Crops,1275.0,1,additive,1335.5,30.122492933100013,58.0,60.5
2016-10-01,Kalvan,bajri,2016,October,1510,1292,1597,1440,Nasik,Maharashtra,bajri,2016,Kharif Crops,1330.0,1,additive,1406.25,30.122492933100013,110.0,76.25
2015-09-01,Kalvan,bajri,2015,September,80,1386,1520,1412,Nasik,Maharashtra,bajri,2015,Kharif Crops,1275.0,1,additive,1473.75,30.122492933100013,137.0,198.75
2016-09-01,Kalvan,bajri,2016,September,279,1417,1731,1631,Nasik,Maharashtra,bajri,2016,Kharif Crops,1330.0,1,additive,1545.0,30.122492933100013,301.0,215.0
2016-11-01,Kalvan,bajri,2016,November,242,1359,1650,1506,Nasik,Maharashtra,bajri,2016,Kharif Crops,1330.0,1,additive,,30.122492933100013,176.0,
