date,APMC,Commodity,Year,Month,arrivals_in_qtl,min_price,max_price,modal_price,district_name,state_name,commodity,year,Type,msprice,msp_filter,seasonality,deseasonal
2015-04-01,Pune,bitter gourd,2015,April,2147,1916,2911,2413,Pune,Maharashtra,,,,,,not found,
2016-04-01,Pune,bitter gourd,2016,April,1678,2945,4545,4145,Pune,Maharashtra,,,,,,not found,
2015-08-01,Pune,bitter gourd,2015,August,3570,1617,2538,2171,Pune,Maharashtra,,,,,,not found,
2016-08-01,Pune,bitter gourd,2016,August,5523,1400,2462,2142,Pune,Maharashtra,,,,,,not found,
2014-12-01,Pune,bitter gourd,2014,December,1345,2384,3724,3054,Pune,Maharashtra,,,,,,not found,
2015-12-01,Pune,bitter gourd,2015,December,908,2500,3871,3457,Pune,Maharashtra,,,,,,not found,
2015-02-01,Pune,bitter gourd,2015,February,928,2714,4010,3362,Pune,Maharashtra,,,,,,not found,
2016-02-01,Pune,bitter gourd,2016,February,1990,2957,4761,4374,Pune,Maharashtra,,,,,,not found,
2015-01-01,Pune,bitter gourd,2015,January,643,2816,4237,3526,Pune,Maharashtra,,,,,,not found,
2016-01-01,Pune,bitter gourd,2016,January,1038,2958,4454,4088,Pune,Maharashtra,,,,,,not found,
2015-07-01,Pune,bitter gourd,2015,July,3286,2023,3062,2681,Pune,Maharashtra,,,,,,not found,
2016-07-01,Pune,bitter gourd,2016,July,2197,2771,4583,4163,Pune,Maharashtra,,,,,,not found,
2015-06-01,Pune,bitter gourd,2015,June,1581,2196,3474,2924,Pune,Maharashtra,,,,,,not found,
2016-06-01,Pune,bitter gourd,2016,June,2752,2388,4880,4536,Pune,Maharashtra,,,,,,not found,
2015-03-01,Pune,bitter gourd,2015,March,2118,2560,3652,3106,Pune,Maharashtra,,,,,,not found,
2016-03-01,Pune,bitter gourd,2016,March,1963,2957,4509,4139,Pune,Maharashtra,,,,,,not found,
2015-05-01,Pune,bitter gourd,2015,May,1295,1933,3162,2552,Pune,Maharashtra,,,,,,not found,
2016-05-01,Pune,bitter gourd,2016,May,2018,2500,4343,3952,Pune,Maharashtra,,,,,,not found,
2014-11-01,Pune,bitter gourd,2014,November,2036,2190,3275,2733,Pune,Maharashtra,,,,,,not found,
2015-11-01,Pune,bitter gourd,2015,November,1506,1856,2744,2411,Pune,Maharashtra,,,,,,not found,
2014-10-01,Pune,bitter gourd,2014,October,1161,1426,2211,1818,Pune,Maharashtra,,,,,,not found,
2015-10-01,Pune,bitter gourd,2015,October,2491,1871,2652,2376,Pune,Maharashtra,,,,,,not found,
2016-10-01,Pune,bitter gourd,2016,October,4098,1324,2248,1964,Pune,Maharashtra,,,,,,not found,
2014-09-01,Pune,bitter gourd,2014,September,2548,1856,3100,2478,Pune,Maharashtra,,,,,,not found,
2015-09-01,Pune,bitter gourd,2015,September,3726,945,1714,1436,Pune,Maharashtra,,,,,,not found,
2016-09-01,Pune,bitter gourd,2016,September,4833,764,1468,1218,Pune,Maharashtra,,,,,,not found,
2016-11-01,Pune,bitter gourd,2016,November,2556,1316,2212,1896,Pune,Maharashtra,,,,,,not found,
