date,APMC,Commodity,Year,Month,arrivals_in_qtl,min_price,max_price,modal_price,district_name,state_name,commodity,year,Type,msprice,msp_filter,seasonality,deseasonal,Peak seasonal price fluctuation %
2014-10-01,Kille Dharur,black gram,2014,October,6,4384,4401,4401,Beed,Maharashtra,,,,,,additive,,33.614314115308154
2016-10-01,Kille Dharur,black gram,2016,October,39,5972,6343,6265,Beed,Maharashtra,,,,,,additive,6333.0,33.614314115308154
2015-09-01,Kille Dharur,black gram,2015,September,2,8401,8401,8401,Beed,Maharashtra,,,,,,additive,7287.5,33.614314115308154
2016-11-01,Kille Dharur,black gram,2016,November,10,5917,6293,6083,Beed,Maharashtra,,,,,,additive,,33.614314115308154
