date,APMC,Commodity,Year,Month,arrivals_in_qtl,min_price,max_price,modal_price,district_name,state_name,commodity,year,Type,msprice,msp_filter,seasonality,deseasonal,Peak seasonal price fluctuation %,Raw vs MSP diff,Desasonal vs MSP diff
2016-08-01,Pachora,bajri,2016,August,822,1441,1769,1605,Jalgaon,Maharashtra,bajri,2016,Kharif Crops,1330.0,1,additive,,17.960288808664256,275.0,
2015-12-01,Pachora,bajri,2015,December,1071,1460,1499,1417,Jalgaon,Maharashtra,bajri,2015,Kharif Crops,1275.0,1,additive,1474.25,17.960288808664256,142.0,199.25
2016-02-01,Pachora,bajri,2016,February,305,1394,1523,1458,Jalgaon,Maharashtra,bajri,2016,Kharif Crops,1330.0,1,additive,1435.25,17.960288808664256,128.0,105.25
2016-01-01,Pachora,bajri,2016,January,1626,1336,1645,1408,Jalgaon,Maharashtra,bajri,2016,Kharif Crops,1330.0,1,additive,1496.75,17.960288808664256,78.0,166.75
2016-07-01,Pachora,bajri,2016,July,274,1592,1835,1713,Jalgaon,Maharashtra,bajri,2016,Kharif Crops,1330.0,1,additive,1616.25,17.960288808664256,383.0,286.25
2016-06-01,Pachora,bajri,2016,June,1055,1468,1793,1631,Jalgaon,Maharashtra,bajri,2016,Kharif Crops,1330.0,1,additive,1669.0,17.960288808664256,301.0,339.0
2016-05-01,Pachora,bajri,2016,May,2360,1542,1865,1701,Jalgaon,Maharashtra,bajri,2016,Kharif Crops,1330.0,1,additive,1606.25,17.960288808664256,371.0,276.25
2015-11-01,Pachora,bajri,2015,November,270,1344,1441,1392,Jalgaon,Maharashtra,bajri,2015,Kharif Crops,1275.0,1,additive,1457.0,17.960288808664256,117.0,182.0
2016-10-01,Pachora,bajri,2016,October,2319,1101,1561,1343,Jalgaon,Maharashtra,bajri,2016,Kharif Crops,1330.0,1,additive,1365.75,17.960288808664256,13.0,35.75
2015-09-01,Pachora,bajri,2015,September,1500,1359,1411,1385,Jalgaon,Maharashtra,bajri,2015,Kharif Crops,1275.0,1,additive,1394.0,17.960288808664256,110.0,119.0
2016-09-01,Pachora,bajri,2016,September,1012,1232,1694,1463,Jalgaon,Maharashtra,bajri,2016,Kharif Crops,1330.0,1,additive,1380.75,17.960288808664256,133.0,50.75
2016-11-01,Pachora,bajri,2016,November,434,1074,1351,1212,Jalgaon,Maharashtra,bajri,2016,Kharif Crops,1330.0,1,additive,,17.960288808664256,-118.0,
