date,APMC,Commodity,Year,Month,arrivals_in_qtl,min_price,max_price,modal_price,district_name,state_name,commodity,year,Type,msprice,msp_filter,seasonality,deseasonal,Peak seasonal price fluctuation %
2015-04-01,Lonar,black gram,2015,April,6,5500,6000,5750,Buldhana,Maharashtra,,,,,,additive,,50.489627502804666
2015-08-01,Lonar,black gram,2015,August,21,6292,7111,6685,Buldhana,Maharashtra,,,,,,additive,6016.5,50.489627502804666
2016-08-01,Lonar,black gram,2016,August,11,4808,5083,4946,Buldhana,Maharashtra,,,,,,additive,5460.0,50.489627502804666
2014-12-01,Lonar,black gram,2014,December,375,4900,5625,5263,Buldhana,Maharashtra,,,,,,additive,5863.5,50.489627502804666
2015-12-01,Lonar,black gram,2015,December,81,6769,9194,7982,Buldhana,Maharashtra,,,,,,additive,6598.5,50.489627502804666
2015-02-01,Lonar,black gram,2015,February,45,4833,5500,5167,Buldhana,Maharashtra,,,,,,additive,6038.5,50.489627502804666
2015-01-01,Lonar,black gram,2015,January,210,5575,6100,5838,Buldhana,Maharashtra,,,,,,additive,6117.0,50.489627502804666
2016-01-01,Lonar,black gram,2016,January,12,6650,8600,7625,Buldhana,Maharashtra,,,,,,additive,6488.75,50.489627502804666
2015-07-01,Lonar,black gram,2015,July,24,6269,6876,4867,Buldhana,Maharashtra,,,,,,additive,6064.75,50.489627502804666
2016-07-01,Lonar,black gram,2016,July,19,6700,7100,6900,Buldhana,Maharashtra,,,,,,additive,6328.5,50.489627502804666
2015-06-01,Lonar,black gram,2015,June,223,6539,7195,6647,Buldhana,Maharashtra,,,,,,additive,7095.0,50.489627502804666
2016-06-01,Lonar,black gram,2016,June,12,7140,9231,8186,Buldhana,Maharashtra,,,,,,additive,7822.25,50.489627502804666
2016-03-01,Lonar,black gram,2016,March,350,7950,8590,8270,Buldhana,Maharashtra,,,,,,additive,7746.0,50.489627502804666
2015-05-01,Lonar,black gram,2015,May,99,5967,6517,6258,Buldhana,Maharashtra,,,,,,additive,6874.75,50.489627502804666
2016-05-01,Lonar,black gram,2016,May,6,6256,7170,6713,Buldhana,Maharashtra,,,,,,additive,6121.0,50.489627502804666
2014-11-01,Lonar,black gram,2014,November,1320,4575,5325,4800,Buldhana,Maharashtra,,,,,,additive,6039.0,50.489627502804666
2015-11-01,Lonar,black gram,2015,November,50,6814,8800,7843,Buldhana,Maharashtra,,,,,,additive,6268.5,50.489627502804666
2014-10-01,Lonar,black gram,2014,October,3135,4375,4800,4588,Buldhana,Maharashtra,,,,,,additive,6728.0,50.489627502804666
2015-10-01,Lonar,black gram,2015,October,403,9000,11800,9893,Buldhana,Maharashtra,,,,,,additive,7813.0,50.489627502804666
2016-10-01,Lonar,black gram,2016,October,2820,6588,7203,6878,Buldhana,Maharashtra,,,,,,additive,7076.5,50.489627502804666
2014-09-01,Lonar,black gram,2014,September,1176,4358,4956,4657,Buldhana,Maharashtra,,,,,,additive,6144.25,50.489627502804666
2015-09-01,Lonar,black gram,2015,September,919,7715,8905,8385,Buldhana,Maharashtra,,,,,,additive,7066.0,50.489627502804666
2016-09-01,Lonar,black gram,2016,September,3143,6626,7063,6837,Buldhana,Maharashtra,,,,,,additive,7213.5,50.489627502804666
2016-11-01,Lonar,black gram,2016,November,128,6370,7210,6795,Buldhana,Maharashtra,,,,,,additive,,50.489627502804666
