date,APMC,Commodity,Year,Month,arrivals_in_qtl,min_price,max_price,modal_price,district_name,state_name,commodity,year,Type,msprice,msp_filter,seasonality,deseasonal,Peak seasonal price fluctuation %
2015-08-01,Mehkar,black gram,2015,August,19,6167,7433,6967,Buldhana,Maharashtra,,,,,,additive,,66.56852023218643
2014-12-01,Mehkar,black gram,2014,December,225,4189,5214,4863,Buldhana,Maharashtra,,,,,,additive,6459.75,66.56852023218643
2015-12-01,Mehkar,black gram,2015,December,287,8083,9703,9146,Buldhana,Maharashtra,,,,,,additive,6971.5,66.56852023218643
2015-02-01,Mehkar,black gram,2015,February,61,4579,4932,4731,Buldhana,Maharashtra,,,,,,additive,6683.5,66.56852023218643
2016-02-01,Mehkar,black gram,2016,February,93,7770,8463,8126,Buldhana,Maharashtra,,,,,,additive,6601.5,66.56852023218643
2015-01-01,Mehkar,black gram,2015,January,171,4610,5738,5423,Buldhana,Maharashtra,,,,,,additive,6891.25,66.56852023218643
2016-01-01,Mehkar,black gram,2016,January,183,8051,9024,8593,Buldhana,Maharashtra,,,,,,additive,7402.25,66.56852023218643
2015-07-01,Mehkar,black gram,2015,July,5,6000,7425,7000,Buldhana,Maharashtra,,,,,,additive,8673.25,66.56852023218643
2016-06-01,Mehkar,black gram,2016,June,34,11900,12501,12100,Buldhana,Maharashtra,,,,,,additive,9056.75,66.56852023218643
2015-03-01,Mehkar,black gram,2015,March,59,4426,5239,5027,Buldhana,Maharashtra,,,,,,additive,7688.5,66.56852023218643
2016-03-01,Mehkar,black gram,2016,March,6,8500,8900,8600,Buldhana,Maharashtra,,,,,,additive,6714.5,66.56852023218643
2014-11-01,Mehkar,black gram,2014,November,199,3935,5005,4631,Buldhana,Maharashtra,,,,,,additive,6698.5,66.56852023218643
2015-11-01,Mehkar,black gram,2015,November,205,8032,9446,8932,Buldhana,Maharashtra,,,,,,additive,8030.75,66.56852023218643
2015-10-01,Mehkar,black gram,2015,October,651,7791,11136,9628,Buldhana,Maharashtra,,,,,,additive,8758.5,66.56852023218643
2016-10-01,Mehkar,black gram,2016,October,1470,6416,7243,6846,Buldhana,Maharashtra,,,,,,additive,7698.5,66.56852023218643
2015-09-01,Mehkar,black gram,2015,September,1382,7112,8919,7474,Buldhana,Maharashtra,,,,,,additive,7120.5,66.56852023218643
2016-09-01,Mehkar,black gram,2016,September,1146,6427,6980,6688,Buldhana,Maharashtra,,,,,,additive,6708.0,66.56852023218643
2016-11-01,Mehkar,black gram,2016,November,154,5445,6521,5982,Buldhana,Maharashtra,,,,,,additive,,66.56852023218643
