date,APMC,Commodity,Year,Month,arrivals_in_qtl,min_price,max_price,modal_price,district_name,state_name,commodity,year,Type,msprice,msp_filter,seasonality,deseasonal,Peak seasonal price fluctuation %
2015-04-01,Shahada,black gram,2015,April,1,6076,6076,6076,Nandurbar,Maharashtra,,,,,,additive,,65.83210352563829
2014-12-01,Shahada,black gram,2014,December,112,5024,5440,5402,Nandurbar,Maharashtra,,,,,,additive,6090.25,65.83210352563829
2015-12-01,Shahada,black gram,2015,December,78,6505,8254,7481,Nandurbar,Maharashtra,,,,,,additive,6340.75,65.83210352563829
2015-02-01,Shahada,black gram,2015,February,2,4999,4999,4999,Nandurbar,Maharashtra,,,,,,additive,5762.5,65.83210352563829
2015-01-01,Shahada,black gram,2015,January,22,5559,5629,5571,Nandurbar,Maharashtra,,,,,,additive,5666.75,65.83210352563829
2016-01-01,Shahada,black gram,2016,January,3,6526,6526,6526,Nandurbar,Maharashtra,,,,,,additive,7355.75,65.83210352563829
2016-06-01,Shahada,black gram,2016,June,2,10800,10800,10800,Nandurbar,Maharashtra,,,,,,additive,8386.0,65.83210352563829
2015-03-01,Shahada,black gram,2015,March,3,5418,5418,5418,Nandurbar,Maharashtra,,,,,,additive,7309.25,65.83210352563829
2015-05-01,Shahada,black gram,2015,May,1,7601,7601,7601,Nandurbar,Maharashtra,,,,,,additive,6458.5,65.83210352563829
2014-11-01,Shahada,black gram,2014,November,256,4974,5324,5214,Nandurbar,Maharashtra,,,,,,additive,6448.0,65.83210352563829
2015-11-01,Shahada,black gram,2015,November,71,6904,9035,7763,Nandurbar,Maharashtra,,,,,,additive,6467.25,65.83210352563829
2014-10-01,Shahada,black gram,2014,October,89,5084,5253,5129,Nandurbar,Maharashtra,,,,,,additive,6874.25,65.83210352563829
2015-10-01,Shahada,black gram,2015,October,236,8045,10340,9476,Nandurbar,Maharashtra,,,,,,additive,7470.0,65.83210352563829
2016-10-01,Shahada,black gram,2016,October,671,3956,6510,5799,Nandurbar,Maharashtra,,,,,,additive,6270.25,65.83210352563829
2014-09-01,Shahada,black gram,2014,September,1,4007,4007,4007,Nandurbar,Maharashtra,,,,,,additive,5410.25,65.83210352563829
2015-09-01,Shahada,black gram,2015,September,26,6901,8434,7828,Nandurbar,Maharashtra,,,,,,additive,6568.0,65.83210352563829
2016-09-01,Shahada,black gram,2016,September,638,5446,7014,6609,Nandurbar,Maharashtra,,,,,,additive,6643.5,65.83210352563829
2016-11-01,Shahada,black gram,2016,November,225,4596,5902,5528,Nandurbar,Maharashtra,,,,,,additive,,65.83210352563829
