date,APMC,Commodity,Year,Month,arrivals_in_qtl,min_price,max_price,modal_price,district_name,state_name,commodity,year,Type,msprice,msp_filter,seasonality,deseasonal,Raw vs MSP diff,Desasonal vs MSP diff
2015-04-01,Kopargaon,bajri,2015,April,354,1164,1469,1401,Ahmadnagar,Maharashtra,bajri,2015,Kharif Crops,1275.0,1,not found,,126.0,
2016-04-01,Kopargaon,bajri,2016,April,388,1603,2018,1750,Ahmadnagar,Maharashtra,bajri,2016,Kharif Crops,1330.0,1,not found,,420.0,
2015-08-01,Kopargaon,bajri,2015,August,198,1367,1509,1453,Ahmadnagar,Maharashtra,bajri,2015,Kharif Crops,1275.0,1,not found,,178.0,
2016-08-01,Kopargaon,bajri,2016,August,207,1467,1758,1606,Ahmadnagar,Maharashtra,bajri,2016,Kharif Crops,1330.0,1,not found,,276.0,
2014-12-01,Kopargaon,bajri,2014,December,864,1056,1464,1378,Ahmadnagar,Maharashtra,bajri,2014,Kharif Crops,1250.0,1,not found,,128.0,
2015-12-01,Kopargaon,bajri,2015,December,183,1621,1747,1713,Ahmadnagar,Maharashtra,bajri,2015,Kharif Crops,1275.0,1,not found,,438.0,
2015-02-01,Kopargaon,bajri,2015,February,6169,1065,1477,1411,Ahmadnagar,Maharashtra,bajri,2015,Kharif Crops,1275.0,1,not found,,136.0,
2016-02-01,Kopargaon,bajri,2016,February,121,1523,1681,1629,Ahmadnagar,Maharashtra,bajri,2016,Kharif Crops,1330.0,1,not found,,299.0,
2015-01-01,Kopargaon,bajri,2015,January,622,1091,1507,1400,Ahmadnagar,Maharashtra,bajri,2015,Kharif Crops,1275.0,1,not found,,125.0,
2016-01-01,Kopargaon,bajri,2016,January,126,1427,1582,1531,Ahmadnagar,Maharashtra,bajri,2016,Kharif Crops,1330.0,1,not found,,201.0,
2015-07-01,Kopargaon,bajri,2015,July,121,1270,1364,1343,Ahmadnagar,Maharashtra,bajri,2015,Kharif Crops,1275.0,1,not found,,68.0,
2016-07-01,Kopargaon,bajri,2016,July,27,1520,1871,1751,Ahmadnagar,Maharashtra,bajri,2016,Kharif Crops,1330.0,1,not found,,421.0,
2015-06-01,Kopargaon,bajri,2015,June,618,1037,1391,1335,Ahmadnagar,Maharashtra,bajri,2015,Kharif Crops,1275.0,1,not found,,60.0,
2016-06-01,Kopargaon,bajri,2016,June,112,1725,1874,1827,Ahmadnagar,Maharashtra,bajri,2016,Kharif Crops,1330.0,1,not found,,497.0,
2015-03-01,Kopargaon,bajri,2015,March,475,1119,1496,1407,Ahmadnagar,Maharashtra,bajri,2015,Kharif Crops,1275.0,1,not found,,132.0,
2016-03-01,Kopargaon,bajri,2016,March,100,1471,1657,1566,Ahmadnagar,Maharashtra,bajri,2016,Kharif Crops,1330.0,1,not found,,236.0,
2015-05-01,Kopargaon,bajri,2015,May,747,1086,1417,1358,Ahmadnagar,Maharashtra,bajri,2015,Kharif Crops,1275.0,1,not found,,83.0,
2016-05-01,Kopargaon,bajri,2016,May,365,1687,1949,1849,Ahmadnagar,Maharashtra,bajri,2016,Kharif Crops,1330.0,1,not found,,519.0,
2014-11-01,Kopargaon,bajri,2014,November,1167,1224,1503,1429,Ahmadnagar,Maharashtra,bajri,2014,Kharif Crops,1250.0,1,not found,,179.0,
2015-11-01,Kopargaon,bajri,2015,November,188,1443,1606,1541,Ahmadnagar,Maharashtra,bajri,2015,Kharif Crops,1275.0,1,not found,,266.0,
2014-10-01,Kopargaon,bajri,2014,October,644,1204,1451,1363,Ahmadnagar,Maharashtra,bajri,2014,Kharif Crops,1250.0,1,not found,,113.0,
2015-10-01,Kopargaon,bajri,2015,October,116,1280,1474,1437,Ahmadnagar,Maharashtra,bajri,2015,Kharif Crops,1275.0,1,not found,,162.0,
2016-10-01,Kopargaon,bajri,2016,October,2649,1209,1515,1391,Ahmadnagar,Maharashtra,bajri,2016,Kharif Crops,1330.0,1,not found,,61.0,
2014-09-01,Kopargaon,bajri,2014,September,466,1220,1472,1383,Ahmadnagar,Maharashtra,bajri,2014,Kharif Crops,1250.0,1,not found,,133.0,
2015-09-01,Kopargaon,bajri,2015,September,66,1340,1473,1450,Ahmadnagar,Maharashtra,bajri,2015,Kharif Crops,1275.0,1,not found,,175.0,
2016-09-01,Kopargaon,bajri,2016,September,439,1483,1667,1613,Ahmadnagar,Maharashtra,bajri,2016,Kharif Crops,1330.0,1,not found,,283.0,
2016-11-01,Kopargaon,bajri,2016,November,709,1138,1412,1320,Ahmadnagar,Maharashtra,bajri,2016,Kharif Crops,1330.0,1,not found,,-10.0,
