date,APMC,Commodity,Year,Month,arrivals_in_qtl,min_price,max_price,modal_price,district_name,state_name,commodity,year,Type,msprice,msp_filter,seasonality,deseasonal
2015-04-01,Pune,black gram,2015,April,77,7075,8017,7546,Pune,Maharashtra,,,,,,not found,
2016-04-01,Pune,black gram,2016,April,29,11857,13221,12836,Pune,Maharashtra,,,,,,not found,
2015-08-01,Pune,black gram,2015,August,83,8150,8975,8675,Pune,Maharashtra,,,,,,not found,
2016-08-01,Pune,black gram,2016,August,96,12244,13350,12983,Pune,Maharashtra,,,,,,not found,
2014-12-01,Pune,black gram,2014,December,73,5671,6529,6100,Pune,Maharashtra,,,,,,not found,
2015-12-01,Pune,black gram,2015,December,47,10067,11817,11181,Pune,Maharashtra,,,,,,not found,
2015-02-01,Pune,black gram,2015,February,46,6463,7263,6863,Pune,Maharashtra,,,,,,not found,
2016-02-01,Pune,black gram,2016,February,214,10678,12250,11756,Pune,Maharashtra,,,,,,not found,
2015-01-01,Pune,black gram,2015,January,64,6200,6909,6555,Pune,Maharashtra,,,,,,not found,
2016-01-01,Pune,black gram,2016,January,35,10571,12143,11657,Pune,Maharashtra,,,,,,not found,
2015-07-01,Pune,black gram,2015,July,72,7908,8967,8542,Pune,Maharashtra,,,,,,not found,
2016-07-01,Pune,black gram,2016,July,48,12745,14082,13732,Pune,Maharashtra,,,,,,not found,
2015-06-01,Pune,black gram,2015,June,94,8200,8963,8581,Pune,Maharashtra,,,,,,not found,
2016-06-01,Pune,black gram,2016,June,249,13280,14755,14323,Pune,Maharashtra,,,,,,not found,
2015-03-01,Pune,black gram,2015,March,105,6563,7283,6923,Pune,Maharashtra,,,,,,not found,
2016-03-01,Pune,black gram,2016,March,54,10347,12267,11887,Pune,Maharashtra,,,,,,not found,
2015-05-01,Pune,black gram,2015,May,95,7667,8467,8075,Pune,Maharashtra,,,,,,not found,
2016-05-01,Pune,black gram,2016,May,88,13200,14410,14055,Pune,Maharashtra,,,,,,not found,
2014-11-01,Pune,black gram,2014,November,21,5406,6100,5753,Pune,Maharashtra,,,,,,not found,
2015-11-01,Pune,black gram,2015,November,21,11540,12380,12070,Pune,Maharashtra,,,,,,not found,
2014-10-01,Pune,black gram,2014,October,209,4558,5131,4844,Pune,Maharashtra,,,,,,not found,
2015-10-01,Pune,black gram,2015,October,119,11879,13157,12627,Pune,Maharashtra,,,,,,not found,
2016-10-01,Pune,black gram,2016,October,80,7900,9064,8553,Pune,Maharashtra,,,,,,not found,
2014-09-01,Pune,black gram,2014,September,67,5853,6474,6166,Pune,Maharashtra,,,,,,not found,
2015-09-01,Pune,black gram,2015,September,103,8613,9575,9091,Pune,Maharashtra,,,,,,not found,
2016-09-01,Pune,black gram,2016,September,45,8546,9711,9183,Pune,Maharashtra,,,,,,not found,
2016-11-01,Pune,black gram,2016,November,74,7600,8595,8173,Pune,Maharashtra,,,,,,not found,
