date,APMC,Commodity,Year,Month,arrivals_in_qtl,min_price,max_price,modal_price,district_name,state_name,commodity,year,Type,msprice,msp_filter,seasonality,deseasonal,Raw vs MSP diff,Desasonal vs MSP diff
2015-08-01,Sillod,bajri,2015,August,303,1140,1263,1202,Aurangabad,Maharashtra,bajri,2015,Kharif Crops,1275.0,1,not found,,-73.0,
2016-08-01,Sillod,bajri,2016,August,165,1434,1534,1494,Aurangabad,Maharashtra,bajri,2016,Kharif Crops,1330.0,1,not found,,164.0,
2015-12-01,Sillod,bajri,2015,December,254,1253,1317,1285,Aurangabad,Maharashtra,bajri,2015,Kharif Crops,1275.0,1,not found,,10.0,
2016-02-01,Sillod,bajri,2016,February,36,1250,1350,1300,Aurangabad,Maharashtra,bajri,2016,Kharif Crops,1330.0,1,not found,,-30.0,
2016-01-01,Sillod,bajri,2016,January,20,1200,1283,1242,Aurangabad,Maharashtra,bajri,2016,Kharif Crops,1330.0,1,not found,,-88.0,
2015-07-01,Sillod,bajri,2015,July,282,1021,1292,1216,Aurangabad,Maharashtra,bajri,2015,Kharif Crops,1275.0,1,not found,,-59.0,
2016-07-01,Sillod,bajri,2016,July,80,1481,1631,1594,Aurangabad,Maharashtra,bajri,2016,Kharif Crops,1330.0,1,not found,,264.0,
2016-06-01,Sillod,bajri,2016,June,86,1550,1700,1625,Aurangabad,Maharashtra,bajri,2016,Kharif Crops,1330.0,1,not found,,295.0,
2016-03-01,Sillod,bajri,2016,March,15,1250,1350,1300,Aurangabad,Maharashtra,bajri,2016,Kharif Crops,1330.0,1,not found,,-30.0,
2016-05-01,Sillod,bajri,2016,May,102,1341,1525,1436,Aurangabad,Maharashtra,bajri,2016,Kharif Crops,1330.0,1,not found,,106.0,
2014-11-01,Sillod,bajri,2014,November,58,1320,1420,1370,Aurangabad,Maharashtra,bajri,2014,Kharif Crops,1250.0,1,not found,,120.0,
2015-11-01,Sillod,bajri,2015,November,204,1256,1350,1282,Aurangabad,Maharashtra,bajri,2015,Kharif Crops,1275.0,1,not found,,7.0,
2015-10-01,Sillod,bajri,2015,October,214,1243,1293,1258,Aurangabad,Maharashtra,bajri,2015,Kharif Crops,1275.0,1,not found,,-17.0,
2016-10-01,Sillod,bajri,2016,October,128,1296,1404,1354,Aurangabad,Maharashtra,bajri,2016,Kharif Crops,1330.0,1,not found,,24.0,
2015-09-01,Sillod,bajri,2015,September,74,1200,1300,1250,Aurangabad,Maharashtra,bajri,2015,Kharif Crops,1275.0,1,not found,,-25.0,
2016-09-01,Sillod,bajri,2016,September,178,1384,1556,1475,Aurangabad,Maharashtra,bajri,2016,Kharif Crops,1330.0,1,not found,,145.0,
2016-11-01,Sillod,bajri,2016,November,58,1314,1414,1364,Aurangabad,Maharashtra,bajri,2016,Kharif Crops,1330.0,1,not found,,34.0,
