date,APMC,Commodity,Year,Month,arrivals_in_qtl,min_price,max_price,modal_price,district_name,state_name,commodity,year,Type,msprice,msp_filter,seasonality,deseasonal,Peak seasonal price fluctuation %
2016-04-01,Chikhali,black gram,2016,April,43,7023,9300,8160,Buldhana,Maharashtra,,,,,,additive,,44.42541148432263
2016-08-01,Chikhali,black gram,2016,August,6,5400,6700,6025,Buldhana,Maharashtra,,,,,,additive,6370.25,44.42541148432263
2014-12-01,Chikhali,black gram,2014,December,13,4841,5701,5271,Buldhana,Maharashtra,,,,,,additive,6264.0,44.42541148432263
2015-12-01,Chikhali,black gram,2015,December,175,6091,10887,8489,Buldhana,Maharashtra,,,,,,additive,6897.0,44.42541148432263
2015-02-01,Chikhali,black gram,2015,February,13,4934,5744,5339,Buldhana,Maharashtra,,,,,,additive,6535.75,44.42541148432263
2016-02-01,Chikhali,black gram,2016,February,57,5658,8295,6976,Buldhana,Maharashtra,,,,,,additive,6135.25,44.42541148432263
2015-01-01,Chikhali,black gram,2015,January,54,4759,5742,5250,Buldhana,Maharashtra,,,,,,additive,6402.25,44.42541148432263
2016-01-01,Chikhali,black gram,2016,January,47,6797,9470,8133,Buldhana,Maharashtra,,,,,,additive,7062.75,44.42541148432263
2016-07-01,Chikhali,black gram,2016,July,27,5972,7498,6735,Buldhana,Maharashtra,,,,,,additive,7580.5,44.42541148432263
2016-06-01,Chikhali,black gram,2016,June,81,6978,10460,8719,Buldhana,Maharashtra,,,,,,additive,7824.5,44.42541148432263
2016-03-01,Chikhali,black gram,2016,March,6,5900,8350,7125,Buldhana,Maharashtra,,,,,,additive,7863.5,44.42541148432263
2016-05-01,Chikhali,black gram,2016,May,66,6900,10070,8485,Buldhana,Maharashtra,,,,,,additive,7283.25,44.42541148432263
2014-11-01,Chikhali,black gram,2014,November,57,4675,5400,5038,Buldhana,Maharashtra,,,,,,additive,6706.75,44.42541148432263
2015-11-01,Chikhali,black gram,2015,November,73,6000,10364,8266,Buldhana,Maharashtra,,,,,,additive,6980.25,44.42541148432263
2016-10-01,Chikhali,black gram,2016,October,4339,5507,7156,6351,Buldhana,Maharashtra,,,,,,additive,6174.75,44.42541148432263
2014-09-01,Chikhali,black gram,2014,September,59,3412,4049,3731,Buldhana,Maharashtra,,,,,,additive,5067.5,44.42541148432263
2016-09-01,Chikhali,black gram,2016,September,2846,5919,6995,6457,Buldhana,Maharashtra,,,,,,additive,5734.5,44.42541148432263
2016-11-01,Chikhali,black gram,2016,November,952,5424,7161,6293,Buldhana,Maharashtra,,,,,,additive,,44.42541148432263
