date,APMC,Commodity,Year,Month,arrivals_in_qtl,min_price,max_price,modal_price,district_name,state_name,commodity,year,Type,msprice,msp_filter,seasonality,deseasonal,Raw vs MSP diff,Desasonal vs MSP diff
2014-12-01,Karanja,bajri,2014,December,26,1519,1526,1519,Wasim,Maharashtra,bajri,2014,Kharif Crops,1250.0,1,not found,,269.0,
2015-12-01,Karanja,bajri,2015,December,24,1656,1656,1656,Wasim,Maharashtra,bajri,2015,Kharif Crops,1275.0,1,not found,,381.0,
2015-02-01,Karanja,bajri,2015,February,8,1575,1775,1575,Wasim,Maharashtra,bajri,2015,Kharif Crops,1275.0,1,not found,,300.0,
2015-01-01,Karanja,bajri,2015,January,47,1571,1582,1571,Wasim,Maharashtra,bajri,2015,Kharif Crops,1275.0,1,not found,,296.0,
2016-01-01,Karanja,bajri,2016,January,6,1625,1625,1625,Wasim,Maharashtra,bajri,2016,Kharif Crops,1330.0,1,not found,,295.0,
2016-05-01,Karanja,bajri,2016,May,225,5775,5960,5850,Wasim,Maharashtra,bajri,2016,Kharif Crops,1330.0,1,not found,,4520.0,
2014-11-01,Karanja,bajri,2014,November,32,1595,1600,1600,Wasim,Maharashtra,bajri,2014,Kharif Crops,1250.0,1,not found,,350.0,
