date,APMC,Commodity,Year,Month,arrivals_in_qtl,min_price,max_price,modal_price,district_name,state_name,commodity,year,Type,msprice,msp_filter,seasonality,deseasonal,Peak seasonal price fluctuation %,Raw vs MSP diff,Desasonal vs MSP diff
2016-04-01,Nampur,bajri,2016,April,18,1666,1753,1714,Nasik,Maharashtra,bajri,2016,Kharif Crops,1330.0,1,additive,,18.213969938107873,384.0,
2016-08-01,Nampur,bajri,2016,August,21,1546,1724,1645,Nasik,Maharashtra,bajri,2016,Kharif Crops,1330.0,1,additive,1612.75,18.213969938107873,315.0,282.75
2016-02-01,Nampur,bajri,2016,February,29,1409,1502,1447,Nasik,Maharashtra,bajri,2016,Kharif Crops,1330.0,1,additive,1584.75,18.213969938107873,117.0,254.75
2016-07-01,Nampur,bajri,2016,July,1,1800,1800,1800,Nasik,Maharashtra,bajri,2016,Kharif Crops,1330.0,1,additive,1678.0,18.213969938107873,470.0,348.0
2016-06-01,Nampur,bajri,2016,June,25,1629,1683,1665,Nasik,Maharashtra,bajri,2016,Kharif Crops,1330.0,1,additive,1672.75,18.213969938107873,335.0,342.75
2016-03-01,Nampur,bajri,2016,March,19,1479,1601,1561,Nasik,Maharashtra,bajri,2016,Kharif Crops,1330.0,1,additive,1630.0,18.213969938107873,231.0,300.0
2016-05-01,Nampur,bajri,2016,May,40,1636,1759,1733,Nasik,Maharashtra,bajri,2016,Kharif Crops,1330.0,1,additive,1580.5,18.213969938107873,403.0,250.5
2016-10-01,Nampur,bajri,2016,October,1185,1167,1414,1295,Nasik,Maharashtra,bajri,2016,Kharif Crops,1330.0,1,additive,1462.0,18.213969938107873,-35.0,132.0
2016-09-01,Nampur,bajri,2016,September,118,1387,1609,1525,Nasik,Maharashtra,bajri,2016,Kharif Crops,1330.0,1,additive,1448.5,18.213969938107873,195.0,118.5
2016-11-01,Nampur,bajri,2016,November,2392,1270,1582,1449,Nasik,Maharashtra,bajri,2016,Kharif Crops,1330.0,1,additive,,18.213969938107873,119.0,
