date,APMC,Commodity,Year,Month,arrivals_in_qtl,min_price,max_price,modal_price,district_name,state_name,commodity,year,Type,msprice,msp_filter,seasonality,deseasonal
2016-04-01,Kalmeshwar,bottle gourd,2016,April,64,603,850,791,Nagpur,Maharashtra,,,,,,not found,
2016-08-01,Kalmeshwar,bottle gourd,2016,August,67,635,831,780,Nagpur,Maharashtra,,,,,,not found,
2015-12-01,Kalmeshwar,bottle gourd,2015,December,70,515,707,677,Nagpur,Maharashtra,,,,,,not found,
2016-02-01,Kalmeshwar,bottle gourd,2016,February,75,391,588,544,Nagpur,Maharashtra,,,,,,not found,
2016-01-01,Kalmeshwar,bottle gourd,2016,January,76,451,628,592,Nagpur,Maharashtra,,,,,,not found,
2016-07-01,Kalmeshwar,bottle gourd,2016,July,56,1159,1424,1355,Nagpur,Maharashtra,,,,,,not found,
2016-06-01,Kalmeshwar,bottle gourd,2016,June,51,1472,1754,1678,Nagpur,Maharashtra,,,,,,not found,
2016-03-01,Kalmeshwar,bottle gourd,2016,March,65,632,852,795,Nagpur,Maharashtra,,,,,,not found,
2016-05-01,Kalmeshwar,bottle gourd,2016,May,51,914,1142,1094,Nagpur,Maharashtra,,,,,,not found,
2015-11-01,Kalmeshwar,bottle gourd,2015,November,76,498,688,649,Nagpur,Maharashtra,,,,,,not found,
2015-10-01,Kalmeshwar,bottle gourd,2015,October,57,869,1070,1027,Nagpur,Maharashtra,,,,,,not found,
2016-10-01,Kalmeshwar,bottle gourd,2016,October,97,937,1188,1116,Nagpur,Maharashtra,,,,,,not found,
2015-09-01,Kalmeshwar,bottle gourd,2015,September,54,575,777,695,Nagpur,Maharashtra,,,,,,not found,
2016-09-01,Kalmeshwar,bottle gourd,2016,September,91,443,662,602,Nagpur,Maharashtra,,,,,,not found,
2016-11-01,Kalmeshwar,bottle gourd,2016,November,122,464,669,619,Nagpur,Maharashtra,,,,,,not found,
