date,APMC,Commodity,Year,Month,arrivals_in_qtl,min_price,max_price,modal_price,district_name,state_name,commodity,year,Type,msprice,msp_filter,seasonality,deseasonal,Raw vs MSP diff,Desasonal vs MSP diff
2015-04-01,Dondaicha,bajri,2015,April,1203,1001,1233,1186,Dhule,Maharashtra,bajri,2015,Kharif Crops,1275.0,1,not found,,-89.0,
2016-04-01,Dondaicha,bajri,2016,April,582,1375,1783,1640,Dhule,Maharashtra,bajri,2016,Kharif Crops,1330.0,1,not found,,310.0,
2015-08-01,Dondaicha,bajri,2015,August,1004,1212,1330,1313,Dhule,Maharashtra,bajri,2015,Kharif Crops,1275.0,1,not found,,38.0,
2016-08-01,Dondaicha,bajri,2016,August,143,1391,1707,1626,Dhule,Maharashtra,bajri,2016,Kharif Crops,1330.0,1,not found,,296.0,
2014-12-01,Dondaicha,bajri,2014,December,278,1270,1325,1300,Dhule,Maharashtra,bajri,2014,Kharif Crops,1250.0,1,not found,,50.0,
2015-12-01,Dondaicha,bajri,2015,December,1399,1299,1523,1416,Dhule,Maharashtra,bajri,2015,Kharif Crops,1275.0,1,not found,,141.0,
2015-02-01,Dondaicha,bajri,2015,February,266,1124,1205,1184,Dhule,Maharashtra,bajri,2015,Kharif Crops,1275.0,1,not found,,-91.0,
2016-02-01,Dondaicha,bajri,2016,February,411,1330,1725,1431,Dhule,Maharashtra,bajri,2016,Kharif Crops,1330.0,1,not found,,101.0,
2015-01-01,Dondaicha,bajri,2015,January,297,1200,1304,1274,Dhule,Maharashtra,bajri,2015,Kharif Crops,1275.0,1,not found,,-1.0,
2016-01-01,Dondaicha,bajri,2016,January,675,1319,1535,1425,Dhule,Maharashtra,bajri,2016,Kharif Crops,1330.0,1,not found,,95.0,
2015-07-01,Dondaicha,bajri,2015,July,645,1131,1289,1253,Dhule,Maharashtra,bajri,2015,Kharif Crops,1275.0,1,not found,,-22.0,
2016-07-01,Dondaicha,bajri,2016,July,35,1424,1741,1588,Dhule,Maharashtra,bajri,2016,Kharif Crops,1330.0,1,not found,,258.0,
2015-06-01,Dondaicha,bajri,2015,June,1838,985,1203,1173,Dhule,Maharashtra,bajri,2015,Kharif Crops,1275.0,1,not found,,-102.0,
2016-06-01,Dondaicha,bajri,2016,June,345,1407,1679,1581,Dhule,Maharashtra,bajri,2016,Kharif Crops,1330.0,1,not found,,251.0,
2015-03-01,Dondaicha,bajri,2015,March,382,1047,1182,1113,Dhule,Maharashtra,bajri,2015,Kharif Crops,1275.0,1,not found,,-162.0,
2016-03-01,Dondaicha,bajri,2016,March,149,1382,1540,1469,Dhule,Maharashtra,bajri,2016,Kharif Crops,1330.0,1,not found,,139.0,
2015-05-01,Dondaicha,bajri,2015,May,4489,1044,1224,1178,Dhule,Maharashtra,bajri,2015,Kharif Crops,1275.0,1,not found,,-97.0,
2016-05-01,Dondaicha,bajri,2016,May,1136,1375,1819,1735,Dhule,Maharashtra,bajri,2016,Kharif Crops,1330.0,1,not found,,405.0,
2014-11-01,Dondaicha,bajri,2014,November,1179,1306,1518,1420,Dhule,Maharashtra,bajri,2014,Kharif Crops,1250.0,1,not found,,170.0,
2015-11-01,Dondaicha,bajri,2015,November,2043,1184,1517,1391,Dhule,Maharashtra,bajri,2015,Kharif Crops,1275.0,1,not found,,116.0,
2014-10-01,Dondaicha,bajri,2014,October,1067,1281,1453,1382,Dhule,Maharashtra,bajri,2014,Kharif Crops,1250.0,1,not found,,132.0,
2015-10-01,Dondaicha,bajri,2015,October,3710,1101,1419,1304,Dhule,Maharashtra,bajri,2015,Kharif Crops,1275.0,1,not found,,29.0,
2016-10-01,Dondaicha,bajri,2016,October,2569,1119,1466,1337,Dhule,Maharashtra,bajri,2016,Kharif Crops,1330.0,1,not found,,7.0,
2014-09-01,Dondaicha,bajri,2014,September,411,1173,1362,1316,Dhule,Maharashtra,bajri,2014,Kharif Crops,1250.0,1,not found,,66.0,
2015-09-01,Dondaicha,bajri,2015,September,2202,1213,1400,1343,Dhule,Maharashtra,bajri,2015,Kharif Crops,1275.0,1,not found,,68.0,
2016-09-01,Dondaicha,bajri,2016,September,343,1318,1569,1491,Dhule,Maharashtra,bajri,2016,Kharif Crops,1330.0,1,not found,,161.0,
2016-11-01,Dondaicha,bajri,2016,November,939,1179,1560,1419,Dhule,Maharashtra,bajri,2016,Kharif Crops,1330.0,1,not found,,89.0,
