date,APMC,Commodity,Year,Month,arrivals_in_qtl,min_price,max_price,modal_price,district_name,state_name,commodity,year,Type,msprice,msp_filter,seasonality,deseasonal,Peak seasonal price fluctuation %
2016-04-01,Pandharpur,banana,2016,April,2850,784,1220,1023,Solapur,Maharashtra,,,,,,additive,,62.574306067305336
2015-08-01,Pandharpur,banana,2015,August,5650,442,780,622,Solapur,Maharashtra,,,,,,additive,869.5,62.574306067305336
2016-08-01,Pandharpur,banana,2016,August,3780,1016,1392,1211,Solapur,Maharashtra,,,,,,additive,1043.75,62.574306067305336
2014-12-01,Pandharpur,banana,2014,December,3210,981,1213,1131,Solapur,Maharashtra,,,,,,additive,969.75,62.574306067305336
2015-12-01,Pandharpur,banana,2015,December,4910,293,555,406,Solapur,Maharashtra,,,,,,additive,691.5,62.574306067305336
2015-02-01,Pandharpur,banana,2015,February,3230,677,921,823,Solapur,Maharashtra,,,,,,additive,586.25,62.574306067305336
2016-02-01,Pandharpur,banana,2016,February,2900,251,338,293,Solapur,Maharashtra,,,,,,additive,557.75,62.574306067305336
2015-01-01,Pandharpur,banana,2015,January,2160,732,908,822,Solapur,Maharashtra,,,,,,additive,564.5,62.574306067305336
2016-01-01,Pandharpur,banana,2016,January,3340,265,389,321,Solapur,Maharashtra,,,,,,additive,552.0,62.574306067305336
2015-07-01,Pandharpur,banana,2015,July,3688,572,889,744,Solapur,Maharashtra,,,,,,additive,742.25,62.574306067305336
2016-07-01,Pandharpur,banana,2016,July,1470,985,1311,1160,Solapur,Maharashtra,,,,,,additive,947.25,62.574306067305336
2015-06-01,Pandharpur,banana,2015,June,3855,597,836,725,Solapur,Maharashtra,,,,,,additive,901.25,62.574306067305336
2016-06-01,Pandharpur,banana,2016,June,5495,818,1158,995,Solapur,Maharashtra,,,,,,additive,796.5,62.574306067305336
2015-03-01,Pandharpur,banana,2015,March,3100,380,827,471,Solapur,Maharashtra,,,,,,additive,558.25,62.574306067305336
2016-03-01,Pandharpur,banana,2016,March,2860,263,554,296,Solapur,Maharashtra,,,,,,additive,396.75,62.574306067305336
2015-05-01,Pandharpur,banana,2015,May,3939,414,825,524,Solapur,Maharashtra,,,,,,additive,574.5,62.574306067305336
2016-05-01,Pandharpur,banana,2016,May,4090,625,1167,954,Solapur,Maharashtra,,,,,,additive,918.0,62.574306067305336
2014-11-01,Pandharpur,banana,2014,November,2555,1081,1344,1240,Solapur,Maharashtra,,,,,,additive,1000.5,62.574306067305336
2015-11-01,Pandharpur,banana,2015,November,3784,420,666,568,Solapur,Maharashtra,,,,,,additive,878.75,62.574306067305336
2014-10-01,Pandharpur,banana,2014,October,1340,835,1215,1139,Solapur,Maharashtra,,,,,,additive,864.75,62.574306067305336
2015-10-01,Pandharpur,banana,2015,October,5375,474,754,613,Solapur,Maharashtra,,,,,,additive,829.5,62.574306067305336
2016-10-01,Pandharpur,banana,2016,October,3060,791,1059,953,Solapur,Maharashtra,,,,,,additive,858.5,62.574306067305336
2014-09-01,Pandharpur,banana,2014,September,4850,548,1015,915,Solapur,Maharashtra,,,,,,additive,814.0,62.574306067305336
2015-09-01,Pandharpur,banana,2015,September,5195,303,650,473,Solapur,Maharashtra,,,,,,additive,761.5,62.574306067305336
2016-09-01,Pandharpur,banana,2016,September,3950,961,1318,1185,Solapur,Maharashtra,,,,,,additive,897.75,62.574306067305336
2016-11-01,Pandharpur,banana,2016,November,2495,664,841,748,Solapur,Maharashtra,,,,,,additive,,62.574306067305336
