date,APMC,Commodity,Year,Month,arrivals_in_qtl,min_price,max_price,modal_price,district_name,state_name,commodity,year,Type,msprice,msp_filter,seasonality,deseasonal,Peak seasonal price fluctuation %,Raw vs MSP diff,Desasonal vs MSP diff
2016-07-01,Chikhali,bajri,2016,July,15,1300,1600,1450,Buldhana,Maharashtra,bajri,2016,Kharif Crops,1330.0,1,additive,,5.381471389645776,120.0,
2016-06-01,Chikhali,bajri,2016,June,10,1388,1463,1425,Buldhana,Maharashtra,bajri,2016,Kharif Crops,1330.0,1,additive,1437.5,5.381471389645776,95.0,107.5
2016-03-01,Chikhali,bajri,2016,March,7,1300,1601,1450,Buldhana,Maharashtra,bajri,2016,Kharif Crops,1330.0,1,additive,1468.0,5.381471389645776,120.0,138.0
2016-05-01,Chikhali,bajri,2016,May,83,1461,1632,1547,Buldhana,Maharashtra,bajri,2016,Kharif Crops,1330.0,1,additive,,5.381471389645776,217.0,
