date,APMC,Commodity,Year,Month,arrivals_in_qtl,min_price,max_price,modal_price,district_name,state_name,commodity,year,Type,msprice,msp_filter,seasonality,deseasonal
2015-04-01,Amarawati,black gram,2015,April,48,5766,6249,5938,Amaravathi,Maharashtra,,,,,,not found,
2016-04-01,Amarawati,black gram,2016,April,675,7818,10666,9214,Amaravathi,Maharashtra,,,,,,not found,
2015-08-01,Amarawati,black gram,2015,August,39,6335,7235,6537,Amaravathi,Maharashtra,,,,,,not found,
2016-08-01,Amarawati,black gram,2016,August,177,6558,7389,7001,Amaravathi,Maharashtra,,,,,,not found,
2014-12-01,Amarawati,black gram,2014,December,38,5056,5372,5222,Amaravathi,Maharashtra,,,,,,not found,
2015-12-01,Amarawati,black gram,2015,December,314,7069,9316,8134,Amaravathi,Maharashtra,,,,,,not found,
2015-02-01,Amarawati,black gram,2015,February,24,5281,5531,5441,Amaravathi,Maharashtra,,,,,,not found,
2016-02-01,Amarawati,black gram,2016,February,88,6774,8964,7856,Amaravathi,Maharashtra,,,,,,not found,
2015-01-01,Amarawati,black gram,2015,January,33,5232,5514,5407,Amaravathi,Maharashtra,,,,,,not found,
2016-01-01,Amarawati,black gram,2016,January,235,7019,9346,8141,Amaravathi,Maharashtra,,,,,,not found,
2015-07-01,Amarawati,black gram,2015,July,27,6111,7128,6309,Amaravathi,Maharashtra,,,,,,not found,
2016-07-01,Amarawati,black gram,2016,July,25,7000,10833,8917,Amaravathi,Maharashtra,,,,,,not found,
2015-06-01,Amarawati,black gram,2015,June,54,6083,7233,6604,Amaravathi,Maharashtra,,,,,,not found,
2016-06-01,Amarawati,black gram,2016,June,1671,8260,12210,10216,Amaravathi,Maharashtra,,,,,,not found,
2015-03-01,Amarawati,black gram,2015,March,6,5275,5725,5675,Amaravathi,Maharashtra,,,,,,not found,
2016-03-01,Amarawati,black gram,2016,March,45,7183,9325,8321,Amaravathi,Maharashtra,,,,,,not found,
2015-05-01,Amarawati,black gram,2015,May,72,6192,7115,6588,Amaravathi,Maharashtra,,,,,,not found,
2016-05-01,Amarawati,black gram,2016,May,553,7262,10298,8768,Amaravathi,Maharashtra,,,,,,not found,
2014-11-01,Amarawati,black gram,2014,November,3,5000,5200,5100,Amaravathi,Maharashtra,,,,,,not found,
2015-11-01,Amarawati,black gram,2015,November,113,7022,8822,7885,Amaravathi,Maharashtra,,,,,,not found,
2015-10-01,Amarawati,black gram,2015,October,84,9311,10891,9797,Amaravathi,Maharashtra,,,,,,not found,
2016-10-01,Amarawati,black gram,2016,October,12437,4568,6875,5659,Amaravathi,Maharashtra,,,,,,not found,
2015-09-01,Amarawati,black gram,2015,September,51,7412,8516,7667,Amaravathi,Maharashtra,,,,,,not found,
2016-09-01,Amarawati,black gram,2016,September,5786,6358,7069,6713,Amaravathi,Maharashtra,,,,,,not found,
2016-11-01,Amarawati,black gram,2016,November,5826,4652,6525,5589,Amaravathi,Maharashtra,,,,,,not found,
