date,APMC,Commodity,Year,Month,arrivals_in_qtl,min_price,max_price,modal_price,district_name,state_name,commodity,year,Type,msprice,msp_filter,seasonality,deseasonal,Raw vs MSP diff,Desasonal vs MSP diff
2016-04-01,Kolhapur-Laxmipuri,bajri,2016,April,87,1715,2030,1930,Kolhapur,Maharashtra,bajri,2016,Kharif Crops,1330.0,1,not found,,600.0,
2016-08-01,Kolhapur-Laxmipuri,bajri,2016,August,133,1958,2242,2079,Kolhapur,Maharashtra,bajri,2016,Kharif Crops,1330.0,1,not found,,749.0,
2015-12-01,Kolhapur-Laxmipuri,bajri,2015,December,136,2050,2300,2200,Kolhapur,Maharashtra,bajri,2015,Kharif Crops,1275.0,1,not found,,925.0,
2015-02-01,Kolhapur-Laxmipuri,bajri,2015,February,50,1017,1800,1650,Kolhapur,Maharashtra,bajri,2015,Kharif Crops,1275.0,1,not found,,375.0,
2016-02-01,Kolhapur-Laxmipuri,bajri,2016,February,108,1819,2148,1935,Kolhapur,Maharashtra,bajri,2016,Kharif Crops,1330.0,1,not found,,605.0,
2015-01-01,Kolhapur-Laxmipuri,bajri,2015,January,15,1350,1800,1500,Kolhapur,Maharashtra,bajri,2015,Kharif Crops,1275.0,1,not found,,225.0,
2016-01-01,Kolhapur-Laxmipuri,bajri,2016,January,119,1938,2310,2194,Kolhapur,Maharashtra,bajri,2016,Kharif Crops,1330.0,1,not found,,864.0,
2016-07-01,Kolhapur-Laxmipuri,bajri,2016,July,92,1987,2326,2180,Kolhapur,Maharashtra,bajri,2016,Kharif Crops,1330.0,1,not found,,850.0,
2016-06-01,Kolhapur-Laxmipuri,bajri,2016,June,78,1927,2248,2158,Kolhapur,Maharashtra,bajri,2016,Kharif Crops,1330.0,1,not found,,828.0,
2016-03-01,Kolhapur-Laxmipuri,bajri,2016,March,125,1700,2054,1954,Kolhapur,Maharashtra,bajri,2016,Kharif Crops,1330.0,1,not found,,624.0,
2016-05-01,Kolhapur-Laxmipuri,bajri,2016,May,76,1842,2028,1942,Kolhapur,Maharashtra,bajri,2016,Kharif Crops,1330.0,1,not found,,612.0,
2014-11-01,Kolhapur-Laxmipuri,bajri,2014,November,40,1500,1700,1650,Kolhapur,Maharashtra,bajri,2014,Kharif Crops,1250.0,1,not found,,400.0,
2015-11-01,Kolhapur-Laxmipuri,bajri,2015,November,135,1818,1940,1880,Kolhapur,Maharashtra,bajri,2015,Kharif Crops,1275.0,1,not found,,605.0,
2014-10-01,Kolhapur-Laxmipuri,bajri,2014,October,10,1700,1900,1800,Kolhapur,Maharashtra,bajri,2014,Kharif Crops,1250.0,1,not found,,550.0,
2015-10-01,Kolhapur-Laxmipuri,bajri,2015,October,157,1679,1783,1725,Kolhapur,Maharashtra,bajri,2015,Kharif Crops,1275.0,1,not found,,450.0,
2016-10-01,Kolhapur-Laxmipuri,bajri,2016,October,132,1900,2100,2000,Kolhapur,Maharashtra,bajri,2016,Kharif Crops,1330.0,1,not found,,670.0,
2014-09-01,Kolhapur-Laxmipuri,bajri,2014,September,126,1620,1753,1683,Kolhapur,Maharashtra,bajri,2014,Kharif Crops,1250.0,1,not found,,433.0,
2016-09-01,Kolhapur-Laxmipuri,bajri,2016,September,112,1900,2100,2000,Kolhapur,Maharashtra,bajri,2016,Kharif Crops,1330.0,1,not found,,670.0,
2016-11-01,Kolhapur-Laxmipuri,bajri,2016,November,125,1906,2106,2000,Kolhapur,Maharashtra,bajri,2016,Kharif Crops,1330.0,1,not found,,670.0,
