date,APMC,Commodity,Year,Month,arrivals_in_qtl,min_price,max_price,modal_price,district_name,state_name,commodity,year,Type,msprice,msp_filter,seasonality,deseasonal,Peak seasonal price fluctuation %,Raw vs MSP diff,Desasonal vs MSP diff
2016-04-01,Amalner,bajri,2016,April,3826,1571,1816,1814,Jalgaon,Maharashtra,bajri,2016,Kharif Crops,1330.0,1,additive,,25.008392077878483,484.0,
2015-08-01,Amalner,bajri,2015,August,560,1219,1349,1349,Jalgaon,Maharashtra,bajri,2015,Kharif Crops,1275.0,1,additive,1556.5,25.008392077878483,74.0,281.5
2016-08-01,Amalner,bajri,2016,August,200,1537,1714,1714,Jalgaon,Maharashtra,bajri,2016,Kharif Crops,1330.0,1,additive,1567.25,25.008392077878483,384.0,237.25
2015-12-01,Amalner,bajri,2015,December,165,1366,1492,1492,Jalgaon,Maharashtra,bajri,2015,Kharif Crops,1275.0,1,additive,1552.25,25.008392077878483,217.0,277.25
2016-02-01,Amalner,bajri,2016,February,47,1417,1549,1511,Jalgaon,Maharashtra,bajri,2016,Kharif Crops,1330.0,1,additive,1506.5,25.008392077878483,181.0,176.5
2016-01-01,Amalner,bajri,2016,January,127,1379,1512,1512,Jalgaon,Maharashtra,bajri,2016,Kharif Crops,1330.0,1,additive,1448.0,25.008392077878483,182.0,118.0
2015-07-01,Amalner,bajri,2015,July,672,1214,1261,1257,Jalgaon,Maharashtra,bajri,2015,Kharif Crops,1275.0,1,additive,1472.0,25.008392077878483,-18.0,197.0
2016-07-01,Amalner,bajri,2016,July,64,1739,1862,1862,Jalgaon,Maharashtra,bajri,2016,Kharif Crops,1330.0,1,additive,1540.75,25.008392077878483,532.0,210.75
2015-06-01,Amalner,bajri,2015,June,2785,1093,1182,1182,Jalgaon,Maharashtra,bajri,2015,Kharif Crops,1275.0,1,additive,1494.25,25.008392077878483,-93.0,219.25
2016-06-01,Amalner,bajri,2016,June,808,1589,1754,1751,Jalgaon,Maharashtra,bajri,2016,Kharif Crops,1330.0,1,additive,1566.0,25.008392077878483,421.0,236.0
2016-03-01,Amalner,bajri,2016,March,454,1492,1650,1580,Jalgaon,Maharashtra,bajri,2016,Kharif Crops,1330.0,1,additive,1679.25,25.008392077878483,250.0,349.25
2016-05-01,Amalner,bajri,2016,May,7068,1557,1816,1806,Jalgaon,Maharashtra,bajri,2016,Kharif Crops,1330.0,1,additive,1621.75,25.008392077878483,476.0,291.75
2014-11-01,Amalner,bajri,2014,November,93,1200,1390,1295,Jalgaon,Maharashtra,bajri,2014,Kharif Crops,1250.0,1,additive,1478.0,25.008392077878483,45.0,228.0
2015-11-01,Amalner,bajri,2015,November,389,1305,1516,1516,Jalgaon,Maharashtra,bajri,2015,Kharif Crops,1275.0,1,additive,1377.75,25.008392077878483,241.0,102.75
2014-10-01,Amalner,bajri,2014,October,974,1078,1292,1184,Jalgaon,Maharashtra,bajri,2014,Kharif Crops,1250.0,1,additive,1320.75,25.008392077878483,-66.0,70.75
2016-10-01,Amalner,bajri,2016,October,2889,1106,1399,1399,Jalgaon,Maharashtra,bajri,2016,Kharif Crops,1330.0,1,additive,1304.75,25.008392077878483,69.0,-25.25
2014-09-01,Amalner,bajri,2014,September,372,1177,1297,1237,Jalgaon,Maharashtra,bajri,2014,Kharif Crops,1250.0,1,additive,1287.0,25.008392077878483,-13.0,37.0
2015-09-01,Amalner,bajri,2015,September,67,1175,1275,1275,Jalgaon,Maharashtra,bajri,2015,Kharif Crops,1275.0,1,additive,1351.5,25.008392077878483,0.0,76.5
2016-09-01,Amalner,bajri,2016,September,737,1500,1619,1619,Jalgaon,Maharashtra,bajri,2016,Kharif Crops,1330.0,1,additive,1487.0,25.008392077878483,289.0,157.0
2016-11-01,Amalner,bajri,2016,November,1110,1160,1435,1435,Jalgaon,Maharashtra,bajri,2016,Kharif Crops,1330.0,1,additive,,25.008392077878483,105.0,
