date,APMC,Commodity,Year,Month,arrivals_in_qtl,min_price,max_price,modal_price,district_name,state_name,commodity,year,Type,msprice,msp_filter,seasonality,deseasonal,Peak seasonal price fluctuation %,Raw vs MSP diff,Desasonal vs MSP diff
2016-04-01,Sillod-Bharadi,bajri,2016,April,35,1470,1670,1575,Aurangabad,Maharashtra,bajri,2016,Kharif Crops,1330.0,1,additive,,17.57520232096503,245.0,
2015-08-01,Sillod-Bharadi,bajri,2015,August,20,1175,1175,1175,Aurangabad,Maharashtra,bajri,2015,Kharif Crops,1275.0,1,additive,1370.5,17.57520232096503,-100.0,95.5
2016-08-01,Sillod-Bharadi,bajri,2016,August,11,1482,1607,1557,Aurangabad,Maharashtra,bajri,2016,Kharif Crops,1330.0,1,additive,1397.25,17.57520232096503,227.0,67.25
2016-02-01,Sillod-Bharadi,bajri,2016,February,63,1250,1350,1300,Aurangabad,Maharashtra,bajri,2016,Kharif Crops,1330.0,1,additive,1364.5,17.57520232096503,-30.0,34.5
2016-01-01,Sillod-Bharadi,bajri,2016,January,10,1301,1301,1301,Aurangabad,Maharashtra,bajri,2016,Kharif Crops,1330.0,1,additive,1363.0,17.57520232096503,-29.0,33.0
2016-07-01,Sillod-Bharadi,bajri,2016,July,13,1450,1600,1550,Aurangabad,Maharashtra,bajri,2016,Kharif Crops,1330.0,1,additive,1500.25,17.57520232096503,220.0,170.25
2016-06-01,Sillod-Bharadi,bajri,2016,June,47,1580,1620,1600,Aurangabad,Maharashtra,bajri,2016,Kharif Crops,1330.0,1,additive,1531.25,17.57520232096503,270.0,201.25
2016-03-01,Sillod-Bharadi,bajri,2016,March,258,1332,1418,1375,Aurangabad,Maharashtra,bajri,2016,Kharif Crops,1330.0,1,additive,1500.0,17.57520232096503,45.0,170.0
2016-05-01,Sillod-Bharadi,bajri,2016,May,3,1525,1750,1650,Aurangabad,Maharashtra,bajri,2016,Kharif Crops,1330.0,1,additive,1464.5,17.57520232096503,320.0,134.5
2014-11-01,Sillod-Bharadi,bajri,2014,November,39,1100,1317,1183,Aurangabad,Maharashtra,bajri,2014,Kharif Crops,1250.0,1,additive,1310.25,17.57520232096503,-67.0,60.25
2015-10-01,Sillod-Bharadi,bajri,2015,October,191,1200,1250,1225,Aurangabad,Maharashtra,bajri,2015,Kharif Crops,1275.0,1,additive,1243.5,17.57520232096503,-50.0,-31.5
2016-10-01,Sillod-Bharadi,bajri,2016,October,25,1250,1413,1341,Aurangabad,Maharashtra,bajri,2016,Kharif Crops,1330.0,1,additive,1343.0,17.57520232096503,11.0,13.0
2016-09-01,Sillod-Bharadi,bajri,2016,September,32,1375,1538,1465,Aurangabad,Maharashtra,bajri,2016,Kharif Crops,1330.0,1,additive,1405.25,17.57520232096503,135.0,75.25
2016-11-01,Sillod-Bharadi,bajri,2016,November,14,1283,1400,1350,Aurangabad,Maharashtra,bajri,2016,Kharif Crops,1330.0,1,additive,,17.57520232096503,20.0,
