date,APMC,Commodity,Year,Month,arrivals_in_qtl,min_price,max_price,modal_price,district_name,state_name,commodity,year,Type,msprice,msp_filter,seasonality,deseasonal
2014-12-01,Nagpur,bor,2014,December,4826,482,765,624,Nagpur,Maharashtra,,,,,,not found,
2015-12-01,Nagpur,bor,2015,December,3774,400,644,578,Nagpur,Maharashtra,,,,,,not found,
2015-02-01,Nagpur,bor,2015,February,612,411,800,606,Nagpur,Maharashtra,,,,,,not found,
2016-02-01,Nagpur,bor,2016,February,501,467,873,772,Nagpur,Maharashtra,,,,,,not found,
2015-01-01,Nagpur,bor,2015,January,7347,435,781,608,Nagpur,Maharashtra,,,,,,not found,
2016-01-01,Nagpur,bor,2016,January,4200,436,786,694,Nagpur,Maharashtra,,,,,,not found,
2016-11-01,Nagpur,bor,2016,November,308,600,1033,925,Nagpur,Maharashtra,,,,,,not found,
