date,APMC,Commodity,Year,Month,arrivals_in_qtl,min_price,max_price,modal_price,district_name,state_name,commodity,year,Type,msprice,msp_filter,seasonality,deseasonal,Peak seasonal price fluctuation %
2016-08-01,Kej,bhagar-vari,2016,August,1,2000,2000,2000,Beed,Maharashtra,,,,,,additive,,12.189176011701608
2015-12-01,Kej,bhagar-vari,2015,December,2,2101,2101,2101,Beed,Maharashtra,,,,,,additive,2101.0,12.189176011701608
2016-01-01,Kej,bhagar-vari,2016,January,2,2202,2202,2202,Beed,Maharashtra,,,,,,additive,2201.5,12.189176011701608
2016-05-01,Kej,bhagar-vari,2016,May,1,2301,2301,2301,Beed,Maharashtra,,,,,,additive,2151.25,12.189176011701608
2016-10-01,Kej,bhagar-vari,2016,October,2,1466,1801,1801,Beed,Maharashtra,,,,,,additive,1951.0,12.189176011701608
2016-09-01,Kej,bhagar-vari,2016,September,1,1901,1901,1901,Beed,Maharashtra,,,,,,additive,,12.189176011701608
