date,APMC,Commodity,Year,Month,arrivals_in_qtl,min_price,max_price,modal_price,district_name,state_name,commodity,year,Type,msprice,msp_filter,seasonality,deseasonal
2015-08-01,Manchar,bitter gourd,2015,August,19,1855,2005,1930,Pune,Maharashtra,,,,,,not found,
2016-08-01,Manchar,bitter gourd,2016,August,625,1610,2645,2070,Pune,Maharashtra,,,,,,not found,
2015-07-01,Manchar,bitter gourd,2015,July,26,2900,2900,2900,Pune,Maharashtra,,,,,,not found,
2016-07-01,Manchar,bitter gourd,2016,July,95,3664,5118,4212,Pune,Maharashtra,,,,,,not found,
2016-06-01,Manchar,bitter gourd,2016,June,41,4800,5817,5166,Pune,Maharashtra,,,,,,not found,
2016-05-01,Manchar,bitter gourd,2016,May,20,4380,5940,5428,Pune,Maharashtra,,,,,,not found,
2014-11-01,Manchar,bitter gourd,2014,November,9019,1400,2067,1734,Pune,Maharashtra,,,,,,not found,
2015-11-01,Manchar,bitter gourd,2015,November,48,1750,2100,1925,Pune,Maharashtra,,,,,,not found,
2015-10-01,Manchar,bitter gourd,2015,October,35,1433,2133,1792,Pune,Maharashtra,,,,,,not found,
2016-10-01,Manchar,bitter gourd,2016,October,126,200,1250,730,Pune,Maharashtra,,,,,,not found,
2015-09-01,Manchar,bitter gourd,2015,September,10,1000,1000,1000,Pune,Maharashtra,,,,,,not found,
2016-09-01,Manchar,bitter gourd,2016,September,356,633,883,750,Pune,Maharashtra,,,,,,not found,
2016-11-01,Manchar,bitter gourd,2016,November,361,675,1367,1017,Pune,Maharashtra,,,,,,not found,
