date,APMC,Commodity,Year,Month,arrivals_in_qtl,min_price,max_price,modal_price,district_name,state_name,commodity,year,Type,msprice,msp_filter,seasonality,deseasonal
2016-01-01,Palus,bottle gourd,2016,January,1180,783,1183,917,Sangli,Maharashtra,,,,,,not found,
2016-06-01,Palus,bottle gourd,2016,June,610,800,2233,1433,Sangli,Maharashtra,,,,,,not found,
2016-05-01,Palus,bottle gourd,2016,May,372,900,1500,1000,Sangli,Maharashtra,,,,,,not found,
2016-09-01,Palus,bottle gourd,2016,September,6,500,700,500,Sangli,Maharashtra,,,,,,not found,
2016-11-01,Palus,bottle gourd,2016,November,6,533,617,533,Sangli,Maharashtra,,,,,,not found,
