date,APMC,Commodity,Year,Month,arrivals_in_qtl,min_price,max_price,modal_price,district_name,state_name,commodity,year,Type,msprice,msp_filter,seasonality,deseasonal,Peak seasonal price fluctuation %
2016-04-01,Sonpeth,black gram,2016,April,1,5455,5455,5455,Parbhani,Maharashtra,,,,,,additive,,29.406084017382906
2014-12-01,Sonpeth,black gram,2014,December,1,4201,4201,4201,Parbhani,Maharashtra,,,,,,additive,4514.5,29.406084017382906
2014-11-01,Sonpeth,black gram,2014,November,1,4201,4201,4201,Parbhani,Maharashtra,,,,,,additive,4130.0,29.406084017382906
2014-10-01,Sonpeth,black gram,2014,October,8,3909,3926,3917,Parbhani,Maharashtra,,,,,,additive,4656.5,29.406084017382906
2016-10-01,Sonpeth,black gram,2016,October,16,6404,6741,6591,Parbhani,Maharashtra,,,,,,additive,5949.75,29.406084017382906
2016-09-01,Sonpeth,black gram,2016,September,2,6700,6700,6700,Parbhani,Maharashtra,,,,,,additive,,29.406084017382906
