date,APMC,Commodity,Year,Month,arrivals_in_qtl,min_price,max_price,modal_price,district_name,state_name,commodity,year,Type,msprice,msp_filter,seasonality,deseasonal
2016-08-01,Junnar-Otur,beet root,2016,August,466,493,963,835,Pune,Maharashtra,,,,,,not found,
2015-07-01,Junnar-Otur,beet root,2015,July,8,100,1500,1000,Pune,Maharashtra,,,,,,not found,
2016-07-01,Junnar-Otur,beet root,2016,July,265,840,1921,1810,Pune,Maharashtra,,,,,,not found,
2016-06-01,Junnar-Otur,beet root,2016,June,260,682,2289,2109,Pune,Maharashtra,,,,,,not found,
2016-03-01,Junnar-Otur,beet root,2016,March,53,845,2359,2205,Pune,Maharashtra,,,,,,not found,
2016-05-01,Junnar-Otur,beet root,2016,May,50,232,691,616,Pune,Maharashtra,,,,,,not found,
2016-10-01,Junnar-Otur,beet root,2016,October,198,460,1002,880,Pune,Maharashtra,,,,,,not found,
2016-09-01,Junnar-Otur,beet root,2016,September,10,200,900,750,Pune,Maharashtra,,,,,,not found,
2016-11-01,Junnar-Otur,beet root,2016,November,137,420,950,830,Pune,Maharashtra,,,,,,not found,
