date,APMC,Commodity,Year,Month,arrivals_in_qtl,min_price,max_price,modal_price,district_name,state_name,commodity,year,Type,msprice,msp_filter,seasonality,deseasonal,Raw vs MSP diff,Desasonal vs MSP diff
2015-04-01,Yeola,bajri,2015,April,315,1273,1475,1318,Nasik,Maharashtra,bajri,2015,Kharif Crops,1275.0,1,not found,,43.0,
2016-04-01,Yeola,bajri,2016,April,111,1551,1908,1706,Nasik,Maharashtra,bajri,2016,Kharif Crops,1330.0,1,not found,,376.0,
2015-08-01,Yeola,bajri,2015,August,111,1359,1476,1434,Nasik,Maharashtra,bajri,2015,Kharif Crops,1275.0,1,not found,,159.0,
2016-08-01,Yeola,bajri,2016,August,363,1543,1865,1712,Nasik,Maharashtra,bajri,2016,Kharif Crops,1330.0,1,not found,,382.0,
2014-12-01,Yeola,bajri,2014,December,257,1265,1425,1318,Nasik,Maharashtra,bajri,2014,Kharif Crops,1250.0,1,not found,,68.0,
2015-12-01,Yeola,bajri,2015,December,97,1407,1564,1503,Nasik,Maharashtra,bajri,2015,Kharif Crops,1275.0,1,not found,,228.0,
2015-02-01,Yeola,bajri,2015,February,83,1270,1377,1305,Nasik,Maharashtra,bajri,2015,Kharif Crops,1275.0,1,not found,,30.0,
2016-02-01,Yeola,bajri,2016,February,15,1384,1477,1438,Nasik,Maharashtra,bajri,2016,Kharif Crops,1330.0,1,not found,,108.0,
2015-01-01,Yeola,bajri,2015,January,129,1269,1394,1338,Nasik,Maharashtra,bajri,2015,Kharif Crops,1275.0,1,not found,,63.0,
2016-01-01,Yeola,bajri,2016,January,32,1369,1581,1467,Nasik,Maharashtra,bajri,2016,Kharif Crops,1330.0,1,not found,,137.0,
2015-07-01,Yeola,bajri,2015,July,106,1297,1384,1339,Nasik,Maharashtra,bajri,2015,Kharif Crops,1275.0,1,not found,,64.0,
2016-07-01,Yeola,bajri,2016,July,19,1748,1929,1858,Nasik,Maharashtra,bajri,2016,Kharif Crops,1330.0,1,not found,,528.0,
2015-06-01,Yeola,bajri,2015,June,160,1255,1366,1274,Nasik,Maharashtra,bajri,2015,Kharif Crops,1275.0,1,not found,,-1.0,
2016-06-01,Yeola,bajri,2016,June,84,1605,1859,1734,Nasik,Maharashtra,bajri,2016,Kharif Crops,1330.0,1,not found,,404.0,
2015-03-01,Yeola,bajri,2015,March,108,1257,1513,1344,Nasik,Maharashtra,bajri,2015,Kharif Crops,1275.0,1,not found,,69.0,
2016-03-01,Yeola,bajri,2016,March,72,1484,1769,1560,Nasik,Maharashtra,bajri,2016,Kharif Crops,1330.0,1,not found,,230.0,
2015-05-01,Yeola,bajri,2015,May,189,1261,1360,1286,Nasik,Maharashtra,bajri,2015,Kharif Crops,1275.0,1,not found,,11.0,
2016-05-01,Yeola,bajri,2016,May,180,1553,1976,1773,Nasik,Maharashtra,bajri,2016,Kharif Crops,1330.0,1,not found,,443.0,
2014-11-01,Yeola,bajri,2014,November,783,1251,1462,1347,Nasik,Maharashtra,bajri,2014,Kharif Crops,1250.0,1,not found,,97.0,
2015-11-01,Yeola,bajri,2015,November,84,1408,1575,1504,Nasik,Maharashtra,bajri,2015,Kharif Crops,1275.0,1,not found,,229.0,
2014-10-01,Yeola,bajri,2014,October,386,1245,1470,1314,Nasik,Maharashtra,bajri,2014,Kharif Crops,1250.0,1,not found,,64.0,
2015-10-01,Yeola,bajri,2015,October,264,1295,1465,1366,Nasik,Maharashtra,bajri,2015,Kharif Crops,1275.0,1,not found,,91.0,
2016-10-01,Yeola,bajri,2016,October,1794,1301,1490,1344,Nasik,Maharashtra,bajri,2016,Kharif Crops,1330.0,1,not found,,14.0,
2014-09-01,Yeola,bajri,2014,September,437,1272,1443,1353,Nasik,Maharashtra,bajri,2014,Kharif Crops,1250.0,1,not found,,103.0,
2015-09-01,Yeola,bajri,2015,September,65,1382,1560,1463,Nasik,Maharashtra,bajri,2015,Kharif Crops,1275.0,1,not found,,188.0,
2016-09-01,Yeola,bajri,2016,September,593,1404,1781,1589,Nasik,Maharashtra,bajri,2016,Kharif Crops,1330.0,1,not found,,259.0,
2016-11-01,Yeola,bajri,2016,November,283,1325,1456,1353,Nasik,Maharashtra,bajri,2016,Kharif Crops,1330.0,1,not found,,23.0,
