date,APMC,Commodity,Year,Month,arrivals_in_qtl,min_price,max_price,modal_price,district_name,state_name,commodity,year,Type,msprice,msp_filter,seasonality,deseasonal
2016-04-01,Daryapur,black gram,2016,April,220,8980,11148,10081,Amaravathi,Maharashtra,,,,,,not found,
2015-08-01,Daryapur,black gram,2015,August,61,6199,6227,6213,Amaravathi,Maharashtra,,,,,,not found,
2016-08-01,Daryapur,black gram,2016,August,109,4613,5894,5176,Amaravathi,Maharashtra,,,,,,not found,
2014-12-01,Daryapur,black gram,2014,December,45,4026,5362,5175,Amaravathi,Maharashtra,,,,,,not found,
2015-12-01,Daryapur,black gram,2015,December,625,7036,10062,9372,Amaravathi,Maharashtra,,,,,,not found,
2016-02-01,Daryapur,black gram,2016,February,28,7500,7900,7550,Amaravathi,Maharashtra,,,,,,not found,
2015-01-01,Daryapur,black gram,2015,January,52,5242,5950,5834,Amaravathi,Maharashtra,,,,,,not found,
2016-01-01,Daryapur,black gram,2016,January,256,7671,8373,8182,Amaravathi,Maharashtra,,,,,,not found,
2015-07-01,Daryapur,black gram,2015,July,65,6738,7120,6880,Amaravathi,Maharashtra,,,,,,not found,
2016-07-01,Daryapur,black gram,2016,July,119,6450,9333,8140,Amaravathi,Maharashtra,,,,,,not found,
2015-06-01,Daryapur,black gram,2015,June,362,7104,8914,7791,Amaravathi,Maharashtra,,,,,,not found,
2016-06-01,Daryapur,black gram,2016,June,756,7610,12826,10636,Amaravathi,Maharashtra,,,,,,not found,
2016-03-01,Daryapur,black gram,2016,March,34,7000,7868,7202,Amaravathi,Maharashtra,,,,,,not found,
2015-05-01,Daryapur,black gram,2015,May,12,6050,11600,7000,Amaravathi,Maharashtra,,,,,,not found,
2016-05-01,Daryapur,black gram,2016,May,428,7411,10903,9305,Amaravathi,Maharashtra,,,,,,not found,
2014-11-01,Daryapur,black gram,2014,November,259,4800,5513,5267,Amaravathi,Maharashtra,,,,,,not found,
2015-11-01,Daryapur,black gram,2015,November,498,7187,9911,8733,Amaravathi,Maharashtra,,,,,,not found,
2015-10-01,Daryapur,black gram,2015,October,3193,7166,11248,9655,Amaravathi,Maharashtra,,,,,,not found,
2016-10-01,Daryapur,black gram,2016,October,17797,2111,7590,7184,Amaravathi,Maharashtra,,,,,,not found,
2014-09-01,Daryapur,black gram,2014,September,29,3600,4781,4500,Amaravathi,Maharashtra,,,,,,not found,
2015-09-01,Daryapur,black gram,2015,September,4927,6912,8920,8261,Amaravathi,Maharashtra,,,,,,not found,
2016-09-01,Daryapur,black gram,2016,September,3042,4375,6883,6460,Amaravathi,Maharashtra,,,,,,not found,
2016-11-01,Daryapur,black gram,2016,November,9354,2238,7552,7050,Amaravathi,Maharashtra,,,,,,not found,
