date,APMC,Commodity,Year,Month,arrivals_in_qtl,min_price,max_price,modal_price,district_name,state_name,commodity,year,Type,msprice,msp_filter,seasonality,deseasonal,Peak seasonal price fluctuation %
2016-08-01,Nashik-Devlali,ambat chuka,2016,August,61,166,346,264,Nasik,Maharashtra,,,,,,additive,,51.83795948987247
2016-07-01,Nashik-Devlali,ambat chuka,2016,July,17,163,413,263,Nasik,Maharashtra,,,,,,additive,324.0,51.83795948987247
2016-10-01,Nashik-Devlali,ambat chuka,2016,October,40,360,647,506,Nasik,Maharashtra,,,,,,additive,393.75,51.83795948987247
2016-09-01,Nashik-Devlali,ambat chuka,2016,September,12,150,400,300,Nasik,Maharashtra,,,,,,additive,,51.83795948987247
