date,APMC,Commodity,Year,Month,arrivals_in_qtl,min_price,max_price,modal_price,district_name,state_name,commodity,year,Type,msprice,msp_filter,seasonality,deseasonal,Raw vs MSP diff,Desasonal vs MSP diff
2015-04-01,Gevrai,bajri,2015,April,1221,1230,1348,1284,Beed,Maharashtra,bajri,2015,Kharif Crops,1275.0,1,not found,,9.0,
2016-04-01,Gevrai,bajri,2016,April,2316,1610,1813,1704,Beed,Maharashtra,bajri,2016,Kharif Crops,1330.0,1,not found,,374.0,
2015-08-01,Gevrai,bajri,2015,August,1174,1330,1479,1420,Beed,Maharashtra,bajri,2015,Kharif Crops,1275.0,1,not found,,145.0,
2016-08-01,Gevrai,bajri,2016,August,4796,1515,1762,1655,Beed,Maharashtra,bajri,2016,Kharif Crops,1330.0,1,not found,,325.0,
2014-12-01,Gevrai,bajri,2014,December,1159,1268,1442,1355,Beed,Maharashtra,bajri,2014,Kharif Crops,1250.0,1,not found,,105.0,
2015-12-01,Gevrai,bajri,2015,December,3915,1371,1597,1466,Beed,Maharashtra,bajri,2015,Kharif Crops,1275.0,1,not found,,191.0,
2015-02-01,Gevrai,bajri,2015,February,953,1096,1372,1260,Beed,Maharashtra,bajri,2015,Kharif Crops,1275.0,1,not found,,-15.0,
2016-02-01,Gevrai,bajri,2016,February,2092,1398,1653,1498,Beed,Maharashtra,bajri,2016,Kharif Crops,1330.0,1,not found,,168.0,
2015-01-01,Gevrai,bajri,2015,January,1352,1255,1461,1373,Beed,Maharashtra,bajri,2015,Kharif Crops,1275.0,1,not found,,98.0,
2016-01-01,Gevrai,bajri,2016,January,2292,1370,1596,1446,Beed,Maharashtra,bajri,2016,Kharif Crops,1330.0,1,not found,,116.0,
2015-07-01,Gevrai,bajri,2015,July,595,1247,1379,1324,Beed,Maharashtra,bajri,2015,Kharif Crops,1275.0,1,not found,,49.0,
2016-07-01,Gevrai,bajri,2016,July,1123,1653,1898,1771,Beed,Maharashtra,bajri,2016,Kharif Crops,1330.0,1,not found,,441.0,
2015-06-01,Gevrai,bajri,2015,June,2592,1141,1236,1186,Beed,Maharashtra,bajri,2015,Kharif Crops,1275.0,1,not found,,-89.0,
2016-06-01,Gevrai,bajri,2016,June,2098,1602,1796,1707,Beed,Maharashtra,bajri,2016,Kharif Crops,1330.0,1,not found,,377.0,
2015-03-01,Gevrai,bajri,2015,March,310,1162,1316,1234,Beed,Maharashtra,bajri,2015,Kharif Crops,1275.0,1,not found,,-41.0,
2016-03-01,Gevrai,bajri,2016,March,2096,1520,1734,1604,Beed,Maharashtra,bajri,2016,Kharif Crops,1330.0,1,not found,,274.0,
2015-05-01,Gevrai,bajri,2015,May,3168,1153,1851,1213,Beed,Maharashtra,bajri,2015,Kharif Crops,1275.0,1,not found,,-62.0,
2016-05-01,Gevrai,bajri,2016,May,3820,1680,1864,1770,Beed,Maharashtra,bajri,2016,Kharif Crops,1330.0,1,not found,,440.0,
2014-11-01,Gevrai,bajri,2014,November,3198,1290,1482,1370,Beed,Maharashtra,bajri,2014,Kharif Crops,1250.0,1,not found,,120.0,
2015-11-01,Gevrai,bajri,2015,November,4505,1397,1620,1502,Beed,Maharashtra,bajri,2015,Kharif Crops,1275.0,1,not found,,227.0,
2014-10-01,Gevrai,bajri,2014,October,3558,1197,1495,1336,Beed,Maharashtra,bajri,2014,Kharif Crops,1250.0,1,not found,,86.0,
2015-10-01,Gevrai,bajri,2015,October,5609,1329,1588,1403,Beed,Maharashtra,bajri,2015,Kharif Crops,1275.0,1,not found,,128.0,
2016-10-01,Gevrai,bajri,2016,October,3845,1248,1703,1461,Beed,Maharashtra,bajri,2016,Kharif Crops,1330.0,1,not found,,131.0,
2014-09-01,Gevrai,bajri,2014,September,1778,1228,1447,1303,Beed,Maharashtra,bajri,2014,Kharif Crops,1250.0,1,not found,,53.0,
2015-09-01,Gevrai,bajri,2015,September,4022,1292,1405,1363,Beed,Maharashtra,bajri,2015,Kharif Crops,1275.0,1,not found,,88.0,
2016-09-01,Gevrai,bajri,2016,September,4006,1364,1673,1517,Beed,Maharashtra,bajri,2016,Kharif Crops,1330.0,1,not found,,187.0,
2016-11-01,Gevrai,bajri,2016,November,6840,1207,1639,1310,Beed,Maharashtra,bajri,2016,Kharif Crops,1330.0,1,not found,,-20.0,
