date,APMC,Commodity,Year,Month,arrivals_in_qtl,min_price,max_price,modal_price,district_name,state_name,commodity,year,Type,msprice,msp_filter,seasonality,deseasonal,Peak seasonal price fluctuation %
2016-10-01,Pathardi,black gram,2016,October,379,6533,7034,6817,Ahmadnagar,Maharashtra,,,,,,additive,,13.824597439753513
2015-09-01,Pathardi,black gram,2015,September,9,7250,8015,7758,Ahmadnagar,Maharashtra,,,,,,additive,7176.0,13.824597439753513
2016-09-01,Pathardi,black gram,2016,September,337,6167,6567,6371,Ahmadnagar,Maharashtra,,,,,,additive,6704.25,13.824597439753513
2016-11-01,Pathardi,black gram,2016,November,93,5833,6833,6317,Ahmadnagar,Maharashtra,,,,,,additive,,13.824597439753513
