date,APMC,Commodity,Year,Month,arrivals_in_qtl,min_price,max_price,modal_price,district_name,state_name,commodity,year,Type,msprice,msp_filter,seasonality,deseasonal,Raw vs MSP diff,Desasonal vs MSP diff
2015-04-01,Kej,bajri,2015,April,44,1413,1634,1493,Beed,Maharashtra,bajri,2015,Kharif Crops,1275.0,1,not found,,218.0,
2016-04-01,Kej,bajri,2016,April,229,1297,1743,1478,Beed,Maharashtra,bajri,2016,Kharif Crops,1330.0,1,not found,,148.0,
2015-08-01,Kej,bajri,2015,August,43,1564,1744,1614,Beed,Maharashtra,bajri,2015,Kharif Crops,1275.0,1,not found,,339.0,
2016-08-01,Kej,bajri,2016,August,232,1424,1619,1485,Beed,Maharashtra,bajri,2016,Kharif Crops,1330.0,1,not found,,155.0,
2014-12-01,Kej,bajri,2014,December,28,1592,1871,1700,Beed,Maharashtra,bajri,2014,Kharif Crops,1250.0,1,not found,,450.0,
2015-12-01,Kej,bajri,2015,December,425,1308,1809,1466,Beed,Maharashtra,bajri,2015,Kharif Crops,1275.0,1,not found,,191.0,
2016-02-01,Kej,bajri,2016,February,157,1305,1588,1361,Beed,Maharashtra,bajri,2016,Kharif Crops,1330.0,1,not found,,31.0,
2015-01-01,Kej,bajri,2015,January,93,1489,1851,1634,Beed,Maharashtra,bajri,2015,Kharif Crops,1275.0,1,not found,,359.0,
2016-01-01,Kej,bajri,2016,January,252,1295,1608,1364,Beed,Maharashtra,bajri,2016,Kharif Crops,1330.0,1,not found,,34.0,
2015-07-01,Kej,bajri,2015,July,36,1449,1557,1470,Beed,Maharashtra,bajri,2015,Kharif Crops,1275.0,1,not found,,195.0,
2016-07-01,Kej,bajri,2016,July,118,1362,1629,1457,Beed,Maharashtra,bajri,2016,Kharif Crops,1330.0,1,not found,,127.0,
2015-06-01,Kej,bajri,2015,June,89,1385,1557,1427,Beed,Maharashtra,bajri,2015,Kharif Crops,1275.0,1,not found,,152.0,
2016-06-01,Kej,bajri,2016,June,160,1383,1749,1546,Beed,Maharashtra,bajri,2016,Kharif Crops,1330.0,1,not found,,216.0,
2016-03-01,Kej,bajri,2016,March,86,1287,1629,1373,Beed,Maharashtra,bajri,2016,Kharif Crops,1330.0,1,not found,,43.0,
2016-05-01,Kej,bajri,2016,May,205,1336,1842,1551,Beed,Maharashtra,bajri,2016,Kharif Crops,1330.0,1,not found,,221.0,
2015-11-01,Kej,bajri,2015,November,286,1417,1961,1689,Beed,Maharashtra,bajri,2015,Kharif Crops,1275.0,1,not found,,414.0,
2014-10-01,Kej,bajri,2014,October,5,1448,1474,1448,Beed,Maharashtra,bajri,2014,Kharif Crops,1250.0,1,not found,,198.0,
2015-10-01,Kej,bajri,2015,October,240,1451,1781,1595,Beed,Maharashtra,bajri,2015,Kharif Crops,1275.0,1,not found,,320.0,
2016-10-01,Kej,bajri,2016,October,172,1351,1864,1567,Beed,Maharashtra,bajri,2016,Kharif Crops,1330.0,1,not found,,237.0,
2014-09-01,Kej,bajri,2014,September,35,1342,1492,1359,Beed,Maharashtra,bajri,2014,Kharif Crops,1250.0,1,not found,,109.0,
2015-09-01,Kej,bajri,2015,September,120,1507,1685,1575,Beed,Maharashtra,bajri,2015,Kharif Crops,1275.0,1,not found,,300.0,
2016-09-01,Kej,bajri,2016,September,299,1365,1693,1492,Beed,Maharashtra,bajri,2016,Kharif Crops,1330.0,1,not found,,162.0,
2016-11-01,Kej,bajri,2016,November,657,1181,1669,1240,Beed,Maharashtra,bajri,2016,Kharif Crops,1330.0,1,not found,,-90.0,
