date,APMC,Commodity,Year,Month,arrivals_in_qtl,min_price,max_price,modal_price,district_name,state_name,commodity,year,Type,msprice,msp_filter,seasonality,deseasonal,Peak seasonal price fluctuation %
2016-06-01,Sangrampur-Varvatbakal,black gram,2016,June,55,5467,7583,6983,Buldhana,Maharashtra,,,,,,additive,,33.81233951329831
2015-11-01,Sangrampur-Varvatbakal,black gram,2015,November,2,6500,8550,7250,Buldhana,Maharashtra,,,,,,additive,7737.5,33.81233951329831
2015-10-01,Sangrampur-Varvatbakal,black gram,2015,October,7,7833,10033,9467,Buldhana,Maharashtra,,,,,,additive,8134.5,33.81233951329831
2016-10-01,Sangrampur-Varvatbakal,black gram,2016,October,361,4908,6924,6354,Buldhana,Maharashtra,,,,,,additive,7148.0,33.81233951329831
2016-09-01,Sangrampur-Varvatbakal,black gram,2016,September,285,5733,6756,6417,Buldhana,Maharashtra,,,,,,additive,6291.5,33.81233951329831
2016-11-01,Sangrampur-Varvatbakal,black gram,2016,November,59,4389,6423,5978,Buldhana,Maharashtra,,,,,,additive,,33.81233951329831
