date,APMC,Commodity,Year,Month,arrivals_in_qtl,min_price,max_price,modal_price,district_name,state_name,commodity,year,Type,msprice,msp_filter,seasonality,deseasonal,Raw vs MSP diff,Desasonal vs MSP diff
2015-04-01,Kada,bajri,2015,April,339,1161,1400,1261,Beed,Maharashtra,bajri,2015,Kharif Crops,1275.0,1,not found,,-14.0,
2016-04-01,Kada,bajri,2016,April,129,1525,1888,1706,Beed,Maharashtra,bajri,2016,Kharif Crops,1330.0,1,not found,,376.0,
2015-08-01,Kada,bajri,2015,August,100,1382,1535,1469,Beed,Maharashtra,bajri,2015,Kharif Crops,1275.0,1,not found,,194.0,
2016-08-01,Kada,bajri,2016,August,865,1413,1808,1594,Beed,Maharashtra,bajri,2016,Kharif Crops,1330.0,1,not found,,264.0,
2014-12-01,Kada,bajri,2014,December,802,1250,1590,1428,Beed,Maharashtra,bajri,2014,Kharif Crops,1250.0,1,not found,,178.0,
2015-12-01,Kada,bajri,2015,December,216,1297,1626,1407,Beed,Maharashtra,bajri,2015,Kharif Crops,1275.0,1,not found,,132.0,
2015-02-01,Kada,bajri,2015,February,451,1250,1431,1289,Beed,Maharashtra,bajri,2015,Kharif Crops,1275.0,1,not found,,14.0,
2016-02-01,Kada,bajri,2016,February,137,1281,1675,1401,Beed,Maharashtra,bajri,2016,Kharif Crops,1330.0,1,not found,,71.0,
2015-01-01,Kada,bajri,2015,January,565,1250,1621,1447,Beed,Maharashtra,bajri,2015,Kharif Crops,1275.0,1,not found,,172.0,
2016-01-01,Kada,bajri,2016,January,202,1256,1750,1475,Beed,Maharashtra,bajri,2016,Kharif Crops,1330.0,1,not found,,145.0,
2015-07-01,Kada,bajri,2015,July,224,1295,1463,1405,Beed,Maharashtra,bajri,2015,Kharif Crops,1275.0,1,not found,,130.0,
2016-07-01,Kada,bajri,2016,July,66,1400,1788,1688,Beed,Maharashtra,bajri,2016,Kharif Crops,1330.0,1,not found,,358.0,
2015-06-01,Kada,bajri,2015,June,534,1250,1407,1307,Beed,Maharashtra,bajri,2015,Kharif Crops,1275.0,1,not found,,32.0,
2016-06-01,Kada,bajri,2016,June,405,1550,1975,1794,Beed,Maharashtra,bajri,2016,Kharif Crops,1330.0,1,not found,,464.0,
2015-03-01,Kada,bajri,2015,March,425,1200,1358,1271,Beed,Maharashtra,bajri,2015,Kharif Crops,1275.0,1,not found,,-4.0,
2016-03-01,Kada,bajri,2016,March,207,1332,1714,1504,Beed,Maharashtra,bajri,2016,Kharif Crops,1330.0,1,not found,,174.0,
2015-05-01,Kada,bajri,2015,May,511,1194,1361,1297,Beed,Maharashtra,bajri,2015,Kharif Crops,1275.0,1,not found,,22.0,
2016-05-01,Kada,bajri,2016,May,216,1579,1946,1771,Beed,Maharashtra,bajri,2016,Kharif Crops,1330.0,1,not found,,441.0,
2014-11-01,Kada,bajri,2014,November,1662,1251,1695,1554,Beed,Maharashtra,bajri,2014,Kharif Crops,1250.0,1,not found,,304.0,
2015-11-01,Kada,bajri,2015,November,539,1315,1565,1408,Beed,Maharashtra,bajri,2015,Kharif Crops,1275.0,1,not found,,133.0,
2014-10-01,Kada,bajri,2014,October,1138,1234,1638,1458,Beed,Maharashtra,bajri,2014,Kharif Crops,1250.0,1,not found,,208.0,
2015-10-01,Kada,bajri,2015,October,520,1282,1471,1391,Beed,Maharashtra,bajri,2015,Kharif Crops,1275.0,1,not found,,116.0,
2016-10-01,Kada,bajri,2016,October,2415,1158,1650,1318,Beed,Maharashtra,bajri,2016,Kharif Crops,1330.0,1,not found,,-12.0,
2014-09-01,Kada,bajri,2014,September,821,1278,1512,1336,Beed,Maharashtra,bajri,2014,Kharif Crops,1250.0,1,not found,,86.0,
2015-09-01,Kada,bajri,2015,September,381,1442,1559,1501,Beed,Maharashtra,bajri,2015,Kharif Crops,1275.0,1,not found,,226.0,
2016-09-01,Kada,bajri,2016,September,1107,1304,1584,1418,Beed,Maharashtra,bajri,2016,Kharif Crops,1330.0,1,not found,,88.0,
2016-11-01,Kada,bajri,2016,November,548,1270,1735,1408,Beed,Maharashtra,bajri,2016,Kharif Crops,1330.0,1,not found,,78.0,
