date,APMC,Commodity,Year,Month,arrivals_in_qtl,min_price,max_price,modal_price,district_name,state_name,commodity,year,Type,msprice,msp_filter,seasonality,deseasonal,Peak seasonal price fluctuation %,Raw vs MSP diff,Desasonal vs MSP diff
2015-04-01,Baramati,bajri,2015,April,226,1450,1726,1520,Pune,Maharashtra,bajri,2015,Kharif Crops,1275.0,1,additive,,11.479023291126845,245.0,
2016-04-01,Baramati,bajri,2016,April,953,1690,2334,1867,Pune,Maharashtra,bajri,2016,Kharif Crops,1330.0,1,additive,1751.0,11.479023291126845,537.0,421.0
2015-08-01,Baramati,bajri,2015,August,73,1250,2000,1750,Pune,Maharashtra,bajri,2015,Kharif Crops,1275.0,1,additive,1784.75,11.479023291126845,475.0,509.75
2016-08-01,Baramati,bajri,2016,August,1793,1602,1976,1772,Pune,Maharashtra,bajri,2016,Kharif Crops,1330.0,1,additive,1732.25,11.479023291126845,442.0,402.25
2014-12-01,Baramati,bajri,2014,December,4548,1469,1758,1635,Pune,Maharashtra,bajri,2014,Kharif Crops,1250.0,1,additive,1696.0,11.479023291126845,385.0,446.0
2015-12-01,Baramati,bajri,2015,December,4142,1554,2063,1742,Pune,Maharashtra,bajri,2015,Kharif Crops,1275.0,1,additive,1681.25,11.479023291126845,467.0,406.25
2015-02-01,Baramati,bajri,2015,February,1103,1400,1781,1606,Pune,Maharashtra,bajri,2015,Kharif Crops,1275.0,1,additive,1671.5,11.479023291126845,331.0,396.5
2016-02-01,Baramati,bajri,2016,February,1648,1518,2050,1732,Pune,Maharashtra,bajri,2016,Kharif Crops,1330.0,1,additive,1661.25,11.479023291126845,402.0,331.25
2015-01-01,Baramati,bajri,2015,January,1952,1475,1733,1575,Pune,Maharashtra,bajri,2015,Kharif Crops,1275.0,1,additive,1648.75,11.479023291126845,300.0,373.75
2016-01-01,Baramati,bajri,2016,January,1305,1556,1956,1713,Pune,Maharashtra,bajri,2016,Kharif Crops,1330.0,1,additive,1645.25,11.479023291126845,383.0,315.25
2015-07-01,Baramati,bajri,2015,July,171,1444,1801,1580,Pune,Maharashtra,bajri,2015,Kharif Crops,1275.0,1,additive,1680.75,11.479023291126845,305.0,405.75
2016-07-01,Baramati,bajri,2016,July,260,1700,2300,1850,Pune,Maharashtra,bajri,2016,Kharif Crops,1330.0,1,additive,1696.5,11.479023291126845,520.0,366.5
2015-06-01,Baramati,bajri,2015,June,743,1289,1744,1506,Pune,Maharashtra,bajri,2015,Kharif Crops,1275.0,1,additive,1673.5,11.479023291126845,231.0,398.5
2016-06-01,Baramati,bajri,2016,June,1032,1651,2126,1832,Pune,Maharashtra,bajri,2016,Kharif Crops,1330.0,1,additive,1744.5,11.479023291126845,502.0,414.5
2016-03-01,Baramati,bajri,2016,March,916,1659,2129,1808,Pune,Maharashtra,bajri,2016,Kharif Crops,1330.0,1,additive,1829.0,11.479023291126845,478.0,499.0
2016-05-01,Baramati,bajri,2016,May,1043,1721,2212,1868,Pune,Maharashtra,bajri,2016,Kharif Crops,1330.0,1,additive,1793.25,11.479023291126845,538.0,463.25
2014-11-01,Baramati,bajri,2014,November,3785,1456,1854,1629,Pune,Maharashtra,bajri,2014,Kharif Crops,1250.0,1,additive,1702.25,11.479023291126845,379.0,452.25
2015-11-01,Baramati,bajri,2015,November,2658,1493,2017,1683,Pune,Maharashtra,bajri,2015,Kharif Crops,1275.0,1,additive,1655.25,11.479023291126845,408.0,380.25
2014-10-01,Baramati,bajri,2014,October,622,1450,1800,1626,Pune,Maharashtra,bajri,2014,Kharif Crops,1250.0,1,additive,1654.5,11.479023291126845,376.0,404.5
2015-10-01,Baramati,bajri,2015,October,1204,1453,1938,1683,Pune,Maharashtra,bajri,2015,Kharif Crops,1275.0,1,additive,1658.0,11.479023291126845,408.0,383.0
2016-10-01,Baramati,bajri,2016,October,5493,1461,1955,1640,Pune,Maharashtra,bajri,2016,Kharif Crops,1330.0,1,additive,1641.0,11.479023291126845,310.0,311.0
2014-09-01,Baramati,bajri,2014,September,99,1450,1775,1601,Pune,Maharashtra,bajri,2014,Kharif Crops,1250.0,1,additive,1651.25,11.479023291126845,351.0,401.25
2016-09-01,Baramati,bajri,2016,September,7839,1581,1892,1763,Pune,Maharashtra,bajri,2016,Kharif Crops,1330.0,1,additive,1744.25,11.479023291126845,433.0,414.25
2016-11-01,Baramati,bajri,2016,November,3666,1581,2094,1850,Pune,Maharashtra,bajri,2016,Kharif Crops,1330.0,1,additive,,11.479023291126845,520.0,
