date,APMC,Commodity,Year,Month,arrivals_in_qtl,min_price,max_price,modal_price,district_name,state_name,commodity,year,Type,msprice,msp_filter,seasonality,deseasonal,Peak seasonal price fluctuation %
2015-04-01,Rahata,bitter gourd,2015,April,20,2571,2843,2671,Ahmadnagar,Maharashtra,,,,,,additive,,157.5228752004528
2016-04-01,Rahata,bitter gourd,2016,April,5,6300,6300,6300,Ahmadnagar,Maharashtra,,,,,,additive,4258.75,157.5228752004528
2015-08-01,Rahata,bitter gourd,2015,August,47,1536,2155,1764,Ahmadnagar,Maharashtra,,,,,,additive,2867.5,157.5228752004528
2016-08-01,Rahata,bitter gourd,2016,August,56,1367,1917,1642,Ahmadnagar,Maharashtra,,,,,,additive,1955.75,157.5228752004528
2014-12-01,Rahata,bitter gourd,2014,December,11,2775,3038,2775,Ahmadnagar,Maharashtra,,,,,,additive,2285.5,157.5228752004528
2015-12-01,Rahata,bitter gourd,2015,December,17,1900,2250,1950,Ahmadnagar,Maharashtra,,,,,,additive,2418.75,157.5228752004528
2015-02-01,Rahata,bitter gourd,2015,February,2,3000,3000,3000,Ahmadnagar,Maharashtra,,,,,,additive,2487.5,157.5228752004528
2015-01-01,Rahata,bitter gourd,2015,January,1,2000,2000,2000,Ahmadnagar,Maharashtra,,,,,,additive,2312.5,157.5228752004528
2016-01-01,Rahata,bitter gourd,2016,January,7,1500,2525,2250,Ahmadnagar,Maharashtra,,,,,,additive,2115.75,157.5228752004528
2015-07-01,Rahata,bitter gourd,2015,July,36,1388,2400,1963,Ahmadnagar,Maharashtra,,,,,,additive,2615.25,157.5228752004528
2016-07-01,Rahata,bitter gourd,2016,July,48,3985,4815,4285,Ahmadnagar,Maharashtra,,,,,,additive,3239.5,157.5228752004528
2015-06-01,Rahata,bitter gourd,2015,June,8,2375,2625,2425,Ahmadnagar,Maharashtra,,,,,,additive,3663.25,157.5228752004528
2016-06-01,Rahata,bitter gourd,2016,June,35,5500,5773,5518,Ahmadnagar,Maharashtra,,,,,,additive,4115.25,157.5228752004528
2015-03-01,Rahata,bitter gourd,2015,March,1,3000,3000,3000,Ahmadnagar,Maharashtra,,,,,,additive,3579.5,157.5228752004528
2016-03-01,Rahata,bitter gourd,2016,March,8,2700,3000,2800,Ahmadnagar,Maharashtra,,,,,,additive,2743.75,157.5228752004528
2015-05-01,Rahata,bitter gourd,2015,May,5,2375,2500,2375,Ahmadnagar,Maharashtra,,,,,,additive,2844.25,157.5228752004528
2016-05-01,Rahata,bitter gourd,2016,May,30,3636,4136,3827,Ahmadnagar,Maharashtra,,,,,,additive,3096.0,157.5228752004528
2014-11-01,Rahata,bitter gourd,2014,November,28,2136,2609,2355,Ahmadnagar,Maharashtra,,,,,,additive,2517.5,157.5228752004528
2015-11-01,Rahata,bitter gourd,2015,November,13,1483,1850,1533,Ahmadnagar,Maharashtra,,,,,,additive,1699.0,157.5228752004528
2014-10-01,Rahata,bitter gourd,2014,October,43,1150,1625,1375,Ahmadnagar,Maharashtra,,,,,,additive,1452.0,157.5228752004528
2015-10-01,Rahata,bitter gourd,2015,October,43,1325,1800,1525,Ahmadnagar,Maharashtra,,,,,,additive,1306.25,157.5228752004528
2016-10-01,Rahata,bitter gourd,2016,October,1,800,800,800,Ahmadnagar,Maharashtra,,,,,,additive,1381.25,157.5228752004528
2014-09-01,Rahata,bitter gourd,2014,September,81,2131,2777,2400,Ahmadnagar,Maharashtra,,,,,,additive,1697.75,157.5228752004528
2015-09-01,Rahata,bitter gourd,2015,September,64,1036,1482,1191,Ahmadnagar,Maharashtra,,,,,,additive,1406.5,157.5228752004528
2016-09-01,Rahata,bitter gourd,2016,September,100,656,1011,844,Ahmadnagar,Maharashtra,,,,,,additive,979.25,157.5228752004528
2016-11-01,Rahata,bitter gourd,2016,November,14,988,1194,1038,Ahmadnagar,Maharashtra,,,,,,additive,,157.5228752004528
