date,APMC,Commodity,Year,Month,arrivals_in_qtl,min_price,max_price,modal_price,district_name,state_name,commodity,year,Type,msprice,msp_filter,seasonality,deseasonal
2014-12-01,Tasgaon,black gram,2014,December,260,3900,4500,4175,Sangli,Maharashtra,,,,,,not found,
2014-11-01,Tasgaon,black gram,2014,November,80,4350,4450,4400,Sangli,Maharashtra,,,,,,not found,
2014-10-01,Tasgaon,black gram,2014,October,230,4300,4550,4380,Sangli,Maharashtra,,,,,,not found,
2016-10-01,Tasgaon,black gram,2016,October,105,5100,5650,5400,Sangli,Maharashtra,,,,,,not found,
2016-11-01,Tasgaon,black gram,2016,November,125,5350,5963,5625,Sangli,Maharashtra,,,,,,not found,
