date,APMC,Commodity,Year,Month,arrivals_in_qtl,min_price,max_price,modal_price,district_name,state_name,commodity,year,Type,msprice,msp_filter,seasonality,deseasonal
2015-08-01,Umarga,black gram,2015,August,45,7370,8489,8197,Osmanabad,Maharashtra,,,,,,not found,
2016-08-01,Umarga,black gram,2016,August,385,5987,6716,6493,Osmanabad,Maharashtra,,,,,,not found,
2014-12-01,Umarga,black gram,2014,December,81,4772,5440,5305,Osmanabad,Maharashtra,,,,,,not found,
2015-12-01,Umarga,black gram,2015,December,5,9867,9867,9867,Osmanabad,Maharashtra,,,,,,not found,
2015-02-01,Umarga,black gram,2015,February,6,5404,5434,5404,Osmanabad,Maharashtra,,,,,,not found,
2015-01-01,Umarga,black gram,2015,January,26,5256,5605,5478,Osmanabad,Maharashtra,,,,,,not found,
2015-06-01,Umarga,black gram,2015,June,2,7950,7950,7950,Osmanabad,Maharashtra,,,,,,not found,
2015-05-01,Umarga,black gram,2015,May,2,7000,7000,7000,Osmanabad,Maharashtra,,,,,,not found,
2014-11-01,Umarga,black gram,2014,November,436,4641,5556,5347,Osmanabad,Maharashtra,,,,,,not found,
2015-11-01,Umarga,black gram,2015,November,21,7058,9435,8600,Osmanabad,Maharashtra,,,,,,not found,
2014-10-01,Umarga,black gram,2014,October,1890,3814,5082,4706,Osmanabad,Maharashtra,,,,,,not found,
2015-10-01,Umarga,black gram,2015,October,163,8168,11028,10282,Osmanabad,Maharashtra,,,,,,not found,
2016-10-01,Umarga,black gram,2016,October,2024,2897,7697,7298,Osmanabad,Maharashtra,,,,,,not found,
2014-09-01,Umarga,black gram,2014,September,866,4092,5612,5014,Osmanabad,Maharashtra,,,,,,not found,
2015-09-01,Umarga,black gram,2015,September,307,7450,9086,8763,Osmanabad,Maharashtra,,,,,,not found,
2016-09-01,Umarga,black gram,2016,September,2387,5469,7137,6925,Osmanabad,Maharashtra,,,,,,not found,
2016-11-01,Umarga,black gram,2016,November,3110,4297,7783,7507,Osmanabad,Maharashtra,,,,,,not found,
