date,APMC,Commodity,Year,Month,arrivals_in_qtl,min_price,max_price,modal_price,district_name,state_name,commodity,year,Type,msprice,msp_filter,seasonality,deseasonal,Peak seasonal price fluctuation %
2016-08-01,Digras,black gram,2016,August,2,5975,5975,5975,Yewatmal,Maharashtra,,,,,,additive,,53.17355077483325
2015-12-01,Digras,black gram,2015,December,2,8678,8678,8678,Yewatmal,Maharashtra,,,,,,additive,6677.75,53.17355077483325
2016-02-01,Digras,black gram,2016,February,2,3380,3380,3380,Yewatmal,Maharashtra,,,,,,additive,5609.5,53.17355077483325
2016-01-01,Digras,black gram,2016,January,1,7000,7000,7000,Yewatmal,Maharashtra,,,,,,additive,6008.75,53.17355077483325
2015-07-01,Digras,black gram,2015,July,1,6655,6655,6655,Yewatmal,Maharashtra,,,,,,additive,7453.75,53.17355077483325
2016-07-01,Digras,black gram,2016,July,1,9505,9505,9505,Yewatmal,Maharashtra,,,,,,additive,8519.5,53.17355077483325
2016-06-01,Digras,black gram,2016,June,2,8413,8413,8413,Yewatmal,Maharashtra,,,,,,additive,8374.75,53.17355077483325
2016-05-01,Digras,black gram,2016,May,4,7168,7502,7168,Yewatmal,Maharashtra,,,,,,additive,7818.5,53.17355077483325
2015-11-01,Digras,black gram,2015,November,5,8525,8575,8525,Yewatmal,Maharashtra,,,,,,additive,8620.75,53.17355077483325
2015-10-01,Digras,black gram,2015,October,14,10170,10431,10265,Yewatmal,Maharashtra,,,,,,additive,8852.5,53.17355077483325
2016-10-01,Digras,black gram,2016,October,206,6029,6786,6355,Yewatmal,Maharashtra,,,,,,additive,7382.0,53.17355077483325
2015-09-01,Digras,black gram,2015,September,18,7239,7574,6553,Yewatmal,Maharashtra,,,,,,additive,6542.75,53.17355077483325
2016-09-01,Digras,black gram,2016,September,192,6448,6915,6710,Yewatmal,Maharashtra,,,,,,additive,6461.25,53.17355077483325
2016-11-01,Digras,black gram,2016,November,19,5806,5911,5872,Yewatmal,Maharashtra,,,,,,additive,,53.17355077483325
