date,APMC,Commodity,Year,Month,arrivals_in_qtl,min_price,max_price,modal_price,district_name,state_name,commodity,year,Type,msprice,msp_filter,seasonality,deseasonal,Raw vs MSP diff,Desasonal vs MSP diff
2015-04-01,Shirur,bajri,2015,April,29,1344,1361,1361,Pune,Maharashtra,bajri,2015,Kharif Crops,1275.0,1,not found,,86.0,
2016-04-01,Shirur,bajri,2016,April,101,1549,1732,1699,Pune,Maharashtra,bajri,2016,Kharif Crops,1330.0,1,not found,,369.0,
2015-08-01,Shirur,bajri,2015,August,59,1333,1405,1389,Pune,Maharashtra,bajri,2015,Kharif Crops,1275.0,1,not found,,114.0,
2016-08-01,Shirur,bajri,2016,August,438,1466,1712,1635,Pune,Maharashtra,bajri,2016,Kharif Crops,1330.0,1,not found,,305.0,
2014-12-01,Shirur,bajri,2014,December,129,1351,1446,1396,Pune,Maharashtra,bajri,2014,Kharif Crops,1250.0,1,not found,,146.0,
2015-12-01,Shirur,bajri,2015,December,187,1351,1498,1439,Pune,Maharashtra,bajri,2015,Kharif Crops,1275.0,1,not found,,164.0,
2015-02-01,Shirur,bajri,2015,February,61,1303,1334,1325,Pune,Maharashtra,bajri,2015,Kharif Crops,1275.0,1,not found,,50.0,
2016-02-01,Shirur,bajri,2016,February,78,1391,1504,1473,Pune,Maharashtra,bajri,2016,Kharif Crops,1330.0,1,not found,,143.0,
2015-01-01,Shirur,bajri,2015,January,84,1341,1395,1372,Pune,Maharashtra,bajri,2015,Kharif Crops,1275.0,1,not found,,97.0,
2016-01-01,Shirur,bajri,2016,January,142,1342,1453,1391,Pune,Maharashtra,bajri,2016,Kharif Crops,1330.0,1,not found,,61.0,
2015-07-01,Shirur,bajri,2015,July,34,1320,1345,1330,Pune,Maharashtra,bajri,2015,Kharif Crops,1275.0,1,not found,,55.0,
2016-07-01,Shirur,bajri,2016,July,144,1591,1760,1705,Pune,Maharashtra,bajri,2016,Kharif Crops,1330.0,1,not found,,375.0,
2015-06-01,Shirur,bajri,2015,June,26,1381,1406,1406,Pune,Maharashtra,bajri,2015,Kharif Crops,1275.0,1,not found,,131.0,
2016-06-01,Shirur,bajri,2016,June,122,1601,1789,1686,Pune,Maharashtra,bajri,2016,Kharif Crops,1330.0,1,not found,,356.0,
2015-03-01,Shirur,bajri,2015,March,55,1308,1314,1313,Pune,Maharashtra,bajri,2015,Kharif Crops,1275.0,1,not found,,38.0,
2016-03-01,Shirur,bajri,2016,March,91,1416,1576,1543,Pune,Maharashtra,bajri,2016,Kharif Crops,1330.0,1,not found,,213.0,
2015-05-01,Shirur,bajri,2015,May,25,1376,1376,1376,Pune,Maharashtra,bajri,2015,Kharif Crops,1275.0,1,not found,,101.0,
2016-05-01,Shirur,bajri,2016,May,133,1659,1831,1742,Pune,Maharashtra,bajri,2016,Kharif Crops,1330.0,1,not found,,412.0,
2014-11-01,Shirur,bajri,2014,November,107,1373,1441,1437,Pune,Maharashtra,bajri,2014,Kharif Crops,1250.0,1,not found,,187.0,
2015-11-01,Shirur,bajri,2015,November,205,1286,1409,1346,Pune,Maharashtra,bajri,2015,Kharif Crops,1275.0,1,not found,,71.0,
2014-10-01,Shirur,bajri,2014,October,104,1353,1431,1390,Pune,Maharashtra,bajri,2014,Kharif Crops,1250.0,1,not found,,140.0,
2015-10-01,Shirur,bajri,2015,October,401,1240,1399,1341,Pune,Maharashtra,bajri,2015,Kharif Crops,1275.0,1,not found,,66.0,
2016-10-01,Shirur,bajri,2016,October,1363,1232,1398,1325,Pune,Maharashtra,bajri,2016,Kharif Crops,1330.0,1,not found,,-5.0,
2014-09-01,Shirur,bajri,2014,September,128,1386,1477,1436,Pune,Maharashtra,bajri,2014,Kharif Crops,1250.0,1,not found,,186.0,
2015-09-01,Shirur,bajri,2015,September,349,1321,1523,1445,Pune,Maharashtra,bajri,2015,Kharif Crops,1275.0,1,not found,,170.0,
2016-09-01,Shirur,bajri,2016,September,392,1368,1532,1477,Pune,Maharashtra,bajri,2016,Kharif Crops,1330.0,1,not found,,147.0,
2016-11-01,Shirur,bajri,2016,November,527,1260,1411,1329,Pune,Maharashtra,bajri,2016,Kharif Crops,1330.0,1,not found,,-1.0,
