date,APMC,Commodity,Year,Month,arrivals_in_qtl,min_price,max_price,modal_price,district_name,state_name,commodity,year,Type,msprice,msp_filter,seasonality,deseasonal,Peak seasonal price fluctuation %
2015-04-01,Khed (Shel Pimpalgaon),bottle gourd,2015,April,3,650,650,650,Pune,Maharashtra,,,,,,additive,,150.76583315523263
2015-08-01,Khed (Shel Pimpalgaon),bottle gourd,2015,August,24,714,726,714,Pune,Maharashtra,,,,,,additive,664.0,150.76583315523263
2016-08-01,Khed (Shel Pimpalgaon),bottle gourd,2016,August,15,520,640,578,Pune,Maharashtra,,,,,,additive,565.75,150.76583315523263
2014-12-01,Khed (Shel Pimpalgaon),bottle gourd,2014,December,43,306,412,393,Pune,Maharashtra,,,,,,additive,781.0,150.76583315523263
2015-12-01,Khed (Shel Pimpalgaon),bottle gourd,2015,December,21,1646,1780,1760,Pune,Maharashtra,,,,,,additive,1022.0,150.76583315523263
2016-02-01,Khed (Shel Pimpalgaon),bottle gourd,2016,February,6,175,175,175,Pune,Maharashtra,,,,,,additive,671.25,150.76583315523263
2015-01-01,Khed (Shel Pimpalgaon),bottle gourd,2015,January,13,575,575,575,Pune,Maharashtra,,,,,,additive,525.75,150.76583315523263
2016-01-01,Khed (Shel Pimpalgaon),bottle gourd,2016,January,38,705,778,778,Pune,Maharashtra,,,,,,additive,719.5,150.76583315523263
2016-07-01,Khed (Shel Pimpalgaon),bottle gourd,2016,July,30,715,792,747,Pune,Maharashtra,,,,,,additive,618.0,150.76583315523263
2015-06-01,Khed (Shel Pimpalgaon),bottle gourd,2015,June,3,200,200,200,Pune,Maharashtra,,,,,,additive,543.5,150.76583315523263
2016-06-01,Khed (Shel Pimpalgaon),bottle gourd,2016,June,127,991,1072,1027,Pune,Maharashtra,,,,,,additive,697.75,150.76583315523263
2015-05-01,Khed (Shel Pimpalgaon),bottle gourd,2015,May,54,537,537,537,Pune,Maharashtra,,,,,,additive,683.5,150.76583315523263
2016-05-01,Khed (Shel Pimpalgaon),bottle gourd,2016,May,9,500,767,633,Pune,Maharashtra,,,,,,additive,624.5,150.76583315523263
2014-11-01,Khed (Shel Pimpalgaon),bottle gourd,2014,November,88,653,719,695,Pune,Maharashtra,,,,,,additive,632.25,150.76583315523263
2014-10-01,Khed (Shel Pimpalgaon),bottle gourd,2014,October,149,417,546,506,Pune,Maharashtra,,,,,,additive,623.0,150.76583315523263
2015-10-01,Khed (Shel Pimpalgaon),bottle gourd,2015,October,18,785,877,785,Pune,Maharashtra,,,,,,additive,748.75,150.76583315523263
2014-09-01,Khed (Shel Pimpalgaon),bottle gourd,2014,September,142,602,1122,919,Pune,Maharashtra,,,,,,additive,809.5,150.76583315523263
2015-09-01,Khed (Shel Pimpalgaon),bottle gourd,2015,September,45,517,625,615,Pune,Maharashtra,,,,,,additive,824.75,150.76583315523263
2016-09-01,Khed (Shel Pimpalgaon),bottle gourd,2016,September,3,1150,1150,1150,Pune,Maharashtra,,,,,,additive,878.75,150.76583315523263
2016-11-01,Khed (Shel Pimpalgaon),bottle gourd,2016,November,3,600,600,600,Pune,Maharashtra,,,,,,additive,,150.76583315523263
