date,APMC,Commodity,Year,Month,arrivals_in_qtl,min_price,max_price,modal_price,district_name,state_name,commodity,year,Type,msprice,msp_filter,seasonality,deseasonal
2016-04-01,Amarawati-Fruit And Vegetables,bitter gourd,2016,April,179,3182,3471,3335,Amaravathi,Maharashtra,,,,,,not found,
2016-08-01,Amarawati-Fruit And Vegetables,bitter gourd,2016,August,247,1938,2205,2071,Amaravathi,Maharashtra,,,,,,not found,
2016-02-01,Amarawati-Fruit And Vegetables,bitter gourd,2016,February,70,3150,3383,3267,Amaravathi,Maharashtra,,,,,,not found,
2016-01-01,Amarawati-Fruit And Vegetables,bitter gourd,2016,January,31,3500,4000,3750,Amaravathi,Maharashtra,,,,,,not found,
2016-07-01,Amarawati-Fruit And Vegetables,bitter gourd,2016,July,195,3963,4379,4177,Amaravathi,Maharashtra,,,,,,not found,
2016-06-01,Amarawati-Fruit And Vegetables,bitter gourd,2016,June,204,3491,3936,3723,Amaravathi,Maharashtra,,,,,,not found,
2016-03-01,Amarawati-Fruit And Vegetables,bitter gourd,2016,March,7,3000,3200,3100,Amaravathi,Maharashtra,,,,,,not found,
2016-05-01,Amarawati-Fruit And Vegetables,bitter gourd,2016,May,84,2820,3020,2920,Amaravathi,Maharashtra,,,,,,not found,
2016-10-01,Amarawati-Fruit And Vegetables,bitter gourd,2016,October,225,1987,2167,2077,Amaravathi,Maharashtra,,,,,,not found,
2016-09-01,Amarawati-Fruit And Vegetables,bitter gourd,2016,September,161,1238,1431,1334,Amaravathi,Maharashtra,,,,,,not found,
2016-11-01,Amarawati-Fruit And Vegetables,bitter gourd,2016,November,259,2060,2260,2160,Amaravathi,Maharashtra,,,,,,not found,
