date,APMC,Commodity,Year,Month,arrivals_in_qtl,min_price,max_price,modal_price,district_name,state_name,commodity,year,Type,msprice,msp_filter,seasonality,deseasonal,Peak seasonal price fluctuation %
2014-12-01,Rahata,bor,2014,December,103,1119,1492,1264,Ahmadnagar,Maharashtra,,,,,,additive,,64.68134160399627
2015-12-01,Rahata,bor,2015,December,39,1092,1401,1219,Ahmadnagar,Maharashtra,,,,,,additive,1206.75,64.68134160399627
2015-02-01,Rahata,bor,2015,February,54,1000,1300,1125,Ahmadnagar,Maharashtra,,,,,,additive,1192.25,64.68134160399627
2016-02-01,Rahata,bor,2016,February,13,1200,1500,1300,Ahmadnagar,Maharashtra,,,,,,additive,1167.5,64.68134160399627
2015-01-01,Rahata,bor,2015,January,116,818,1155,945,Ahmadnagar,Maharashtra,,,,,,additive,1151.0,64.68134160399627
2016-01-01,Rahata,bor,2016,January,30,1214,1786,1414,Ahmadnagar,Maharashtra,,,,,,additive,1218.25,64.68134160399627
2015-03-01,Rahata,bor,2015,March,28,960,1300,1100,Ahmadnagar,Maharashtra,,,,,,additive,1153.5,64.68134160399627
2016-03-01,Rahata,bor,2016,March,2,1000,1200,1000,Ahmadnagar,Maharashtra,,,,,,additive,1375.0,64.68134160399627
2014-11-01,Rahata,bor,2014,November,13,2250,2625,2400,Ahmadnagar,Maharashtra,,,,,,additive,1937.5,64.68134160399627
2015-11-01,Rahata,bor,2015,November,10,1750,2350,1950,Ahmadnagar,Maharashtra,,,,,,additive,2075.0,64.68134160399627
2014-10-01,Rahata,bor,2014,October,9,2000,2500,2000,Ahmadnagar,Maharashtra,,,,,,additive,2112.5,64.68134160399627
2015-10-01,Rahata,bor,2015,October,3,2500,2500,2500,Ahmadnagar,Maharashtra,,,,,,additive,,64.68134160399627
