date,APMC,Commodity,Year,Month,arrivals_in_qtl,min_price,max_price,modal_price,district_name,state_name,commodity,year,Type,msprice,msp_filter,seasonality,deseasonal
2014-12-01,Aurangabad,bor,2014,December,2430,683,1443,1063,Aurangabad,Maharashtra,,,,,,not found,
2015-12-01,Aurangabad,bor,2015,December,2899,807,1381,1094,Aurangabad,Maharashtra,,,,,,not found,
2015-02-01,Aurangabad,bor,2015,February,309,850,2100,1475,Aurangabad,Maharashtra,,,,,,not found,
2016-02-01,Aurangabad,bor,2016,February,962,869,1525,1213,Aurangabad,Maharashtra,,,,,,not found,
2015-01-01,Aurangabad,bor,2015,January,1913,805,2195,1497,Aurangabad,Maharashtra,,,,,,not found,
2016-01-01,Aurangabad,bor,2016,January,1627,952,1639,1315,Aurangabad,Maharashtra,,,,,,not found,
2015-03-01,Aurangabad,bor,2015,March,209,733,1183,958,Aurangabad,Maharashtra,,,,,,not found,
2016-03-01,Aurangabad,bor,2016,March,37,1000,1733,1533,Aurangabad,Maharashtra,,,,,,not found,
2014-11-01,Aurangabad,bor,2014,November,686,1335,2476,1906,Aurangabad,Maharashtra,,,,,,not found,
2015-11-01,Aurangabad,bor,2015,November,1111,1070,1690,1380,Aurangabad,Maharashtra,,,,,,not found,
2014-10-01,Aurangabad,bor,2014,October,82,1383,1767,1575,Aurangabad,Maharashtra,,,,,,not found,
2015-10-01,Aurangabad,bor,2015,October,82,1500,2117,1808,Aurangabad,Maharashtra,,,,,,not found,
2016-11-01,Aurangabad,bor,2016,November,434,1957,2986,2471,Aurangabad,Maharashtra,,,,,,not found,
