date,APMC,Commodity,Year,Month,arrivals_in_qtl,min_price,max_price,modal_price,district_name,state_name,commodity,year,Type,msprice,msp_filter,seasonality,deseasonal,Raw vs MSP diff,Desasonal vs MSP diff
2015-08-01,Akkolkot,bajri,2015,August,3,1451,1451,1451,Solapur,Maharashtra,bajri,2015,Kharif Crops,1275.0,1,not found,,176.0,
2014-12-01,Akkolkot,bajri,2014,December,3,1350,1350,1350,Solapur,Maharashtra,bajri,2014,Kharif Crops,1250.0,1,not found,,100.0,
2015-12-01,Akkolkot,bajri,2015,December,5,1635,1635,1635,Solapur,Maharashtra,bajri,2015,Kharif Crops,1275.0,1,not found,,360.0,
2015-11-01,Akkolkot,bajri,2015,November,68,1450,1600,1533,Solapur,Maharashtra,bajri,2015,Kharif Crops,1275.0,1,not found,,258.0,
2014-10-01,Akkolkot,bajri,2014,October,262,1370,1429,1408,Solapur,Maharashtra,bajri,2014,Kharif Crops,1250.0,1,not found,,158.0,
2015-10-01,Akkolkot,bajri,2015,October,24,1301,1611,1451,Solapur,Maharashtra,bajri,2015,Kharif Crops,1275.0,1,not found,,176.0,
2016-10-01,Akkolkot,bajri,2016,October,1032,1296,1465,1350,Solapur,Maharashtra,bajri,2016,Kharif Crops,1330.0,1,not found,,20.0,
2016-09-01,Akkolkot,bajri,2016,September,38,1455,1472,1464,Solapur,Maharashtra,bajri,2016,Kharif Crops,1330.0,1,not found,,134.0,
2016-11-01,Akkolkot,bajri,2016,November,67,1438,1438,1438,Solapur,Maharashtra,bajri,2016,Kharif Crops,1330.0,1,not found,,108.0,
