date,APMC,Commodity,Year,Month,arrivals_in_qtl,min_price,max_price,modal_price,district_name,state_name,commodity,year,Type,msprice,msp_filter,seasonality,deseasonal
2015-04-01,Akola,black gram,2015,April,60,5775,6900,6300,Akola,Maharashtra,,,,,,not found,
2016-04-01,Akola,black gram,2016,April,93,10025,11725,10875,Akola,Maharashtra,,,,,,not found,
2015-08-01,Akola,black gram,2015,August,286,6779,7834,7379,Akola,Maharashtra,,,,,,not found,
2016-08-01,Akola,black gram,2016,August,135,6509,7984,7361,Akola,Maharashtra,,,,,,not found,
2014-12-01,Akola,black gram,2014,December,1499,5141,5583,5370,Akola,Maharashtra,,,,,,not found,
2015-12-01,Akola,black gram,2015,December,514,8547,10533,9772,Akola,Maharashtra,,,,,,not found,
2015-02-01,Akola,black gram,2015,February,168,5194,5668,5431,Akola,Maharashtra,,,,,,not found,
2016-02-01,Akola,black gram,2016,February,201,8443,9710,9095,Akola,Maharashtra,,,,,,not found,
2015-01-01,Akola,black gram,2015,January,567,5171,5774,5472,Akola,Maharashtra,,,,,,not found,
2016-01-01,Akola,black gram,2016,January,351,8289,10018,9239,Akola,Maharashtra,,,,,,not found,
2015-07-01,Akola,black gram,2015,July,173,6728,7778,7281,Akola,Maharashtra,,,,,,not found,
2016-07-01,Akola,black gram,2016,July,107,9850,11625,10738,Akola,Maharashtra,,,,,,not found,
2015-06-01,Akola,black gram,2015,June,335,7281,7940,7611,Akola,Maharashtra,,,,,,not found,
2016-06-01,Akola,black gram,2016,June,465,9869,12075,10844,Akola,Maharashtra,,,,,,not found,
2015-03-01,Akola,black gram,2015,March,57,5158,5867,5479,Akola,Maharashtra,,,,,,not found,
2016-03-01,Akola,black gram,2016,March,176,8938,9419,9178,Akola,Maharashtra,,,,,,not found,
2016-05-01,Akola,black gram,2016,May,379,8881,11542,10211,Akola,Maharashtra,,,,,,not found,
2014-11-01,Akola,black gram,2014,November,1652,4885,5189,5037,Akola,Maharashtra,,,,,,not found,
2015-11-01,Akola,black gram,2015,November,397,9500,10545,10042,Akola,Maharashtra,,,,,,not found,
2014-10-01,Akola,black gram,2014,October,2824,4275,4636,4456,Akola,Maharashtra,,,,,,not found,
2015-10-01,Akola,black gram,2015,October,2360,9695,11434,10652,Akola,Maharashtra,,,,,,not found,
2016-10-01,Akola,black gram,2016,October,18547,5803,7407,6605,Akola,Maharashtra,,,,,,not found,
2015-09-01,Akola,black gram,2015,September,2038,7786,8781,8338,Akola,Maharashtra,,,,,,not found,
2016-09-01,Akola,black gram,2016,September,18014,6339,7210,6774,Akola,Maharashtra,,,,,,not found,
2016-11-01,Akola,black gram,2016,November,10831,5936,7189,6568,Akola,Maharashtra,,,,,,not found,
