date,APMC,Commodity,Year,Month,arrivals_in_qtl,min_price,max_price,modal_price,district_name,state_name,commodity,year,Type,msprice,msp_filter,seasonality,deseasonal,Peak seasonal price fluctuation %,Raw vs MSP diff,Desasonal vs MSP diff
2016-08-01,Yawal,bajri,2016,August,54,1200,1500,1320,Jalgaon,Maharashtra,bajri,2016,Kharif Crops,1330.0,1,additive,,9.378003569957428,-10.0,
2015-12-01,Yawal,bajri,2015,December,51,1000,1275,1100,Jalgaon,Maharashtra,bajri,2015,Kharif Crops,1275.0,1,additive,1210.0,9.378003569957428,-175.0,-65.0
2016-07-01,Yawal,bajri,2016,July,55,1200,1500,1320,Jalgaon,Maharashtra,bajri,2016,Kharif Crops,1330.0,1,additive,1258.25,9.378003569957428,-10.0,-71.75
2016-06-01,Yawal,bajri,2016,June,118,1193,1473,1293,Jalgaon,Maharashtra,bajri,2016,Kharif Crops,1330.0,1,additive,1251.5,9.378003569957428,-37.0,-78.5
2016-05-01,Yawal,bajri,2016,May,25,1000,1300,1100,Jalgaon,Maharashtra,bajri,2016,Kharif Crops,1330.0,1,additive,1160.75,9.378003569957428,-230.0,-169.25
2015-11-01,Yawal,bajri,2015,November,16,1100,1200,1150,Jalgaon,Maharashtra,bajri,2015,Kharif Crops,1275.0,1,additive,,9.378003569957428,-125.0,
