date,APMC,Commodity,Year,Month,arrivals_in_qtl,min_price,max_price,modal_price,district_name,state_name,commodity,year,Type,msprice,msp_filter,seasonality,deseasonal
2015-04-01,Mumbai,bottle gourd,2015,April,8420,877,1169,1023,Mumbai,Maharashtra,,,,,,not found,
2016-04-01,Mumbai,bottle gourd,2016,April,4050,1343,1752,1578,Mumbai,Maharashtra,,,,,,not found,
2015-08-01,Mumbai,bottle gourd,2015,August,2780,1025,1390,1240,Mumbai,Maharashtra,,,,,,not found,
2016-08-01,Mumbai,bottle gourd,2016,August,4250,1027,1415,1235,Mumbai,Maharashtra,,,,,,not found,
2014-12-01,Mumbai,bottle gourd,2014,December,9670,1311,1630,1470,Mumbai,Maharashtra,,,,,,not found,
2015-12-01,Mumbai,bottle gourd,2015,December,3760,762,1123,965,Mumbai,Maharashtra,,,,,,not found,
2015-02-01,Mumbai,bottle gourd,2015,February,10090,1075,1392,1233,Mumbai,Maharashtra,,,,,,not found,
2016-02-01,Mumbai,bottle gourd,2016,February,4480,676,976,824,Mumbai,Maharashtra,,,,,,not found,
2015-01-01,Mumbai,bottle gourd,2015,January,10250,1163,1437,1300,Mumbai,Maharashtra,,,,,,not found,
2016-01-01,Mumbai,bottle gourd,2016,January,3600,679,1004,846,Mumbai,Maharashtra,,,,,,not found,
2015-07-01,Mumbai,bottle gourd,2015,July,10150,796,1169,1012,Mumbai,Maharashtra,,,,,,not found,
2016-07-01,Mumbai,bottle gourd,2016,July,3670,1400,1839,1617,Mumbai,Maharashtra,,,,,,not found,
2015-06-01,Mumbai,bottle gourd,2015,June,7307,1015,1362,1188,Mumbai,Maharashtra,,,,,,not found,
2016-06-01,Mumbai,bottle gourd,2016,June,2620,1350,1750,1550,Mumbai,Maharashtra,,,,,,not found,
2015-03-01,Mumbai,bottle gourd,2015,March,9130,1339,1687,1513,Mumbai,Maharashtra,,,,,,not found,
2016-03-01,Mumbai,bottle gourd,2016,March,5290,1146,1585,1392,Mumbai,Maharashtra,,,,,,not found,
2015-05-01,Mumbai,bottle gourd,2015,May,7580,942,1233,1088,Mumbai,Maharashtra,,,,,,not found,
2016-05-01,Mumbai,bottle gourd,2016,May,3000,1069,1346,1219,Mumbai,Maharashtra,,,,,,not found,
2014-11-01,Mumbai,bottle gourd,2014,November,9000,1164,1432,1298,Mumbai,Maharashtra,,,,,,not found,
2015-11-01,Mumbai,bottle gourd,2015,November,1560,694,965,829,Mumbai,Maharashtra,,,,,,not found,
2014-10-01,Mumbai,bottle gourd,2014,October,9550,860,1084,972,Mumbai,Maharashtra,,,,,,not found,
2015-10-01,Mumbai,bottle gourd,2015,October,3880,974,1374,1233,Mumbai,Maharashtra,,,,,,not found,
2016-10-01,Mumbai,bottle gourd,2016,October,3460,509,1009,804,Mumbai,Maharashtra,,,,,,not found,
2014-09-01,Mumbai,bottle gourd,2014,September,8300,2304,2832,2568,Mumbai,Maharashtra,,,,,,not found,
2015-09-01,Mumbai,bottle gourd,2015,September,3250,727,1123,1000,Mumbai,Maharashtra,,,,,,not found,
2016-09-01,Mumbai,bottle gourd,2016,September,3000,615,992,812,Mumbai,Maharashtra,,,,,,not found,
2016-11-01,Mumbai,bottle gourd,2016,November,2780,438,929,700,Mumbai,Maharashtra,,,,,,not found,
