date,APMC,Commodity,Year,Month,arrivals_in_qtl,min_price,max_price,modal_price,district_name,state_name,commodity,year,Type,msprice,msp_filter,seasonality,deseasonal,Peak seasonal price fluctuation %,Raw vs MSP diff,Desasonal vs MSP diff
2015-04-01,Lasur Station,bajri,2015,April,1123,1153,1417,1292,Aurangabad,Maharashtra,bajri,2015,Kharif Crops,1275.0,1,additive,,21.151686895150515,17.0,
2016-04-01,Lasur Station,bajri,2016,April,877,1436,1870,1687,Aurangabad,Maharashtra,bajri,2016,Kharif Crops,1330.0,1,additive,1518.5,21.151686895150515,357.0,188.5
2015-08-01,Lasur Station,bajri,2015,August,4167,1313,1541,1408,Aurangabad,Maharashtra,bajri,2015,Kharif Crops,1275.0,1,additive,1538.0,21.151686895150515,133.0,263.0
2016-08-01,Lasur Station,bajri,2016,August,1880,1480,1799,1649,Aurangabad,Maharashtra,bajri,2016,Kharif Crops,1330.0,1,additive,1541.25,21.151686895150515,319.0,211.25
2015-12-01,Lasur Station,bajri,2015,December,2388,1330,1610,1459,Aurangabad,Maharashtra,bajri,2015,Kharif Crops,1275.0,1,additive,1461.75,21.151686895150515,184.0,186.75
2015-02-01,Lasur Station,bajri,2015,February,827,1113,1398,1280,Aurangabad,Maharashtra,bajri,2015,Kharif Crops,1275.0,1,additive,1368.0,21.151686895150515,5.0,93.0
2016-02-01,Lasur Station,bajri,2016,February,1107,1324,1608,1453,Aurangabad,Maharashtra,bajri,2016,Kharif Crops,1330.0,1,additive,1396.25,21.151686895150515,123.0,66.25
2015-01-01,Lasur Station,bajri,2015,January,1075,1114,1552,1399,Aurangabad,Maharashtra,bajri,2015,Kharif Crops,1275.0,1,additive,1438.5,21.151686895150515,124.0,163.5
2016-01-01,Lasur Station,bajri,2016,January,1318,1372,1686,1503,Aurangabad,Maharashtra,bajri,2016,Kharif Crops,1330.0,1,additive,1439.0,21.151686895150515,173.0,109.0
2015-07-01,Lasur Station,bajri,2015,July,3290,1271,1463,1351,Aurangabad,Maharashtra,bajri,2015,Kharif Crops,1275.0,1,additive,1487.0,21.151686895150515,76.0,212.0
2016-07-01,Lasur Station,bajri,2016,July,732,1632,1854,1743,Aurangabad,Maharashtra,bajri,2016,Kharif Crops,1330.0,1,additive,1516.0,21.151686895150515,413.0,186.0
2015-06-01,Lasur Station,bajri,2015,June,4112,1137,1391,1227,Aurangabad,Maharashtra,bajri,2015,Kharif Crops,1275.0,1,additive,1469.25,21.151686895150515,-48.0,194.25
2016-06-01,Lasur Station,bajri,2016,June,927,1497,1776,1680,Aurangabad,Maharashtra,bajri,2016,Kharif Crops,1330.0,1,additive,1464.0,21.151686895150515,350.0,134.0
2015-03-01,Lasur Station,bajri,2015,March,980,1138,1408,1269,Aurangabad,Maharashtra,bajri,2015,Kharif Crops,1275.0,1,additive,1449.0,21.151686895150515,-6.0,174.0
2016-03-01,Lasur Station,bajri,2016,March,766,1367,1727,1578,Aurangabad,Maharashtra,bajri,2016,Kharif Crops,1330.0,1,additive,1416.5,21.151686895150515,248.0,86.5
2015-05-01,Lasur Station,bajri,2015,May,3118,1080,1399,1241,Aurangabad,Maharashtra,bajri,2015,Kharif Crops,1275.0,1,additive,1423.75,21.151686895150515,-34.0,148.75
2016-05-01,Lasur Station,bajri,2016,May,1172,1442,1807,1635,Aurangabad,Maharashtra,bajri,2016,Kharif Crops,1330.0,1,additive,1497.5,21.151686895150515,305.0,167.5
2014-11-01,Lasur Station,bajri,2014,November,884,1122,1582,1479,Aurangabad,Maharashtra,bajri,2014,Kharif Crops,1250.0,1,additive,1520.75,21.151686895150515,229.0,270.75
2015-11-01,Lasur Station,bajri,2015,November,1386,1301,1621,1490,Aurangabad,Maharashtra,bajri,2015,Kharif Crops,1275.0,1,additive,1472.0,21.151686895150515,215.0,197.0
2014-10-01,Lasur Station,bajri,2014,October,2051,1126,1600,1429,Aurangabad,Maharashtra,bajri,2014,Kharif Crops,1250.0,1,additive,1420.25,21.151686895150515,179.0,170.25
2015-10-01,Lasur Station,bajri,2015,October,3208,1242,1476,1333,Aurangabad,Maharashtra,bajri,2015,Kharif Crops,1275.0,1,additive,1345.75,21.151686895150515,58.0,70.75
2016-10-01,Lasur Station,bajri,2016,October,4637,1129,1498,1288,Aurangabad,Maharashtra,bajri,2016,Kharif Crops,1330.0,1,additive,1311.75,21.151686895150515,-42.0,-18.25
2014-09-01,Lasur Station,bajri,2014,September,5329,1161,1474,1338,Aurangabad,Maharashtra,bajri,2014,Kharif Crops,1250.0,1,additive,1337.0,21.151686895150515,88.0,87.0
2015-09-01,Lasur Station,bajri,2015,September,3759,1323,1504,1384,Aurangabad,Maharashtra,bajri,2015,Kharif Crops,1275.0,1,additive,1395.5,21.151686895150515,109.0,120.5
2016-09-01,Lasur Station,bajri,2016,September,1752,1346,1627,1476,Aurangabad,Maharashtra,bajri,2016,Kharif Crops,1330.0,1,additive,1417.75,21.151686895150515,146.0,87.75
2016-11-01,Lasur Station,bajri,2016,November,1189,1159,1530,1335,Aurangabad,Maharashtra,bajri,2016,Kharif Crops,1330.0,1,additive,,21.151686895150515,5.0,
