date,APMC,Commodity,Year,Month,arrivals_in_qtl,min_price,max_price,modal_price,district_name,state_name,commodity,year,Type,msprice,msp_filter,seasonality,deseasonal
2016-08-01,Parola,black gram,2016,August,12,6200,6200,6200,Jalgaon,Maharashtra,,,,,,not found,
2016-02-01,Parola,black gram,2016,February,3,8701,8701,8701,Jalgaon,Maharashtra,,,,,,not found,
2016-06-01,Parola,black gram,2016,June,6,14150,14150,14150,Jalgaon,Maharashtra,,,,,,not found,
2016-05-01,Parola,black gram,2016,May,3,14072,14072,14072,Jalgaon,Maharashtra,,,,,,not found,
2016-10-01,Parola,black gram,2016,October,303,4713,6369,5756,Jalgaon,Maharashtra,,,,,,not found,
2016-09-01,Parola,black gram,2016,September,687,5844,7267,6809,Jalgaon,Maharashtra,,,,,,not found,
2016-11-01,Parola,black gram,2016,November,36,4666,5603,5141,Jalgaon,Maharashtra,,,,,,not found,
