date,APMC,Commodity,Year,Month,arrivals_in_qtl,min_price,max_price,modal_price,district_name,state_name,commodity,year,Type,msprice,msp_filter,seasonality,deseasonal
2016-04-01,Manchar,beet root,2016,April,363,300,1350,950,Pune,Maharashtra,,,,,,not found,
2015-08-01,Manchar,beet root,2015,August,2301,800,1050,925,Pune,Maharashtra,,,,,,not found,
2016-08-01,Manchar,beet root,2016,August,6453,483,1053,809,Pune,Maharashtra,,,,,,not found,
2015-12-01,Manchar,beet root,2015,December,1030,900,1475,1175,Pune,Maharashtra,,,,,,not found,
2016-02-01,Manchar,beet root,2016,February,2500,880,1476,1174,Pune,Maharashtra,,,,,,not found,
2016-01-01,Manchar,beet root,2016,January,550,1000,1450,1200,Pune,Maharashtra,,,,,,not found,
2015-07-01,Manchar,beet root,2015,July,4833,1279,1786,1523,Pune,Maharashtra,,,,,,not found,
2016-07-01,Manchar,beet root,2016,July,5420,774,1374,1037,Pune,Maharashtra,,,,,,not found,
2016-06-01,Manchar,beet root,2016,June,489,1343,2464,1894,Pune,Maharashtra,,,,,,not found,
2016-03-01,Manchar,beet root,2016,March,705,600,1000,800,Pune,Maharashtra,,,,,,not found,
2016-05-01,Manchar,beet root,2016,May,212,200,2000,1375,Pune,Maharashtra,,,,,,not found,
2014-11-01,Manchar,beet root,2014,November,216,200,3550,1870,Pune,Maharashtra,,,,,,not found,
2015-11-01,Manchar,beet root,2015,November,1271,1000,1400,1200,Pune,Maharashtra,,,,,,not found,
2015-10-01,Manchar,beet root,2015,October,579,1300,1510,1410,Pune,Maharashtra,,,,,,not found,
2015-09-01,Manchar,beet root,2015,September,705,700,850,780,Pune,Maharashtra,,,,,,not found,
2016-09-01,Manchar,beet root,2016,September,1322,600,1200,925,Pune,Maharashtra,,,,,,not found,
2016-11-01,Manchar,beet root,2016,November,1469,233,900,667,Pune,Maharashtra,,,,,,not found,
