date,APMC,Commodity,Year,Month,arrivals_in_qtl,min_price,max_price,modal_price,district_name,state_name,commodity,year,Type,msprice,msp_filter,seasonality,deseasonal,Raw vs MSP diff,Desasonal vs MSP diff
2016-04-01,Vaduj,bajri,2016,April,140,1500,1671,1586,Satara,Maharashtra,bajri,2016,Kharif Crops,1330.0,1,not found,,256.0,
2016-08-01,Vaduj,bajri,2016,August,35,1700,1840,1770,Satara,Maharashtra,bajri,2016,Kharif Crops,1330.0,1,not found,,440.0,
2014-12-01,Vaduj,bajri,2014,December,173,1400,1500,1450,Satara,Maharashtra,bajri,2014,Kharif Crops,1250.0,1,not found,,200.0,
2015-12-01,Vaduj,bajri,2015,December,97,1467,1667,1567,Satara,Maharashtra,bajri,2015,Kharif Crops,1275.0,1,not found,,292.0,
2015-02-01,Vaduj,bajri,2015,February,5,1400,1500,1450,Satara,Maharashtra,bajri,2015,Kharif Crops,1275.0,1,not found,,175.0,
2016-02-01,Vaduj,bajri,2016,February,33,1500,1620,1560,Satara,Maharashtra,bajri,2016,Kharif Crops,1330.0,1,not found,,230.0,
2015-01-01,Vaduj,bajri,2015,January,79,1400,1500,1450,Satara,Maharashtra,bajri,2015,Kharif Crops,1275.0,1,not found,,175.0,
2016-01-01,Vaduj,bajri,2016,January,48,1525,1638,1581,Satara,Maharashtra,bajri,2016,Kharif Crops,1330.0,1,not found,,251.0,
2016-07-01,Vaduj,bajri,2016,July,52,1922,2067,1994,Satara,Maharashtra,bajri,2016,Kharif Crops,1330.0,1,not found,,664.0,
2016-06-01,Vaduj,bajri,2016,June,51,1711,1878,1794,Satara,Maharashtra,bajri,2016,Kharif Crops,1330.0,1,not found,,464.0,
2015-03-01,Vaduj,bajri,2015,March,84,1400,1500,1450,Satara,Maharashtra,bajri,2015,Kharif Crops,1275.0,1,not found,,175.0,
2016-03-01,Vaduj,bajri,2016,March,102,1744,1878,1811,Satara,Maharashtra,bajri,2016,Kharif Crops,1330.0,1,not found,,481.0,
2016-05-01,Vaduj,bajri,2016,May,38,1629,1800,1714,Satara,Maharashtra,bajri,2016,Kharif Crops,1330.0,1,not found,,384.0,
2014-11-01,Vaduj,bajri,2014,November,255,1400,1511,1456,Satara,Maharashtra,bajri,2014,Kharif Crops,1250.0,1,not found,,206.0,
2014-10-01,Vaduj,bajri,2014,October,135,1388,1481,1434,Satara,Maharashtra,bajri,2014,Kharif Crops,1250.0,1,not found,,184.0,
2016-10-01,Vaduj,bajri,2016,October,1565,1595,1715,1655,Satara,Maharashtra,bajri,2016,Kharif Crops,1330.0,1,not found,,325.0,
2014-09-01,Vaduj,bajri,2014,September,96,1400,1563,1475,Satara,Maharashtra,bajri,2014,Kharif Crops,1250.0,1,not found,,225.0,
2016-09-01,Vaduj,bajri,2016,September,320,1688,1788,1738,Satara,Maharashtra,bajri,2016,Kharif Crops,1330.0,1,not found,,408.0,
2016-11-01,Vaduj,bajri,2016,November,1115,1678,1800,1739,Satara,Maharashtra,bajri,2016,Kharif Crops,1330.0,1,not found,,409.0,
