date,APMC,Commodity,Year,Month,arrivals_in_qtl,min_price,max_price,modal_price,district_name,state_name,commodity,year,Type,msprice,msp_filter,seasonality,deseasonal,Raw vs MSP diff,Desasonal vs MSP diff
2015-04-01,Kannad,bajri,2015,April,357,1204,1412,1342,Aurangabad,Maharashtra,bajri,2015,Kharif Crops,1275.0,1,not found,,67.0,
2016-04-01,Kannad,bajri,2016,April,111,1597,1871,1774,Aurangabad,Maharashtra,bajri,2016,Kharif Crops,1330.0,1,not found,,444.0,
2015-08-01,Kannad,bajri,2015,August,131,1143,1329,1317,Aurangabad,Maharashtra,bajri,2015,Kharif Crops,1275.0,1,not found,,42.0,
2016-08-01,Kannad,bajri,2016,August,173,1651,1809,1733,Aurangabad,Maharashtra,bajri,2016,Kharif Crops,1330.0,1,not found,,403.0,
2014-12-01,Kannad,bajri,2014,December,181,1250,1364,1302,Aurangabad,Maharashtra,bajri,2014,Kharif Crops,1250.0,1,not found,,52.0,
2015-12-01,Kannad,bajri,2015,December,231,1548,1790,1731,Aurangabad,Maharashtra,bajri,2015,Kharif Crops,1275.0,1,not found,,456.0,
2016-02-01,Kannad,bajri,2016,February,180,1468,1638,1556,Aurangabad,Maharashtra,bajri,2016,Kharif Crops,1330.0,1,not found,,226.0,
2016-01-01,Kannad,bajri,2016,January,198,1337,1545,1464,Aurangabad,Maharashtra,bajri,2016,Kharif Crops,1330.0,1,not found,,134.0,
2015-07-01,Kannad,bajri,2015,July,468,1114,1308,1243,Aurangabad,Maharashtra,bajri,2015,Kharif Crops,1275.0,1,not found,,-32.0,
2016-07-01,Kannad,bajri,2016,July,125,1621,1760,1697,Aurangabad,Maharashtra,bajri,2016,Kharif Crops,1330.0,1,not found,,367.0,
2016-06-01,Kannad,bajri,2016,June,156,1608,1749,1678,Aurangabad,Maharashtra,bajri,2016,Kharif Crops,1330.0,1,not found,,348.0,
2015-03-01,Kannad,bajri,2015,March,104,1188,1339,1269,Aurangabad,Maharashtra,bajri,2015,Kharif Crops,1275.0,1,not found,,-6.0,
2016-03-01,Kannad,bajri,2016,March,122,1474,1671,1589,Aurangabad,Maharashtra,bajri,2016,Kharif Crops,1330.0,1,not found,,259.0,
2015-05-01,Kannad,bajri,2015,May,857,1092,1268,1205,Aurangabad,Maharashtra,bajri,2015,Kharif Crops,1275.0,1,not found,,-70.0,
2016-05-01,Kannad,bajri,2016,May,324,1591,1868,1751,Aurangabad,Maharashtra,bajri,2016,Kharif Crops,1330.0,1,not found,,421.0,
2014-11-01,Kannad,bajri,2014,November,356,1250,1385,1312,Aurangabad,Maharashtra,bajri,2014,Kharif Crops,1250.0,1,not found,,62.0,
2014-10-01,Kannad,bajri,2014,October,208,1250,1367,1306,Aurangabad,Maharashtra,bajri,2014,Kharif Crops,1250.0,1,not found,,56.0,
2016-10-01,Kannad,bajri,2016,October,315,1271,1584,1432,Aurangabad,Maharashtra,bajri,2016,Kharif Crops,1330.0,1,not found,,102.0,
2014-09-01,Kannad,bajri,2014,September,771,1245,1395,1307,Aurangabad,Maharashtra,bajri,2014,Kharif Crops,1250.0,1,not found,,57.0,
2016-09-01,Kannad,bajri,2016,September,196,1476,1644,1561,Aurangabad,Maharashtra,bajri,2016,Kharif Crops,1330.0,1,not found,,231.0,
2016-11-01,Kannad,bajri,2016,November,162,1333,1602,1468,Aurangabad,Maharashtra,bajri,2016,Kharif Crops,1330.0,1,not found,,138.0,
