date,APMC,Commodity,Year,Month,arrivals_in_qtl,min_price,max_price,modal_price,district_name,state_name,commodity,year,Type,msprice,msp_filter,seasonality,deseasonal
2016-04-01,Chopda,black gram,2016,April,2,8301,8301,8301,Jalgaon,Maharashtra,,,,,,not found,
2015-08-01,Chopda,black gram,2015,August,15,6884,7133,6900,Jalgaon,Maharashtra,,,,,,not found,
2016-08-01,Chopda,black gram,2016,August,1,7000,7000,7000,Jalgaon,Maharashtra,,,,,,not found,
2014-12-01,Chopda,black gram,2014,December,11,4791,5005,5005,Jalgaon,Maharashtra,,,,,,not found,
2015-12-01,Chopda,black gram,2015,December,3,8351,8351,8351,Jalgaon,Maharashtra,,,,,,not found,
2015-02-01,Chopda,black gram,2015,February,1,4492,4492,4492,Jalgaon,Maharashtra,,,,,,not found,
2016-02-01,Chopda,black gram,2016,February,2,8115,8115,8115,Jalgaon,Maharashtra,,,,,,not found,
2015-01-01,Chopda,black gram,2015,January,5,5411,5411,5411,Jalgaon,Maharashtra,,,,,,not found,
2016-06-01,Chopda,black gram,2016,June,4,10420,10420,10420,Jalgaon,Maharashtra,,,,,,not found,
2016-05-01,Chopda,black gram,2016,May,3,9608,9608,9608,Jalgaon,Maharashtra,,,,,,not found,
2014-11-01,Chopda,black gram,2014,November,40,4384,4864,4862,Jalgaon,Maharashtra,,,,,,not found,
2015-11-01,Chopda,black gram,2015,November,6,9150,9375,9375,Jalgaon,Maharashtra,,,,,,not found,
2014-10-01,Chopda,black gram,2014,October,270,3928,4957,4768,Jalgaon,Maharashtra,,,,,,not found,
2015-10-01,Chopda,black gram,2015,October,32,9104,10404,10012,Jalgaon,Maharashtra,,,,,,not found,
2016-10-01,Chopda,black gram,2016,October,512,3297,6830,6398,Jalgaon,Maharashtra,,,,,,not found,
2014-09-01,Chopda,black gram,2014,September,95,3835,4725,4496,Jalgaon,Maharashtra,,,,,,not found,
2015-09-01,Chopda,black gram,2015,September,186,7350,8749,8233,Jalgaon,Maharashtra,,,,,,not found,
2016-09-01,Chopda,black gram,2016,September,475,6105,7550,7209,Jalgaon,Maharashtra,,,,,,not found,
2016-11-01,Chopda,black gram,2016,November,115,3970,5353,5333,Jalgaon,Maharashtra,,,,,,not found,
