date,APMC,Commodity,Year,Month,arrivals_in_qtl,min_price,max_price,modal_price,district_name,state_name,commodity,year,Type,msprice,msp_filter,seasonality,deseasonal
2015-04-01,Tuljapur,black gram,2015,April,1,5000,5000,5000,Osmanabad,Maharashtra,,,,,,not found,
2015-08-01,Tuljapur,black gram,2015,August,206,8297,8545,8545,Osmanabad,Maharashtra,,,,,,not found,
2016-08-01,Tuljapur,black gram,2016,August,1366,6335,6792,6675,Osmanabad,Maharashtra,,,,,,not found,
2015-02-01,Tuljapur,black gram,2015,February,2,5401,5401,5401,Osmanabad,Maharashtra,,,,,,not found,
2015-01-01,Tuljapur,black gram,2015,January,19,5372,5386,5379,Osmanabad,Maharashtra,,,,,,not found,
2015-07-01,Tuljapur,black gram,2015,July,5,6025,6025,6025,Osmanabad,Maharashtra,,,,,,not found,
2015-06-01,Tuljapur,black gram,2015,June,1,6011,6011,6011,Osmanabad,Maharashtra,,,,,,not found,
2015-03-01,Tuljapur,black gram,2015,March,10,5200,5200,5200,Osmanabad,Maharashtra,,,,,,not found,
2014-11-01,Tuljapur,black gram,2014,November,1320,4705,5430,5067,Osmanabad,Maharashtra,,,,,,not found,
2015-11-01,Tuljapur,black gram,2015,November,15,8480,9101,9101,Osmanabad,Maharashtra,,,,,,not found,
2014-10-01,Tuljapur,black gram,2014,October,4381,4090,4793,4441,Osmanabad,Maharashtra,,,,,,not found,
2015-10-01,Tuljapur,black gram,2015,October,218,8972,10983,10858,Osmanabad,Maharashtra,,,,,,not found,
2016-10-01,Tuljapur,black gram,2016,October,900,5495,6836,6703,Osmanabad,Maharashtra,,,,,,not found,
2014-09-01,Tuljapur,black gram,2014,September,2626,4033,5907,4990,Osmanabad,Maharashtra,,,,,,not found,
2015-09-01,Tuljapur,black gram,2015,September,856,7463,9109,9109,Osmanabad,Maharashtra,,,,,,not found,
2016-09-01,Tuljapur,black gram,2016,September,11673,5860,6811,6705,Osmanabad,Maharashtra,,,,,,not found,
2016-11-01,Tuljapur,black gram,2016,November,46,5300,5700,5681,Osmanabad,Maharashtra,,,,,,not found,
