date,APMC,Commodity,Year,Month,arrivals_in_qtl,min_price,max_price,modal_price,district_name,state_name,commodity,year,Type,msprice,msp_filter,seasonality,deseasonal,Peak seasonal price fluctuation %
2015-10-01,Malegaon (Washim),black gram,2015,October,468,10063,11425,10750,Wasim,Maharashtra,,,,,,additive,,35.14362939216795
2016-10-01,Malegaon (Washim),black gram,2016,October,710,6850,7221,7075,Wasim,Maharashtra,,,,,,additive,7942.0,35.14362939216795
2016-09-01,Malegaon (Washim),black gram,2016,September,752,6714,7036,6868,Wasim,Maharashtra,,,,,,additive,6984.0,35.14362939216795
2016-11-01,Malegaon (Washim),black gram,2016,November,45,6250,7175,7125,Wasim,Maharashtra,,,,,,additive,,35.14362939216795
