date,APMC,Commodity,Year,Month,arrivals_in_qtl,min_price,max_price,modal_price,district_name,state_name,commodity,year,Type,msprice,msp_filter,seasonality,deseasonal,Raw vs MSP diff,Desasonal vs MSP diff
2016-04-01,Tuljapur,bajri,2016,April,2,1526,1526,1526,Osmanabad,Maharashtra,bajri,2016,Kharif Crops,1330.0,1,not found,,196.0,
2016-08-01,Tuljapur,bajri,2016,August,4,1600,1600,1600,Osmanabad,Maharashtra,bajri,2016,Kharif Crops,1330.0,1,not found,,270.0,
2015-12-01,Tuljapur,bajri,2015,December,8,1600,1600,1600,Osmanabad,Maharashtra,bajri,2015,Kharif Crops,1275.0,1,not found,,325.0,
2015-02-01,Tuljapur,bajri,2015,February,1,1400,1400,1400,Osmanabad,Maharashtra,bajri,2015,Kharif Crops,1275.0,1,not found,,125.0,
2014-11-01,Tuljapur,bajri,2014,November,6,1326,1326,1326,Osmanabad,Maharashtra,bajri,2014,Kharif Crops,1250.0,1,not found,,76.0,
2015-11-01,Tuljapur,bajri,2015,November,7,1350,1350,1350,Osmanabad,Maharashtra,bajri,2015,Kharif Crops,1275.0,1,not found,,75.0,
2014-10-01,Tuljapur,bajri,2014,October,4,1251,1251,1251,Osmanabad,Maharashtra,bajri,2014,Kharif Crops,1250.0,1,not found,,1.0,
2016-10-01,Tuljapur,bajri,2016,October,14,1217,1258,1250,Osmanabad,Maharashtra,bajri,2016,Kharif Crops,1330.0,1,not found,,-80.0,
2016-09-01,Tuljapur,bajri,2016,September,15,1375,1400,1390,Osmanabad,Maharashtra,bajri,2016,Kharif Crops,1330.0,1,not found,,60.0,
