date,APMC,Commodity,Year,Month,arrivals_in_qtl,min_price,max_price,modal_price,district_name,state_name,commodity,year,Type,msprice,msp_filter,seasonality,deseasonal,Raw vs MSP diff,Desasonal vs MSP diff
2015-04-01,Ahmednagar,bajri,2015,April,79,1406,1538,1463,Ahmadnagar,Maharashtra,bajri,2015,Kharif Crops,1275.0,1,not found,,188.0,
2016-04-01,Ahmednagar,bajri,2016,April,106,1788,1925,1875,Ahmadnagar,Maharashtra,bajri,2016,Kharif Crops,1330.0,1,not found,,545.0,
2015-08-01,Ahmednagar,bajri,2015,August,24,1615,1615,1615,Ahmadnagar,Maharashtra,bajri,2015,Kharif Crops,1275.0,1,not found,,340.0,
2016-08-01,Ahmednagar,bajri,2016,August,24,1733,1767,1757,Ahmadnagar,Maharashtra,bajri,2016,Kharif Crops,1330.0,1,not found,,427.0,
2015-12-01,Ahmednagar,bajri,2015,December,258,1616,1797,1716,Ahmadnagar,Maharashtra,bajri,2015,Kharif Crops,1275.0,1,not found,,441.0,
2015-02-01,Ahmednagar,bajri,2015,February,10,1500,1800,1650,Ahmadnagar,Maharashtra,bajri,2015,Kharif Crops,1275.0,1,not found,,375.0,
2016-02-01,Ahmednagar,bajri,2016,February,96,1645,1720,1699,Ahmadnagar,Maharashtra,bajri,2016,Kharif Crops,1330.0,1,not found,,369.0,
2015-01-01,Ahmednagar,bajri,2015,January,97,1472,1764,1618,Ahmadnagar,Maharashtra,bajri,2015,Kharif Crops,1275.0,1,not found,,343.0,
2016-01-01,Ahmednagar,bajri,2016,January,377,1522,1655,1612,Ahmadnagar,Maharashtra,bajri,2016,Kharif Crops,1330.0,1,not found,,282.0,
2015-07-01,Ahmednagar,bajri,2015,July,213,1503,1578,1578,Ahmadnagar,Maharashtra,bajri,2015,Kharif Crops,1275.0,1,not found,,303.0,
2015-06-01,Ahmednagar,bajri,2015,June,141,1311,1404,1382,Ahmadnagar,Maharashtra,bajri,2015,Kharif Crops,1275.0,1,not found,,107.0,
2016-06-01,Ahmednagar,bajri,2016,June,267,1809,2092,1959,Ahmadnagar,Maharashtra,bajri,2016,Kharif Crops,1330.0,1,not found,,629.0,
2015-03-01,Ahmednagar,bajri,2015,March,14,1350,1700,1525,Ahmadnagar,Maharashtra,bajri,2015,Kharif Crops,1275.0,1,not found,,250.0,
2016-03-01,Ahmednagar,bajri,2016,March,16,1550,2050,1800,Ahmadnagar,Maharashtra,bajri,2016,Kharif Crops,1330.0,1,not found,,470.0,
2016-05-01,Ahmednagar,bajri,2016,May,225,1825,2004,1923,Ahmadnagar,Maharashtra,bajri,2016,Kharif Crops,1330.0,1,not found,,593.0,
2014-11-01,Ahmednagar,bajri,2014,November,395,1507,1750,1629,Ahmadnagar,Maharashtra,bajri,2014,Kharif Crops,1250.0,1,not found,,379.0,
2015-11-01,Ahmednagar,bajri,2015,November,338,1460,1675,1579,Ahmadnagar,Maharashtra,bajri,2015,Kharif Crops,1275.0,1,not found,,304.0,
2015-10-01,Ahmednagar,bajri,2015,October,144,1466,1571,1543,Ahmadnagar,Maharashtra,bajri,2015,Kharif Crops,1275.0,1,not found,,268.0,
2016-10-01,Ahmednagar,bajri,2016,October,1219,1254,1560,1415,Ahmadnagar,Maharashtra,bajri,2016,Kharif Crops,1330.0,1,not found,,85.0,
2014-09-01,Ahmednagar,bajri,2014,September,24,1400,1750,1575,Ahmadnagar,Maharashtra,bajri,2014,Kharif Crops,1250.0,1,not found,,325.0,
2015-09-01,Ahmednagar,bajri,2015,September,51,1438,1588,1553,Ahmadnagar,Maharashtra,bajri,2015,Kharif Crops,1275.0,1,not found,,278.0,
2016-09-01,Ahmednagar,bajri,2016,September,138,1646,1802,1729,Ahmadnagar,Maharashtra,bajri,2016,Kharif Crops,1330.0,1,not found,,399.0,
2016-11-01,Ahmednagar,bajri,2016,November,298,1453,1810,1648,Ahmadnagar,Maharashtra,bajri,2016,Kharif Crops,1330.0,1,not found,,318.0,
