date,APMC,Commodity,Year,Month,arrivals_in_qtl,min_price,max_price,modal_price,district_name,state_name,commodity,year,Type,msprice,msp_filter,seasonality,deseasonal,Peak seasonal price fluctuation %
2014-12-01,Kalyan,bor,2014,December,3,1600,1800,1700,Thane,Maharashtra,,,,,,additive,,60.7988069765934
2015-12-01,Kalyan,bor,2015,December,33,1291,1609,1432,Thane,Maharashtra,,,,,,additive,1503.5,60.7988069765934
2016-02-01,Kalyan,bor,2016,February,24,1350,1550,1450,Thane,Maharashtra,,,,,,additive,1605.0,60.7988069765934
2016-01-01,Kalyan,bor,2016,January,48,1763,2325,2088,Thane,Maharashtra,,,,,,additive,1656.5,60.7988069765934
2015-03-01,Kalyan,bor,2015,March,12,800,1200,1000,Thane,Maharashtra,,,,,,additive,1618.5,60.7988069765934
2016-03-01,Kalyan,bor,2016,March,21,2300,2614,2386,Thane,Maharashtra,,,,,,additive,2009.75,60.7988069765934
2015-11-01,Kalyan,bor,2015,November,9,2000,2433,2267,Thane,Maharashtra,,,,,,additive,2505.0,60.7988069765934
2015-09-01,Kalyan,bor,2015,September,3,2500,3500,3100,Thane,Maharashtra,,,,,,additive,,60.7988069765934
