date,APMC,Commodity,Year,Month,arrivals_in_qtl,min_price,max_price,modal_price,district_name,state_name,commodity,year,Type,msprice,msp_filter,seasonality,deseasonal,Peak seasonal price fluctuation %
2016-02-01,Kolhapur,awala,2016,February,81,983,2850,1833,Kolhapur,Maharashtra,,,,,,additive,,60.92532059341212
2016-01-01,Kolhapur,awala,2016,January,59,825,2500,1550,Kolhapur,Maharashtra,,,,,,additive,2033.25,60.92532059341212
2015-07-01,Kolhapur,awala,2015,July,18,3100,3300,3200,Kolhapur,Maharashtra,,,,,,additive,2456.25,60.92532059341212
2015-11-01,Kolhapur,awala,2015,November,11,1500,2150,1875,Kolhapur,Maharashtra,,,,,,additive,2212.5,60.92532059341212
2015-10-01,Kolhapur,awala,2015,October,42,1300,2600,1900,Kolhapur,Maharashtra,,,,,,additive,1843.75,60.92532059341212
2016-10-01,Kolhapur,awala,2016,October,16,1000,2500,1700,Kolhapur,Maharashtra,,,,,,additive,1850.0,60.92532059341212
2015-09-01,Kolhapur,awala,2015,September,3,2000,2200,2100,Kolhapur,Maharashtra,,,,,,additive,1912.5,60.92532059341212
2016-11-01,Kolhapur,awala,2016,November,6,1750,1750,1750,Kolhapur,Maharashtra,,,,,,additive,,60.92532059341212
