date,APMC,Commodity,Year,Month,arrivals_in_qtl,min_price,max_price,modal_price,district_name,state_name,commodity,year,Type,msprice,msp_filter,seasonality,deseasonal,Peak seasonal price fluctuation %
2016-08-01,Digras,batbati,2016,August,1,2200,2200,2200,Yewatmal,Maharashtra,,,,,,additive,,44.65408805031446
2016-03-01,Digras,batbati,2016,March,1,3450,3450,3450,Yewatmal,Maharashtra,,,,,,additive,3500.0,44.65408805031446
2015-09-01,Digras,batbati,2015,September,1,4900,4900,4900,Yewatmal,Maharashtra,,,,,,additive,4650.0,44.65408805031446
2016-09-01,Digras,batbati,2016,September,1,5350,5350,5350,Yewatmal,Maharashtra,,,,,,additive,,44.65408805031446
