date,APMC,Commodity,Year,Month,arrivals_in_qtl,min_price,max_price,modal_price,district_name,state_name,commodity,year,Type,msprice,msp_filter,seasonality,deseasonal,Peak seasonal price fluctuation %,Raw vs MSP diff,Desasonal vs MSP diff
2015-04-01,Pathardi,bajri,2015,April,371,1259,1443,1317,Ahmadnagar,Maharashtra,bajri,2015,Kharif Crops,1275.0,1,additive,,75.21269257300528,42.0,
2016-04-01,Pathardi,bajri,2016,April,163,1285,1650,1449,Ahmadnagar,Maharashtra,bajri,2016,Kharif Crops,1330.0,1,additive,1459.0,75.21269257300528,119.0,129.0
2016-08-01,Pathardi,bajri,2016,August,643,1342,1767,1621,Ahmadnagar,Maharashtra,bajri,2016,Kharif Crops,1330.0,1,additive,1513.0,75.21269257300528,291.0,183.0
2014-12-01,Pathardi,bajri,2014,December,330,1260,1492,1361,Ahmadnagar,Maharashtra,bajri,2014,Kharif Crops,1250.0,1,additive,1411.75,75.21269257300528,111.0,161.75
2015-02-01,Pathardi,bajri,2015,February,280,1252,1400,1304,Ahmadnagar,Maharashtra,bajri,2015,Kharif Crops,1275.0,1,additive,1323.75,75.21269257300528,29.0,48.75
2016-02-01,Pathardi,bajri,2016,February,138,1263,1433,1326,Ahmadnagar,Maharashtra,bajri,2016,Kharif Crops,1330.0,1,additive,1317.5,75.21269257300528,-4.0,-12.5
2015-01-01,Pathardi,bajri,2015,January,218,1261,1413,1314,Ahmadnagar,Maharashtra,bajri,2015,Kharif Crops,1275.0,1,additive,1336.5,75.21269257300528,39.0,61.5
2016-01-01,Pathardi,bajri,2016,January,251,1270,1532,1392,Ahmadnagar,Maharashtra,bajri,2016,Kharif Crops,1330.0,1,additive,1359.75,75.21269257300528,62.0,29.75
2015-07-01,Pathardi,bajri,2015,July,289,1253,1447,1341,Ahmadnagar,Maharashtra,bajri,2015,Kharif Crops,1275.0,1,additive,1653.5,75.21269257300528,66.0,378.5
2016-07-01,Pathardi,bajri,2016,July,242,2175,2880,2540,Ahmadnagar,Maharashtra,bajri,2016,Kharif Crops,1330.0,1,additive,1996.0,75.21269257300528,1210.0,666.0
2016-06-01,Pathardi,bajri,2016,June,366,1295,1771,1563,Ahmadnagar,Maharashtra,bajri,2016,Kharif Crops,1330.0,1,additive,1744.25,75.21269257300528,233.0,414.25
2015-03-01,Pathardi,bajri,2015,March,346,1260,1407,1311,Ahmadnagar,Maharashtra,bajri,2015,Kharif Crops,1275.0,1,additive,1389.25,75.21269257300528,36.0,114.25
2016-03-01,Pathardi,bajri,2016,March,537,1283,1482,1372,Ahmadnagar,Maharashtra,bajri,2016,Kharif Crops,1330.0,1,additive,1347.0,75.21269257300528,42.0,17.0
2015-05-01,Pathardi,bajri,2015,May,318,1260,1492,1333,Ahmadnagar,Maharashtra,bajri,2015,Kharif Crops,1275.0,1,additive,1399.75,75.21269257300528,58.0,124.75
2016-05-01,Pathardi,bajri,2016,May,344,1276,1789,1561,Ahmadnagar,Maharashtra,bajri,2016,Kharif Crops,1330.0,1,additive,1450.25,75.21269257300528,231.0,120.25
2014-11-01,Pathardi,bajri,2014,November,628,1255,1475,1346,Ahmadnagar,Maharashtra,bajri,2014,Kharif Crops,1250.0,1,additive,1413.0,75.21269257300528,96.0,163.0
2015-11-01,Pathardi,bajri,2015,November,406,1281,1529,1399,Ahmadnagar,Maharashtra,bajri,2015,Kharif Crops,1275.0,1,additive,1393.25,75.21269257300528,124.0,118.25
2014-10-01,Pathardi,bajri,2014,October,638,1286,1548,1429,Ahmadnagar,Maharashtra,bajri,2014,Kharif Crops,1250.0,1,additive,1404.5,75.21269257300528,179.0,154.5
2015-10-01,Pathardi,bajri,2015,October,452,1253,1480,1361,Ahmadnagar,Maharashtra,bajri,2015,Kharif Crops,1275.0,1,additive,1400.75,75.21269257300528,86.0,125.75
2016-10-01,Pathardi,bajri,2016,October,1678,1345,1554,1452,Ahmadnagar,Maharashtra,bajri,2016,Kharif Crops,1330.0,1,additive,1396.0,75.21269257300528,122.0,66.0
2014-09-01,Pathardi,bajri,2014,September,443,1254,1429,1319,Ahmadnagar,Maharashtra,bajri,2014,Kharif Crops,1250.0,1,additive,1367.75,75.21269257300528,69.0,117.75
2015-09-01,Pathardi,bajri,2015,September,301,1259,1453,1381,Ahmadnagar,Maharashtra,bajri,2015,Kharif Crops,1275.0,1,additive,1389.0,75.21269257300528,106.0,114.0
2016-09-01,Pathardi,bajri,2016,September,512,1340,1586,1475,Ahmadnagar,Maharashtra,bajri,2016,Kharif Crops,1330.0,1,additive,1464.0,75.21269257300528,145.0,134.0
2016-11-01,Pathardi,bajri,2016,November,1142,1350,1712,1525,Ahmadnagar,Maharashtra,bajri,2016,Kharif Crops,1330.0,1,additive,,75.21269257300528,195.0,
