date,APMC,Commodity,Year,Month,arrivals_in_qtl,min_price,max_price,modal_price,district_name,state_name,commodity,year,Type,msprice,msp_filter,seasonality,deseasonal,Peak seasonal price fluctuation %,Raw vs MSP diff,Desasonal vs MSP diff
2014-11-01,Atpadi,bajri,2014,November,89,1380,1820,1600,Sangli,Maharashtra,bajri,2014,Kharif Crops,1250.0,1,additive,,10.179994098554145,350.0,
2014-10-01,Atpadi,bajri,2014,October,6,1500,1900,1700,Sangli,Maharashtra,bajri,2014,Kharif Crops,1250.0,1,additive,1675.0,10.179994098554145,450.0,425.0
2016-10-01,Atpadi,bajri,2016,October,158,1600,1800,1700,Sangli,Maharashtra,bajri,2016,Kharif Crops,1330.0,1,additive,1675.0,10.179994098554145,370.0,345.0
2014-09-01,Atpadi,bajri,2014,September,16,1500,1700,1600,Sangli,Maharashtra,bajri,2014,Kharif Crops,1250.0,1,additive,1691.75,10.179994098554145,350.0,441.75
2016-09-01,Atpadi,bajri,2016,September,36,1733,2000,1867,Sangli,Maharashtra,bajri,2016,Kharif Crops,1330.0,1,additive,1758.5,10.179994098554145,537.0,428.5
2016-11-01,Atpadi,bajri,2016,November,12,1600,1800,1700,Sangli,Maharashtra,bajri,2016,Kharif Crops,1330.0,1,additive,,10.179994098554145,370.0,
