date,APMC,Commodity,Year,Month,arrivals_in_qtl,min_price,max_price,modal_price,district_name,state_name,commodity,year,Type,msprice,msp_filter,seasonality,deseasonal,Peak seasonal price fluctuation %
2015-04-01,Patan,bitter gourd,2015,April,15,25,35,30,Satara,Maharashtra,,,,,,additive,,98.84476962040314
2016-04-01,Patan,bitter gourd,2016,April,163,3100,3700,3400,Satara,Maharashtra,,,,,,additive,2274.75,98.84476962040314
2015-08-01,Patan,bitter gourd,2015,August,261,2000,2538,2269,Satara,Maharashtra,,,,,,additive,2822.0,98.84476962040314
2016-08-01,Patan,bitter gourd,2016,August,50,3100,3600,3350,Satara,Maharashtra,,,,,,additive,2938.75,98.84476962040314
2014-12-01,Patan,bitter gourd,2014,December,163,2357,3214,2786,Satara,Maharashtra,,,,,,additive,2840.5,98.84476962040314
2015-12-01,Patan,bitter gourd,2015,December,117,2180,2700,2440,Satara,Maharashtra,,,,,,additive,2791.5,98.84476962040314
2016-02-01,Patan,bitter gourd,2016,February,73,3167,3833,3500,Satara,Maharashtra,,,,,,additive,3047.5,98.84476962040314
2015-01-01,Patan,bitter gourd,2015,January,21,2500,3000,2750,Satara,Maharashtra,,,,,,additive,3125.0,98.84476962040314
2016-01-01,Patan,bitter gourd,2016,January,18,3000,4000,3500,Satara,Maharashtra,,,,,,additive,3225.0,98.84476962040314
2015-07-01,Patan,bitter gourd,2015,July,114,2700,3600,3150,Satara,Maharashtra,,,,,,additive,3356.25,98.84476962040314
2016-07-01,Patan,bitter gourd,2016,July,80,3250,4000,3625,Satara,Maharashtra,,,,,,additive,3077.5,98.84476962040314
2015-06-01,Patan,bitter gourd,2015,June,57,1650,2175,1910,Satara,Maharashtra,,,,,,additive,2855.0,98.84476962040314
2016-06-01,Patan,bitter gourd,2016,June,127,3567,4375,3975,Satara,Maharashtra,,,,,,additive,3215.0,98.84476962040314
2015-03-01,Patan,bitter gourd,2015,March,15,2500,3500,3000,Satara,Maharashtra,,,,,,additive,3368.75,98.84476962040314
2016-03-01,Patan,bitter gourd,2016,March,63,3167,3833,3500,Satara,Maharashtra,,,,,,additive,2759.5,98.84476962040314
2015-05-01,Patan,bitter gourd,2015,May,68,985,1090,1038,Satara,Maharashtra,,,,,,additive,2175.25,98.84476962040314
2016-05-01,Patan,bitter gourd,2016,May,90,2750,3500,3125,Satara,Maharashtra,,,,,,additive,2509.5,98.84476962040314
2014-11-01,Patan,bitter gourd,2014,November,27,2500,3000,2750,Satara,Maharashtra,,,,,,additive,2906.25,98.84476962040314
2015-11-01,Patan,bitter gourd,2015,November,36,2500,3500,3000,Satara,Maharashtra,,,,,,additive,2775.0,98.84476962040314
2014-10-01,Patan,bitter gourd,2014,October,124,2150,2550,2350,Satara,Maharashtra,,,,,,additive,2487.5,98.84476962040314
2015-10-01,Patan,bitter gourd,2015,October,75,2000,2500,2250,Satara,Maharashtra,,,,,,additive,2192.75,98.84476962040314
2016-10-01,Patan,bitter gourd,2016,October,75,1725,2125,1921,Satara,Maharashtra,,,,,,additive,2210.5,98.84476962040314
2014-09-01,Patan,bitter gourd,2014,September,23,2500,3000,2750,Satara,Maharashtra,,,,,,additive,2380.25,98.84476962040314
2015-09-01,Patan,bitter gourd,2015,September,90,1833,2400,2100,Satara,Maharashtra,,,,,,additive,2150.0,98.84476962040314
2016-09-01,Patan,bitter gourd,2016,September,51,1450,1850,1650,Satara,Maharashtra,,,,,,additive,1700.0,98.84476962040314
2016-11-01,Patan,bitter gourd,2016,November,60,1300,1500,1400,Satara,Maharashtra,,,,,,additive,,98.84476962040314
