date,APMC,Commodity,Year,Month,arrivals_in_qtl,min_price,max_price,modal_price,district_name,state_name,commodity,year,Type,msprice,msp_filter,seasonality,deseasonal
2014-12-01,Sailu,black gram,2014,December,1,4101,4101,4101,Parbhani,Maharashtra,,,,,,not found,
2014-10-01,Sailu,black gram,2014,October,5,4513,4513,4513,Parbhani,Maharashtra,,,,,,not found,
2015-10-01,Sailu,black gram,2015,October,1,5500,5500,5500,Parbhani,Maharashtra,,,,,,not found,
2016-10-01,Sailu,black gram,2016,October,16,4567,6427,5927,Parbhani,Maharashtra,,,,,,not found,
2014-09-01,Sailu,black gram,2014,September,3,4100,4401,4100,Parbhani,Maharashtra,,,,,,not found,
2016-09-01,Sailu,black gram,2016,September,15,5734,6367,6333,Parbhani,Maharashtra,,,,,,not found,
2016-11-01,Sailu,black gram,2016,November,4,5511,5600,5511,Parbhani,Maharashtra,,,,,,not found,
