date,APMC,Commodity,Year,Month,arrivals_in_qtl,min_price,max_price,modal_price,district_name,state_name,commodity,year,Type,msprice,msp_filter,seasonality,deseasonal,Peak seasonal price fluctuation %
2016-04-01,Osmanabad,black gram,2016,April,3,11000,11000,11000,Osmanabad,Maharashtra,,,,,,additive,,78.56659722410107
2014-11-01,Osmanabad,black gram,2014,November,9,4933,5067,5000,Osmanabad,Maharashtra,,,,,,additive,6437.5,78.56659722410107
2014-10-01,Osmanabad,black gram,2014,October,3,4500,5000,4750,Osmanabad,Maharashtra,,,,,,additive,4903.25,78.56659722410107
2016-10-01,Osmanabad,black gram,2016,October,10,3925,5425,5113,Osmanabad,Maharashtra,,,,,,additive,5312.25,78.56659722410107
2016-09-01,Osmanabad,black gram,2016,September,29,6173,6309,6273,Osmanabad,Maharashtra,,,,,,additive,5621.0,78.56659722410107
2016-11-01,Osmanabad,black gram,2016,November,4,3651,6000,4825,Osmanabad,Maharashtra,,,,,,additive,,78.56659722410107
