date,APMC,Commodity,Year,Month,arrivals_in_qtl,min_price,max_price,modal_price,district_name,state_name,commodity,year,Type,msprice,msp_filter,seasonality,deseasonal,Peak seasonal price fluctuation %,Raw vs MSP diff,Desasonal vs MSP diff
2016-04-01,Nira-Saswad,bajri,2016,April,457,1573,2226,1900,Pune,Maharashtra,bajri,2016,Kharif Crops,1330.0,1,additive,,5.096008963412282,570.0,
2016-08-01,Nira-Saswad,bajri,2016,August,106,1520,2131,1826,Pune,Maharashtra,bajri,2016,Kharif Crops,1330.0,1,additive,1846.75,5.096008963412282,496.0,516.75
2015-12-01,Nira-Saswad,bajri,2015,December,541,1580,2110,1835,Pune,Maharashtra,bajri,2015,Kharif Crops,1275.0,1,additive,1819.75,5.096008963412282,560.0,544.75
2016-02-01,Nira-Saswad,bajri,2016,February,388,1575,2015,1783,Pune,Maharashtra,bajri,2016,Kharif Crops,1330.0,1,additive,1805.0,5.096008963412282,453.0,475.0
2016-01-01,Nira-Saswad,bajri,2016,January,390,1575,2084,1819,Pune,Maharashtra,bajri,2016,Kharif Crops,1330.0,1,additive,1837.0,5.096008963412282,489.0,507.0
2016-07-01,Nira-Saswad,bajri,2016,July,71,1627,2228,1927,Pune,Maharashtra,bajri,2016,Kharif Crops,1330.0,1,additive,1903.25,5.096008963412282,597.0,573.25
2016-06-01,Nira-Saswad,bajri,2016,June,286,1520,2340,1940,Pune,Maharashtra,bajri,2016,Kharif Crops,1330.0,1,additive,1903.0,5.096008963412282,610.0,573.0
2016-03-01,Nira-Saswad,bajri,2016,March,502,1550,2080,1805,Pune,Maharashtra,bajri,2016,Kharif Crops,1330.0,1,additive,1873.25,5.096008963412282,475.0,543.25
2016-05-01,Nira-Saswad,bajri,2016,May,660,1550,2337,1943,Pune,Maharashtra,bajri,2016,Kharif Crops,1330.0,1,additive,1871.25,5.096008963412282,613.0,541.25
2015-11-01,Nira-Saswad,bajri,2015,November,428,1517,2070,1794,Pune,Maharashtra,bajri,2015,Kharif Crops,1275.0,1,additive,1826.5,5.096008963412282,519.0,551.5
2015-10-01,Nira-Saswad,bajri,2015,October,408,1538,2088,1775,Pune,Maharashtra,bajri,2015,Kharif Crops,1275.0,1,additive,1788.25,5.096008963412282,500.0,513.25
2016-10-01,Nira-Saswad,bajri,2016,October,668,1513,2105,1809,Pune,Maharashtra,bajri,2016,Kharif Crops,1330.0,1,additive,1810.75,5.096008963412282,479.0,480.75
2016-09-01,Nira-Saswad,bajri,2016,September,504,1525,2175,1850,Pune,Maharashtra,bajri,2016,Kharif Crops,1330.0,1,additive,1846.5,5.096008963412282,520.0,516.5
2016-11-01,Nira-Saswad,bajri,2016,November,362,1560,2195,1877,Pune,Maharashtra,bajri,2016,Kharif Crops,1330.0,1,additive,,5.096008963412282,547.0,
