date,APMC,Commodity,Year,Month,arrivals_in_qtl,min_price,max_price,modal_price,district_name,state_name,commodity,year,Type,msprice,msp_filter,seasonality,deseasonal,Peak seasonal price fluctuation %
2015-04-01,Pune,arvi,2015,April,35,1750,2458,2104,Pune,Maharashtra,,,,,,additive,,29.593263524220863
2016-04-01,Pune,arvi,2016,April,94,2873,3167,3007,Pune,Maharashtra,,,,,,additive,2491.5,29.593263524220863
2015-08-01,Pune,arvi,2015,August,234,1396,2326,1848,Pune,Maharashtra,,,,,,additive,2353.75,29.593263524220863
2016-08-01,Pune,arvi,2016,August,199,2489,2932,2712,Pune,Maharashtra,,,,,,additive,2291.25,29.593263524220863
2014-12-01,Pune,arvi,2014,December,65,1614,2171,1893,Pune,Maharashtra,,,,,,additive,2299.5,29.593263524220863
2015-12-01,Pune,arvi,2015,December,196,2531,2938,2700,Pune,Maharashtra,,,,,,additive,2432.75,29.593263524220863
2015-02-01,Pune,arvi,2015,February,12,1875,3000,2438,Pune,Maharashtra,,,,,,additive,2551.5,29.593263524220863
2016-02-01,Pune,arvi,2016,February,415,2425,2890,2630,Pune,Maharashtra,,,,,,additive,2617.5,29.593263524220863
2016-01-01,Pune,arvi,2016,January,120,2617,3028,2772,Pune,Maharashtra,,,,,,additive,2547.75,29.593263524220863
2015-07-01,Pune,arvi,2015,July,192,1722,2348,2017,Pune,Maharashtra,,,,,,additive,2455.75,29.593263524220863
2016-07-01,Pune,arvi,2016,July,162,2794,3267,3017,Pune,Maharashtra,,,,,,additive,2597.25,29.593263524220863
2015-06-01,Pune,arvi,2015,June,171,2006,2650,2338,Pune,Maharashtra,,,,,,additive,2692.0,29.593263524220863
2016-06-01,Pune,arvi,2016,June,266,2721,4504,3075,Pune,Maharashtra,,,,,,additive,2557.75,29.593263524220863
2015-03-01,Pune,arvi,2015,March,76,1468,2018,1743,Pune,Maharashtra,,,,,,additive,2357.75,29.593263524220863
2016-03-01,Pune,arvi,2016,March,190,2600,3145,2870,Pune,Maharashtra,,,,,,additive,2330.5,29.593263524220863
2015-05-01,Pune,arvi,2015,May,91,1566,2113,1839,Pune,Maharashtra,,,,,,additive,2395.25,29.593263524220863
2016-05-01,Pune,arvi,2016,May,265,2933,3190,3033,Pune,Maharashtra,,,,,,additive,2519.0,29.593263524220863
2014-11-01,Pune,arvi,2014,November,132,1914,2429,2171,Pune,Maharashtra,,,,,,additive,2588.0,29.593263524220863
2015-11-01,Pune,arvi,2015,November,105,2769,3208,2977,Pune,Maharashtra,,,,,,additive,2531.25,29.593263524220863
2014-10-01,Pune,arvi,2014,October,35,1800,2200,2000,Pune,Maharashtra,,,,,,additive,2401.5,29.593263524220863
2015-10-01,Pune,arvi,2015,October,185,2082,2906,2629,Pune,Maharashtra,,,,,,additive,2477.0,29.593263524220863
2016-10-01,Pune,arvi,2016,October,114,2325,2890,2650,Pune,Maharashtra,,,,,,additive,2544.75,29.593263524220863
2014-09-01,Pune,arvi,2014,September,37,2000,2500,2250,Pune,Maharashtra,,,,,,additive,2352.5,29.593263524220863
2015-09-01,Pune,arvi,2015,September,178,1785,2750,2260,Pune,Maharashtra,,,,,,additive,2348.0,29.593263524220863
2016-09-01,Pune,arvi,2016,September,109,2344,2856,2622,Pune,Maharashtra,,,,,,additive,2568.75,29.593263524220863
2016-11-01,Pune,arvi,2016,November,118,2459,3018,2771,Pune,Maharashtra,,,,,,additive,,29.593263524220863
