date,APMC,Commodity,Year,Month,arrivals_in_qtl,min_price,max_price,modal_price,district_name,state_name,commodity,year,Type,msprice,msp_filter,seasonality,deseasonal
2015-12-01,Naigaon,black gram,2015,December,1,10000,10000,10000,Nanded,Maharashtra,,,,,,not found,
2016-02-01,Naigaon,black gram,2016,February,4,8833,8833,8833,Nanded,Maharashtra,,,,,,not found,
2016-01-01,Naigaon,black gram,2016,January,4,7550,7550,7550,Nanded,Maharashtra,,,,,,not found,
2014-11-01,Naigaon,black gram,2014,November,2,5200,5200,5200,Nanded,Maharashtra,,,,,,not found,
2015-10-01,Naigaon,black gram,2015,October,83,11046,11730,11384,Nanded,Maharashtra,,,,,,not found,
2016-10-01,Naigaon,black gram,2016,October,189,2467,7453,5150,Nanded,Maharashtra,,,,,,not found,
2015-09-01,Naigaon,black gram,2015,September,86,8829,9254,9049,Nanded,Maharashtra,,,,,,not found,
2016-09-01,Naigaon,black gram,2016,September,362,5312,7152,6572,Nanded,Maharashtra,,,,,,not found,
2016-11-01,Naigaon,black gram,2016,November,71,2825,7225,4625,Nanded,Maharashtra,,,,,,not found,
