date,APMC,Commodity,Year,Month,arrivals_in_qtl,min_price,max_price,modal_price,district_name,state_name,commodity,year,Type,msprice,msp_filter,seasonality,deseasonal
2015-04-01,Sangali,bedana,2015,April,63139,9750,24550,16592,Sangli,Maharashtra,,,,,,not found,
2016-04-01,Sangali,bedana,2016,April,35758,10000,17650,14020,Sangli,Maharashtra,,,,,,not found,
2015-08-01,Sangali,bedana,2015,August,54658,9636,21509,14000,Sangli,Maharashtra,,,,,,not found,
2016-08-01,Sangali,bedana,2016,August,45415,9500,17438,13063,Sangli,Maharashtra,,,,,,not found,
2014-12-01,Sangali,bedana,2014,December,15620,11720,26920,18400,Sangli,Maharashtra,,,,,,not found,
2015-12-01,Sangali,bedana,2015,December,30023,9000,18950,12400,Sangli,Maharashtra,,,,,,not found,
2015-02-01,Sangali,bedana,2015,February,39242,10222,25400,16722,Sangli,Maharashtra,,,,,,not found,
2016-02-01,Sangali,bedana,2016,February,58394,10000,19736,14364,Sangli,Maharashtra,,,,,,not found,
2015-01-01,Sangali,bedana,2015,January,18556,11000,30040,19050,Sangli,Maharashtra,,,,,,not found,
2016-01-01,Sangali,bedana,2016,January,33725,9091,17336,13391,Sangli,Maharashtra,,,,,,not found,
2015-07-01,Sangali,bedana,2015,July,53608,9182,20936,14591,Sangli,Maharashtra,,,,,,not found,
2016-07-01,Sangali,bedana,2016,July,22959,10000,16420,13400,Sangli,Maharashtra,,,,,,not found,
2015-06-01,Sangali,bedana,2015,June,46829,9500,22525,15050,Sangli,Maharashtra,,,,,,not found,
2016-06-01,Sangali,bedana,2016,June,33892,10000,15989,13167,Sangli,Maharashtra,,,,,,not found,
2015-03-01,Sangali,bedana,2015,March,38183,9875,24175,17025,Sangli,Maharashtra,,,,,,not found,
2016-03-01,Sangali,bedana,2016,March,74473,10000,18793,14667,Sangli,Maharashtra,,,,,,not found,
2015-05-01,Sangali,bedana,2015,May,33931,10000,22613,16163,Sangli,Maharashtra,,,,,,not found,
2016-05-01,Sangali,bedana,2016,May,28643,9700,15440,12200,Sangli,Maharashtra,,,,,,not found,
2014-11-01,Sangali,bedana,2014,November,12612,11500,26925,19150,Sangli,Maharashtra,,,,,,not found,
2014-10-01,Sangali,bedana,2014,October,5943,12500,27800,20500,Sangli,Maharashtra,,,,,,not found,
2015-10-01,Sangali,bedana,2015,October,69672,9700,22940,14850,Sangli,Maharashtra,,,,,,not found,
2016-10-01,Sangali,bedana,2016,October,19635,9000,15850,12125,Sangli,Maharashtra,,,,,,not found,
2014-09-01,Sangali,bedana,2014,September,34646,14286,29600,21786,Sangli,Maharashtra,,,,,,not found,
2015-09-01,Sangali,bedana,2015,September,32260,9375,21900,14925,Sangli,Maharashtra,,,,,,not found,
2016-09-01,Sangali,bedana,2016,September,46110,9889,16389,13089,Sangli,Maharashtra,,,,,,not found,
