date,APMC,Commodity,Year,Month,arrivals_in_qtl,min_price,max_price,modal_price,district_name,state_name,commodity,year,Type,msprice,msp_filter,seasonality,deseasonal,Peak seasonal price fluctuation %
2016-08-01,Dharangaon,black gram,2016,August,4,7600,7600,7600,Jalgaon,Maharashtra,,,,,,additive,,11.158875156725774
2016-10-01,Dharangaon,black gram,2016,October,157,6650,7051,6914,Jalgaon,Maharashtra,,,,,,additive,7157.25,11.158875156725774
2016-09-01,Dharangaon,black gram,2016,September,351,7092,7263,7201,Jalgaon,Maharashtra,,,,,,additive,6879.0,11.158875156725774
2016-11-01,Dharangaon,black gram,2016,November,20,5675,6300,6200,Jalgaon,Maharashtra,,,,,,additive,,11.158875156725774
