date,APMC,Commodity,Year,Month,arrivals_in_qtl,min_price,max_price,modal_price,district_name,state_name,commodity,year,Type,msprice,msp_filter,seasonality,deseasonal,Peak seasonal price fluctuation %
2015-11-01,Basmat,black gram,2015,November,2,9900,9900,9900,Hingoli,Maharashtra,,,,,,additive,,25.023430178069354
2015-10-01,Basmat,black gram,2015,October,17,11131,11159,11145,Hingoli,Maharashtra,,,,,,additive,10155.75,25.023430178069354
2015-09-01,Basmat,black gram,2015,September,18,8167,8600,8433,Hingoli,Maharashtra,,,,,,additive,8702.75,25.023430178069354
2016-09-01,Basmat,black gram,2016,September,40,6800,6800,6800,Hingoli,Maharashtra,,,,,,additive,,25.023430178069354
