date,APMC,Commodity,Year,Month,arrivals_in_qtl,min_price,max_price,modal_price,district_name,state_name,commodity,year,Type,msprice,msp_filter,seasonality,deseasonal
2015-04-01,Shirpur,black gram,2015,April,2,6465,6465,6465,Dhule,Maharashtra,,,,,,not found,
2016-04-01,Shirpur,black gram,2016,April,1,11900,11900,11900,Dhule,Maharashtra,,,,,,not found,
2015-08-01,Shirpur,black gram,2015,August,13,6925,6925,6925,Dhule,Maharashtra,,,,,,not found,
2016-08-01,Shirpur,black gram,2016,August,2,13500,13500,13500,Dhule,Maharashtra,,,,,,not found,
2014-12-01,Shirpur,black gram,2014,December,139,5060,5380,5288,Dhule,Maharashtra,,,,,,not found,
2015-12-01,Shirpur,black gram,2015,December,47,8500,9727,9585,Dhule,Maharashtra,,,,,,not found,
2015-02-01,Shirpur,black gram,2015,February,42,5279,5550,5500,Dhule,Maharashtra,,,,,,not found,
2016-02-01,Shirpur,black gram,2016,February,18,8600,9050,9000,Dhule,Maharashtra,,,,,,not found,
2015-01-01,Shirpur,black gram,2015,January,50,5524,5620,5607,Dhule,Maharashtra,,,,,,not found,
2016-01-01,Shirpur,black gram,2016,January,18,9629,9980,9966,Dhule,Maharashtra,,,,,,not found,
2015-07-01,Shirpur,black gram,2015,July,1,7800,7800,7800,Dhule,Maharashtra,,,,,,not found,
2016-07-01,Shirpur,black gram,2016,July,1,12900,12900,12900,Dhule,Maharashtra,,,,,,not found,
2015-06-01,Shirpur,black gram,2015,June,5,7934,7934,7934,Dhule,Maharashtra,,,,,,not found,
2016-06-01,Shirpur,black gram,2016,June,1,11050,11050,11050,Dhule,Maharashtra,,,,,,not found,
2015-03-01,Shirpur,black gram,2015,March,8,5607,5607,5607,Dhule,Maharashtra,,,,,,not found,
2016-03-01,Shirpur,black gram,2016,March,2,7900,7900,7900,Dhule,Maharashtra,,,,,,not found,
2015-05-01,Shirpur,black gram,2015,May,1,6500,6500,6500,Dhule,Maharashtra,,,,,,not found,
2016-05-01,Shirpur,black gram,2016,May,6,11192,11192,11192,Dhule,Maharashtra,,,,,,not found,
2014-11-01,Shirpur,black gram,2014,November,149,4990,5504,5358,Dhule,Maharashtra,,,,,,not found,
2015-11-01,Shirpur,black gram,2015,November,80,9526,10378,9967,Dhule,Maharashtra,,,,,,not found,
2014-10-01,Shirpur,black gram,2014,October,215,4498,5786,5300,Dhule,Maharashtra,,,,,,not found,
2015-10-01,Shirpur,black gram,2015,October,296,8467,10998,10346,Dhule,Maharashtra,,,,,,not found,
2016-10-01,Shirpur,black gram,2016,October,559,4621,7165,6507,Dhule,Maharashtra,,,,,,not found,
2014-09-01,Shirpur,black gram,2014,September,3,6009,6284,6284,Dhule,Maharashtra,,,,,,not found,
2015-09-01,Shirpur,black gram,2015,September,267,7249,8923,8511,Dhule,Maharashtra,,,,,,not found,
2016-09-01,Shirpur,black gram,2016,September,521,6139,7705,7424,Dhule,Maharashtra,,,,,,not found,
2016-11-01,Shirpur,black gram,2016,November,202,3998,6731,6285,Dhule,Maharashtra,,,,,,not found,
