date,APMC,Commodity,Year,Month,arrivals_in_qtl,min_price,max_price,modal_price,district_name,state_name,commodity,year,Type,msprice,msp_filter,seasonality,deseasonal,Raw vs MSP diff,Desasonal vs MSP diff
2016-02-01,Achalpur,bajri,2016,February,2,1725,1725,1725,Amaravathi,Maharashtra,bajri,2016,Kharif Crops,1330.0,1,not found,,395.0,
2015-01-01,Achalpur,bajri,2015,January,2,1500,1630,1565,Amaravathi,Maharashtra,bajri,2015,Kharif Crops,1275.0,1,not found,,290.0,
2016-01-01,Achalpur,bajri,2016,January,2,1700,1700,1700,Amaravathi,Maharashtra,bajri,2016,Kharif Crops,1330.0,1,not found,,370.0,
2016-05-01,Achalpur,bajri,2016,May,1,1700,1700,1700,Amaravathi,Maharashtra,bajri,2016,Kharif Crops,1330.0,1,not found,,370.0,
2014-10-01,Achalpur,bajri,2014,October,1,1725,1725,1725,Amaravathi,Maharashtra,bajri,2014,Kharif Crops,1250.0,1,not found,,475.0,
