date,APMC,Commodity,Year,Month,arrivals_in_qtl,min_price,max_price,modal_price,district_name,state_name,commodity,year,Type,msprice,msp_filter,seasonality,deseasonal
2015-04-01,Barshi,black gram,2015,April,38,5167,5834,5167,Solapur,Maharashtra,,,,,,not found,
2016-04-01,Barshi,black gram,2016,April,119,9443,10072,9672,Solapur,Maharashtra,,,,,,not found,
2015-08-01,Barshi,black gram,2015,August,145,6364,7791,7072,Solapur,Maharashtra,,,,,,not found,
2016-08-01,Barshi,black gram,2016,August,3369,6929,7582,7375,Solapur,Maharashtra,,,,,,not found,
2014-12-01,Barshi,black gram,2014,December,317,4750,5414,5142,Solapur,Maharashtra,,,,,,not found,
2015-12-01,Barshi,black gram,2015,December,83,8408,9125,8683,Solapur,Maharashtra,,,,,,not found,
2015-02-01,Barshi,black gram,2015,February,81,4296,4981,4704,Solapur,Maharashtra,,,,,,not found,
2016-02-01,Barshi,black gram,2016,February,23,8967,8967,8967,Solapur,Maharashtra,,,,,,not found,
2015-01-01,Barshi,black gram,2015,January,80,5141,5350,5297,Solapur,Maharashtra,,,,,,not found,
2016-01-01,Barshi,black gram,2016,January,54,6508,6808,6525,Solapur,Maharashtra,,,,,,not found,
2015-07-01,Barshi,black gram,2015,July,68,6095,6892,6345,Solapur,Maharashtra,,,,,,not found,
2016-07-01,Barshi,black gram,2016,July,16,7542,7767,7700,Solapur,Maharashtra,,,,,,not found,
2015-06-01,Barshi,black gram,2015,June,79,7428,7966,7585,Solapur,Maharashtra,,,,,,not found,
2016-06-01,Barshi,black gram,2016,June,204,10873,11589,11507,Solapur,Maharashtra,,,,,,not found,
2015-03-01,Barshi,black gram,2015,March,11,4875,4875,4875,Solapur,Maharashtra,,,,,,not found,
2016-03-01,Barshi,black gram,2016,March,1,5500,5500,5500,Solapur,Maharashtra,,,,,,not found,
2015-05-01,Barshi,black gram,2015,May,39,8086,8121,8086,Solapur,Maharashtra,,,,,,not found,
2016-05-01,Barshi,black gram,2016,May,169,10763,11095,10993,Solapur,Maharashtra,,,,,,not found,
2014-11-01,Barshi,black gram,2014,November,1218,4214,5457,5160,Solapur,Maharashtra,,,,,,not found,
2015-11-01,Barshi,black gram,2015,November,300,7635,10065,9094,Solapur,Maharashtra,,,,,,not found,
2014-10-01,Barshi,black gram,2014,October,3088,4088,5265,4823,Solapur,Maharashtra,,,,,,not found,
2015-10-01,Barshi,black gram,2015,October,496,8650,11505,10018,Solapur,Maharashtra,,,,,,not found,
2016-10-01,Barshi,black gram,2016,October,11201,3961,7413,6295,Solapur,Maharashtra,,,,,,not found,
2014-09-01,Barshi,black gram,2014,September,853,4956,6276,5794,Solapur,Maharashtra,,,,,,not found,
2015-09-01,Barshi,black gram,2015,September,860,7852,9037,8601,Solapur,Maharashtra,,,,,,not found,
2016-09-01,Barshi,black gram,2016,September,27826,6256,7158,6864,Solapur,Maharashtra,,,,,,not found,
2016-11-01,Barshi,black gram,2016,November,755,3267,6822,6189,Solapur,Maharashtra,,,,,,not found,
