date,APMC,Commodity,Year,Month,arrivals_in_qtl,min_price,max_price,modal_price,district_name,state_name,commodity,year,Type,msprice,msp_filter,seasonality,deseasonal
2015-04-01,Tumsar,black gram,2015,April,36,4238,5250,4794,Bhandara,Maharashtra,,,,,,not found,
2016-04-01,Tumsar,black gram,2016,April,38,9668,10067,9997,Bhandara,Maharashtra,,,,,,not found,
2015-08-01,Tumsar,black gram,2015,August,1,5210,5210,5210,Bhandara,Maharashtra,,,,,,not found,
2016-02-01,Tumsar,black gram,2016,February,42,7707,7803,7743,Bhandara,Maharashtra,,,,,,not found,
2015-07-01,Tumsar,black gram,2015,July,11,4650,4838,4736,Bhandara,Maharashtra,,,,,,not found,
2016-06-01,Tumsar,black gram,2016,June,2,10000,10000,10000,Bhandara,Maharashtra,,,,,,not found,
2015-03-01,Tumsar,black gram,2015,March,8,4050,4261,4195,Bhandara,Maharashtra,,,,,,not found,
2016-03-01,Tumsar,black gram,2016,March,72,8480,8604,8587,Bhandara,Maharashtra,,,,,,not found,
2015-05-01,Tumsar,black gram,2015,May,15,4650,5222,4936,Bhandara,Maharashtra,,,,,,not found,
2016-05-01,Tumsar,black gram,2016,May,12,10421,10449,10449,Bhandara,Maharashtra,,,,,,not found,
2014-11-01,Tumsar,black gram,2014,November,5,3900,4005,3952,Bhandara,Maharashtra,,,,,,not found,
2014-10-01,Tumsar,black gram,2014,October,31,3500,3775,3638,Bhandara,Maharashtra,,,,,,not found,
2016-09-01,Tumsar,black gram,2016,September,3,5500,5500,5500,Bhandara,Maharashtra,,,,,,not found,
