date,APMC,Commodity,Year,Month,arrivals_in_qtl,min_price,max_price,modal_price,district_name,state_name,commodity,year,Type,msprice,msp_filter,seasonality,deseasonal
2015-04-01,Malkapur,black gram,2015,April,3,6350,6400,6350,Buldhana,Maharashtra,,,,,,not found,
2015-08-01,Malkapur,black gram,2015,August,9,5483,5993,5542,Buldhana,Maharashtra,,,,,,not found,
2016-08-01,Malkapur,black gram,2016,August,17,7213,8738,7928,Buldhana,Maharashtra,,,,,,not found,
2014-12-01,Malkapur,black gram,2014,December,24,4833,5275,5183,Buldhana,Maharashtra,,,,,,not found,
2015-12-01,Malkapur,black gram,2015,December,77,7368,10107,9323,Buldhana,Maharashtra,,,,,,not found,
2015-02-01,Malkapur,black gram,2015,February,14,4975,5325,5125,Buldhana,Maharashtra,,,,,,not found,
2016-02-01,Malkapur,black gram,2016,February,1,9200,9200,9200,Buldhana,Maharashtra,,,,,,not found,
2015-01-01,Malkapur,black gram,2015,January,26,5615,5829,5766,Buldhana,Maharashtra,,,,,,not found,
2016-01-01,Malkapur,black gram,2016,January,10,9469,10019,9469,Buldhana,Maharashtra,,,,,,not found,
2015-07-01,Malkapur,black gram,2015,July,10,7088,7269,7113,Buldhana,Maharashtra,,,,,,not found,
2016-07-01,Malkapur,black gram,2016,July,7,12000,12200,12000,Buldhana,Maharashtra,,,,,,not found,
2015-06-01,Malkapur,black gram,2015,June,17,7129,7575,7396,Buldhana,Maharashtra,,,,,,not found,
2016-06-01,Malkapur,black gram,2016,June,34,11309,11716,11684,Buldhana,Maharashtra,,,,,,not found,
2015-03-01,Malkapur,black gram,2015,March,9,5583,5670,5583,Buldhana,Maharashtra,,,,,,not found,
2015-05-01,Malkapur,black gram,2015,May,15,7169,7238,7194,Buldhana,Maharashtra,,,,,,not found,
2016-05-01,Malkapur,black gram,2016,May,8,9167,11183,9167,Buldhana,Maharashtra,,,,,,not found,
2014-11-01,Malkapur,black gram,2014,November,91,4313,5468,5171,Buldhana,Maharashtra,,,,,,not found,
2015-11-01,Malkapur,black gram,2015,November,99,8263,10998,10038,Buldhana,Maharashtra,,,,,,not found,
2014-10-01,Malkapur,black gram,2014,October,133,4308,5233,4752,Buldhana,Maharashtra,,,,,,not found,
2015-10-01,Malkapur,black gram,2015,October,556,7608,12021,9880,Buldhana,Maharashtra,,,,,,not found,
2016-10-01,Malkapur,black gram,2016,October,2953,5304,7142,6607,Buldhana,Maharashtra,,,,,,not found,
2014-09-01,Malkapur,black gram,2014,September,25,3725,4435,4298,Buldhana,Maharashtra,,,,,,not found,
2015-09-01,Malkapur,black gram,2015,September,751,7574,9083,8405,Buldhana,Maharashtra,,,,,,not found,
2016-09-01,Malkapur,black gram,2016,September,3019,6036,7438,6815,Buldhana,Maharashtra,,,,,,not found,
2016-11-01,Malkapur,black gram,2016,November,442,5508,7022,6557,Buldhana,Maharashtra,,,,,,not found,
