date,APMC,Commodity,Year,Month,arrivals_in_qtl,min_price,max_price,modal_price,district_name,state_name,commodity,year,Type,msprice,msp_filter,seasonality,deseasonal,Raw vs MSP diff,Desasonal vs MSP diff
2015-04-01,Shevgaon,bajri,2015,April,216,1219,1325,1267,Ahmadnagar,Maharashtra,bajri,2015,Kharif Crops,1275.0,1,not found,,-8.0,
2016-04-01,Shevgaon,bajri,2016,April,508,1556,1832,1832,Ahmadnagar,Maharashtra,bajri,2016,Kharif Crops,1330.0,1,not found,,502.0,
2015-08-01,Shevgaon,bajri,2015,August,428,1380,1513,1513,Ahmadnagar,Maharashtra,bajri,2015,Kharif Crops,1275.0,1,not found,,238.0,
2016-08-01,Shevgaon,bajri,2016,August,1010,1474,1759,1759,Ahmadnagar,Maharashtra,bajri,2016,Kharif Crops,1330.0,1,not found,,429.0,
2014-12-01,Shevgaon,bajri,2014,December,599,1143,1435,1368,Ahmadnagar,Maharashtra,bajri,2014,Kharif Crops,1250.0,1,not found,,118.0,
2015-12-01,Shevgaon,bajri,2015,December,801,1332,1589,1589,Ahmadnagar,Maharashtra,bajri,2015,Kharif Crops,1275.0,1,not found,,314.0,
2015-02-01,Shevgaon,bajri,2015,February,536,1246,1366,1318,Ahmadnagar,Maharashtra,bajri,2015,Kharif Crops,1275.0,1,not found,,43.0,
2016-02-01,Shevgaon,bajri,2016,February,546,1395,1586,1586,Ahmadnagar,Maharashtra,bajri,2016,Kharif Crops,1330.0,1,not found,,256.0,
2015-01-01,Shevgaon,bajri,2015,January,842,1141,1492,1439,Ahmadnagar,Maharashtra,bajri,2015,Kharif Crops,1275.0,1,not found,,164.0,
2016-01-01,Shevgaon,bajri,2016,January,1084,1365,1590,1590,Ahmadnagar,Maharashtra,bajri,2016,Kharif Crops,1330.0,1,not found,,260.0,
2015-07-01,Shevgaon,bajri,2015,July,278,1219,1362,1362,Ahmadnagar,Maharashtra,bajri,2015,Kharif Crops,1275.0,1,not found,,87.0,
2016-07-01,Shevgaon,bajri,2016,July,577,1532,1846,1846,Ahmadnagar,Maharashtra,bajri,2016,Kharif Crops,1330.0,1,not found,,516.0,
2015-06-01,Shevgaon,bajri,2015,June,552,1143,1303,1288,Ahmadnagar,Maharashtra,bajri,2015,Kharif Crops,1275.0,1,not found,,13.0,
2016-06-01,Shevgaon,bajri,2016,June,417,1629,1829,1829,Ahmadnagar,Maharashtra,bajri,2016,Kharif Crops,1330.0,1,not found,,499.0,
2015-03-01,Shevgaon,bajri,2015,March,271,1272,1338,1294,Ahmadnagar,Maharashtra,bajri,2015,Kharif Crops,1275.0,1,not found,,19.0,
2016-03-01,Shevgaon,bajri,2016,March,491,1519,1722,1722,Ahmadnagar,Maharashtra,bajri,2016,Kharif Crops,1330.0,1,not found,,392.0,
2015-05-01,Shevgaon,bajri,2015,May,260,1188,1300,1265,Ahmadnagar,Maharashtra,bajri,2015,Kharif Crops,1275.0,1,not found,,-10.0,
2016-05-01,Shevgaon,bajri,2016,May,620,1544,1854,1854,Ahmadnagar,Maharashtra,bajri,2016,Kharif Crops,1330.0,1,not found,,524.0,
2014-11-01,Shevgaon,bajri,2014,November,1224,1165,1452,1346,Ahmadnagar,Maharashtra,bajri,2014,Kharif Crops,1250.0,1,not found,,96.0,
2015-11-01,Shevgaon,bajri,2015,November,889,1415,1569,1569,Ahmadnagar,Maharashtra,bajri,2015,Kharif Crops,1275.0,1,not found,,294.0,
2014-10-01,Shevgaon,bajri,2014,October,497,1124,1348,1271,Ahmadnagar,Maharashtra,bajri,2014,Kharif Crops,1250.0,1,not found,,21.0,
2015-10-01,Shevgaon,bajri,2015,October,563,1214,1414,1414,Ahmadnagar,Maharashtra,bajri,2015,Kharif Crops,1275.0,1,not found,,139.0,
2016-10-01,Shevgaon,bajri,2016,October,2815,1017,1220,1220,Ahmadnagar,Maharashtra,bajri,2016,Kharif Crops,1330.0,1,not found,,-110.0,
2014-09-01,Shevgaon,bajri,2014,September,918,1068,1268,1217,Ahmadnagar,Maharashtra,bajri,2014,Kharif Crops,1250.0,1,not found,,-33.0,
2015-09-01,Shevgaon,bajri,2015,September,692,1190,1463,1421,Ahmadnagar,Maharashtra,bajri,2015,Kharif Crops,1275.0,1,not found,,146.0,
2016-09-01,Shevgaon,bajri,2016,September,835,1335,1595,1595,Ahmadnagar,Maharashtra,bajri,2016,Kharif Crops,1330.0,1,not found,,265.0,
2016-11-01,Shevgaon,bajri,2016,November,1261,1151,1272,1272,Ahmadnagar,Maharashtra,bajri,2016,Kharif Crops,1330.0,1,not found,,-58.0,
