date,APMC,Commodity,Year,Month,arrivals_in_qtl,min_price,max_price,modal_price,district_name,state_name,commodity,year,Type,msprice,msp_filter,seasonality,deseasonal,Peak seasonal price fluctuation %
2016-04-01,Nashik,apple,2016,April,885,9182,16018,12364,Nasik,Maharashtra,,,,,,additive,,51.221533946433965
2016-08-01,Nashik,apple,2016,August,6029,7575,14400,11200,Nasik,Maharashtra,,,,,,additive,10830.0,51.221533946433965
2014-12-01,Nashik,apple,2014,December,1138,6174,10889,8556,Nasik,Maharashtra,,,,,,additive,8789.75,51.221533946433965
2015-12-01,Nashik,apple,2015,December,2958,5156,8733,6847,Nasik,Maharashtra,,,,,,additive,7812.5,51.221533946433965
2015-02-01,Nashik,apple,2015,February,265,6667,10667,9000,Nasik,Maharashtra,,,,,,additive,8658.25,51.221533946433965
2016-02-01,Nashik,apple,2016,February,1726,7714,12071,9786,Nasik,Maharashtra,,,,,,additive,9205.5,51.221533946433965
2015-01-01,Nashik,apple,2015,January,196,6000,10500,8250,Nasik,Maharashtra,,,,,,additive,8612.5,51.221533946433965
2016-01-01,Nashik,apple,2016,January,2316,6000,9955,8164,Nasik,Maharashtra,,,,,,additive,9194.5,51.221533946433965
2016-07-01,Nashik,apple,2016,July,1212,9100,15000,12200,Nasik,Maharashtra,,,,,,additive,11891.0,51.221533946433965
2016-06-01,Nashik,apple,2016,June,330,11200,18000,15000,Nasik,Maharashtra,,,,,,additive,13050.0,51.221533946433965
2015-03-01,Nashik,apple,2015,March,90,8000,12000,10000,Nasik,Maharashtra,,,,,,additive,11700.0,51.221533946433965
2016-03-01,Nashik,apple,2016,March,1128,8150,14700,11800,Nasik,Maharashtra,,,,,,additive,11733.25,51.221533946433965
2016-05-01,Nashik,apple,2016,May,350,9333,16000,13333,Nasik,Maharashtra,,,,,,additive,11723.75,51.221533946433965
2014-11-01,Nashik,apple,2014,November,1146,6214,10714,8429,Nasik,Maharashtra,,,,,,additive,9472.75,51.221533946433965
2015-11-01,Nashik,apple,2015,November,831,5600,10600,7700,Nasik,Maharashtra,,,,,,additive,8144.75,51.221533946433965
2016-10-01,Nashik,apple,2016,October,3839,5594,11313,8750,Nasik,Maharashtra,,,,,,additive,8466.75,51.221533946433965
2016-09-01,Nashik,apple,2016,September,7678,6119,11619,8667,Nasik,Maharashtra,,,,,,additive,8646.0,51.221533946433965
2016-11-01,Nashik,apple,2016,November,2382,5814,11357,8500,Nasik,Maharashtra,,,,,,additive,,51.221533946433965
