date,APMC,Commodity,Year,Month,arrivals_in_qtl,min_price,max_price,modal_price,district_name,state_name,commodity,year,Type,msprice,msp_filter,seasonality,deseasonal
2015-04-01,Pune-Pimpri,beet root,2015,April,19,1122,1222,1172,Pune,Maharashtra,,,,,,not found,
2016-04-01,Pune-Pimpri,beet root,2016,April,28,1264,1336,1310,Pune,Maharashtra,,,,,,not found,
2015-08-01,Pune-Pimpri,beet root,2015,August,24,1682,1909,1829,Pune,Maharashtra,,,,,,not found,
2016-08-01,Pune-Pimpri,beet root,2016,August,27,1433,1467,1455,Pune,Maharashtra,,,,,,not found,
2014-12-01,Pune-Pimpri,beet root,2014,December,22,1564,1564,1564,Pune,Maharashtra,,,,,,not found,
2015-12-01,Pune-Pimpri,beet root,2015,December,35,1627,1691,1666,Pune,Maharashtra,,,,,,not found,
2015-02-01,Pune-Pimpri,beet root,2015,February,5,840,1020,930,Pune,Maharashtra,,,,,,not found,
2016-02-01,Pune-Pimpri,beet root,2016,February,29,1415,1462,1445,Pune,Maharashtra,,,,,,not found,
2015-01-01,Pune-Pimpri,beet root,2015,January,13,1175,1313,1244,Pune,Maharashtra,,,,,,not found,
2016-01-01,Pune-Pimpri,beet root,2016,January,20,1645,1682,1669,Pune,Maharashtra,,,,,,not found,
2015-07-01,Pune-Pimpri,beet root,2015,July,24,1900,2036,1993,Pune,Maharashtra,,,,,,not found,
2016-07-01,Pune-Pimpri,beet root,2016,July,30,2162,2369,2297,Pune,Maharashtra,,,,,,not found,
2015-06-01,Pune-Pimpri,beet root,2015,June,30,1930,2200,2073,Pune,Maharashtra,,,,,,not found,
2016-06-01,Pune-Pimpri,beet root,2016,June,21,2564,2564,2564,Pune,Maharashtra,,,,,,not found,
2015-03-01,Pune-Pimpri,beet root,2015,March,7,740,800,770,Pune,Maharashtra,,,,,,not found,
2016-03-01,Pune-Pimpri,beet root,2016,March,40,1211,1389,1328,Pune,Maharashtra,,,,,,not found,
2015-05-01,Pune-Pimpri,beet root,2015,May,9,1533,1567,1550,Pune,Maharashtra,,,,,,not found,
2016-05-01,Pune-Pimpri,beet root,2016,May,109,1856,1922,1892,Pune,Maharashtra,,,,,,not found,
2014-11-01,Pune-Pimpri,beet root,2014,November,3,2067,2067,2067,Pune,Maharashtra,,,,,,not found,
2015-11-01,Pune-Pimpri,beet root,2015,November,12,1343,1486,1439,Pune,Maharashtra,,,,,,not found,
2014-10-01,Pune-Pimpri,beet root,2014,October,2,2350,2350,2350,Pune,Maharashtra,,,,,,not found,
2015-10-01,Pune-Pimpri,beet root,2015,October,20,1467,1558,1525,Pune,Maharashtra,,,,,,not found,
2016-10-01,Pune-Pimpri,beet root,2016,October,12,1555,1655,1621,Pune,Maharashtra,,,,,,not found,
2014-09-01,Pune-Pimpri,beet root,2014,September,7,1686,1729,1707,Pune,Maharashtra,,,,,,not found,
2015-09-01,Pune-Pimpri,beet root,2015,September,15,1209,1227,1221,Pune,Maharashtra,,,,,,not found,
2016-09-01,Pune-Pimpri,beet root,2016,September,50,1311,1411,1376,Pune,Maharashtra,,,,,,not found,
2016-11-01,Pune-Pimpri,beet root,2016,November,39,1289,1484,1417,Pune,Maharashtra,,,,,,not found,
