date,APMC,Commodity,Year,Month,arrivals_in_qtl,min_price,max_price,modal_price,district_name,state_name,commodity,year,Type,msprice,msp_filter,seasonality,deseasonal
2016-04-01,Chalisgaon,banana,2016,April,30,170,255,195,Jalgaon,Maharashtra,,,,,,not found,
2015-12-01,Chalisgaon,banana,2015,December,19,1100,1750,1400,Jalgaon,Maharashtra,,,,,,not found,
2016-02-01,Chalisgaon,banana,2016,February,46,208,340,268,Jalgaon,Maharashtra,,,,,,not found,
2016-01-01,Chalisgaon,banana,2016,January,8,150,250,225,Jalgaon,Maharashtra,,,,,,not found,
2016-03-01,Chalisgaon,banana,2016,March,88,187,280,223,Jalgaon,Maharashtra,,,,,,not found,
