date,APMC,Commodity,Year,Month,arrivals_in_qtl,min_price,max_price,modal_price,district_name,state_name,commodity,year,Type,msprice,msp_filter,seasonality,deseasonal,Peak seasonal price fluctuation %,Raw vs MSP diff,Desasonal vs MSP diff
2016-04-01,Indapur (Nimgaon Ketki),bajri,2016,April,1,1421,1421,1421,Pune,Maharashtra,bajri,2016,Kharif Crops,1330.0,1,additive,,23.45039939310099,91.0,
2015-08-01,Indapur (Nimgaon Ketki),bajri,2015,August,33,1288,1638,1466,Pune,Maharashtra,bajri,2015,Kharif Crops,1275.0,1,additive,1551.0,23.45039939310099,191.0,276.0
2016-08-01,Indapur (Nimgaon Ketki),bajri,2016,August,2,1675,1851,1851,Pune,Maharashtra,bajri,2016,Kharif Crops,1330.0,1,additive,1683.75,23.45039939310099,521.0,353.75
2016-02-01,Indapur (Nimgaon Ketki),bajri,2016,February,12,1534,1601,1567,Pune,Maharashtra,bajri,2016,Kharif Crops,1330.0,1,additive,1632.0,23.45039939310099,237.0,302.0
2016-01-01,Indapur (Nimgaon Ketki),bajri,2016,January,3,1543,1543,1543,Pune,Maharashtra,bajri,2016,Kharif Crops,1330.0,1,additive,1593.5,23.45039939310099,213.0,263.5
2016-07-01,Indapur (Nimgaon Ketki),bajri,2016,July,2,1721,1721,1721,Pune,Maharashtra,bajri,2016,Kharif Crops,1330.0,1,additive,1695.5,23.45039939310099,391.0,365.5
2016-06-01,Indapur (Nimgaon Ketki),bajri,2016,June,9,1771,1889,1797,Pune,Maharashtra,bajri,2016,Kharif Crops,1330.0,1,additive,1732.0,23.45039939310099,467.0,402.0
2016-03-01,Indapur (Nimgaon Ketki),bajri,2016,March,4,1400,1613,1613,Pune,Maharashtra,bajri,2016,Kharif Crops,1330.0,1,additive,1749.75,23.45039939310099,283.0,419.75
2016-05-01,Indapur (Nimgaon Ketki),bajri,2016,May,7,1801,2051,1976,Pune,Maharashtra,bajri,2016,Kharif Crops,1330.0,1,additive,1765.0,23.45039939310099,646.0,435.0
2015-11-01,Indapur (Nimgaon Ketki),bajri,2015,November,13,1413,1563,1495,Pune,Maharashtra,bajri,2015,Kharif Crops,1275.0,1,additive,1563.5,23.45039939310099,220.0,288.5
2015-10-01,Indapur (Nimgaon Ketki),bajri,2015,October,15,1117,1547,1288,Pune,Maharashtra,bajri,2015,Kharif Crops,1275.0,1,additive,1411.5,23.45039939310099,13.0,136.5
2016-10-01,Indapur (Nimgaon Ketki),bajri,2016,October,9,1500,1800,1575,Pune,Maharashtra,bajri,2016,Kharif Crops,1330.0,1,additive,1487.25,23.45039939310099,245.0,157.25
2015-09-01,Indapur (Nimgaon Ketki),bajri,2015,September,11,1438,1511,1511,Pune,Maharashtra,bajri,2015,Kharif Crops,1275.0,1,additive,1545.5,23.45039939310099,236.0,270.5
2016-09-01,Indapur (Nimgaon Ketki),bajri,2016,September,35,1438,1745,1585,Pune,Maharashtra,bajri,2016,Kharif Crops,1330.0,1,additive,,23.45039939310099,255.0,
