date,APMC,Commodity,Year,Month,arrivals_in_qtl,min_price,max_price,modal_price,district_name,state_name,commodity,year,Type,msprice,msp_filter,seasonality,deseasonal
2015-04-01,Jalgaon,banana,2015,April,351,218,344,278,Jalgaon,Maharashtra,,,,,,not found,
2016-04-01,Jalgaon,banana,2016,April,305,191,281,229,Jalgaon,Maharashtra,,,,,,not found,
2015-08-01,Jalgaon,banana,2015,August,937,163,320,241,Jalgaon,Maharashtra,,,,,,not found,
2016-08-01,Jalgaon,banana,2016,August,264,208,338,258,Jalgaon,Maharashtra,,,,,,not found,
2014-12-01,Jalgaon,banana,2014,December,293,326,465,395,Jalgaon,Maharashtra,,,,,,not found,
2015-12-01,Jalgaon,banana,2015,December,285,178,292,230,Jalgaon,Maharashtra,,,,,,not found,
2015-02-01,Jalgaon,banana,2015,February,290,314,461,365,Jalgaon,Maharashtra,,,,,,not found,
2016-02-01,Jalgaon,banana,2016,February,301,202,334,267,Jalgaon,Maharashtra,,,,,,not found,
2015-01-01,Jalgaon,banana,2015,January,366,276,428,339,Jalgaon,Maharashtra,,,,,,not found,
2016-01-01,Jalgaon,banana,2016,January,636,141,245,195,Jalgaon,Maharashtra,,,,,,not found,
2015-07-01,Jalgaon,banana,2015,July,613,260,435,347,Jalgaon,Maharashtra,,,,,,not found,
2016-07-01,Jalgaon,banana,2016,July,217,218,339,273,Jalgaon,Maharashtra,,,,,,not found,
2015-06-01,Jalgaon,banana,2015,June,275,227,336,275,Jalgaon,Maharashtra,,,,,,not found,
2016-06-01,Jalgaon,banana,2016,June,366,247,408,314,Jalgaon,Maharashtra,,,,,,not found,
2015-03-01,Jalgaon,banana,2015,March,405,299,435,351,Jalgaon,Maharashtra,,,,,,not found,
2016-03-01,Jalgaon,banana,2016,March,475,182,275,218,Jalgaon,Maharashtra,,,,,,not found,
2015-05-01,Jalgaon,banana,2015,May,401,177,274,214,Jalgaon,Maharashtra,,,,,,not found,
2016-05-01,Jalgaon,banana,2016,May,281,345,483,411,Jalgaon,Maharashtra,,,,,,not found,
2014-11-01,Jalgaon,banana,2014,November,288,287,494,402,Jalgaon,Maharashtra,,,,,,not found,
2015-11-01,Jalgaon,banana,2015,November,264,245,358,297,Jalgaon,Maharashtra,,,,,,not found,
2014-10-01,Jalgaon,banana,2014,October,249,232,429,336,Jalgaon,Maharashtra,,,,,,not found,
2015-10-01,Jalgaon,banana,2015,October,372,251,375,315,Jalgaon,Maharashtra,,,,,,not found,
2016-10-01,Jalgaon,banana,2016,October,457,228,369,281,Jalgaon,Maharashtra,,,,,,not found,
2014-09-01,Jalgaon,banana,2014,September,341,225,376,295,Jalgaon,Maharashtra,,,,,,not found,
2015-09-01,Jalgaon,banana,2015,September,1196,126,268,195,Jalgaon,Maharashtra,,,,,,not found,
2016-09-01,Jalgaon,banana,2016,September,352,235,359,284,Jalgaon,Maharashtra,,,,,,not found,
2016-11-01,Jalgaon,banana,2016,November,383,221,354,267,Jalgaon,Maharashtra,,,,,,not found,
