date,APMC,Commodity,Year,Month,arrivals_in_qtl,min_price,max_price,modal_price,district_name,state_name,commodity,year,Type,msprice,msp_filter,seasonality,deseasonal,Peak seasonal price fluctuation %
2016-02-01,Umared,black gram,2016,February,2,7500,7500,7500,Nagpur,Maharashtra,,,,,,additive,,19.56689868522815
2015-06-01,Umared,black gram,2015,June,1,6205,6205,6205,Nagpur,Maharashtra,,,,,,additive,6716.25,19.56689868522815
2016-03-01,Umared,black gram,2016,March,2,6955,6955,6955,Nagpur,Maharashtra,,,,,,additive,6328.75,19.56689868522815
2015-05-01,Umared,black gram,2015,May,1,5200,5200,5200,Nagpur,Maharashtra,,,,,,additive,,19.56689868522815
