date,APMC,Commodity,Year,Month,arrivals_in_qtl,min_price,max_price,modal_price,district_name,state_name,commodity,year,Type,msprice,msp_filter,seasonality,deseasonal
2015-04-01,Sangali,black gram,2015,April,8,4575,5375,4975,Sangli,Maharashtra,,,,,,not found,
2016-04-01,Sangali,black gram,2016,April,19,7667,10667,9400,Sangli,Maharashtra,,,,,,not found,
2015-08-01,Sangali,black gram,2015,August,833,5991,8618,7123,Sangli,Maharashtra,,,,,,not found,
2016-08-01,Sangali,black gram,2016,August,45,6000,7250,7000,Sangli,Maharashtra,,,,,,not found,
2014-12-01,Sangali,black gram,2014,December,18,3800,5500,4650,Sangli,Maharashtra,,,,,,not found,
2015-12-01,Sangali,black gram,2015,December,490,7119,9643,9033,Sangli,Maharashtra,,,,,,not found,
2016-02-01,Sangali,black gram,2016,February,326,7265,9075,8830,Sangli,Maharashtra,,,,,,not found,
2016-01-01,Sangali,black gram,2016,January,371,7263,9042,8589,Sangli,Maharashtra,,,,,,not found,
2015-07-01,Sangali,black gram,2015,July,16,4700,6400,5200,Sangli,Maharashtra,,,,,,not found,
2016-07-01,Sangali,black gram,2016,July,14,8000,11000,9850,Sangli,Maharashtra,,,,,,not found,
2015-06-01,Sangali,black gram,2015,June,28,4500,6333,5600,Sangli,Maharashtra,,,,,,not found,
2016-06-01,Sangali,black gram,2016,June,87,7833,11667,10833,Sangli,Maharashtra,,,,,,not found,
2016-03-01,Sangali,black gram,2016,March,258,7355,9327,8982,Sangli,Maharashtra,,,,,,not found,
2015-05-01,Sangali,black gram,2015,May,211,4860,6900,5860,Sangli,Maharashtra,,,,,,not found,
2016-05-01,Sangali,black gram,2016,May,19,8167,10167,9867,Sangli,Maharashtra,,,,,,not found,
2015-11-01,Sangali,black gram,2015,November,350,7553,9665,8888,Sangli,Maharashtra,,,,,,not found,
2015-10-01,Sangali,black gram,2015,October,607,7510,10557,9210,Sangli,Maharashtra,,,,,,not found,
2016-10-01,Sangali,black gram,2016,October,2384,6038,7050,6845,Sangli,Maharashtra,,,,,,not found,
2015-09-01,Sangali,black gram,2015,September,1196,6752,8867,8062,Sangli,Maharashtra,,,,,,not found,
2016-09-01,Sangali,black gram,2016,September,2284,5970,7100,6774,Sangli,Maharashtra,,,,,,not found,
2016-11-01,Sangali,black gram,2016,November,1177,5532,6700,6452,Sangli,Maharashtra,,,,,,not found,
