date,APMC,Commodity,Year,Month,arrivals_in_qtl,min_price,max_price,modal_price,district_name,state_name,commodity,year,Type,msprice,msp_filter,seasonality,deseasonal,Peak seasonal price fluctuation %,Raw vs MSP diff,Desasonal vs MSP diff
2016-04-01,Jintur,bajri,2016,April,1,1860,1860,1860,Parbhani,Maharashtra,bajri,2016,Kharif Crops,1330.0,1,additive,,14.479150638559778,530.0,
2015-12-01,Jintur,bajri,2015,December,13,1788,1788,1788,Parbhani,Maharashtra,bajri,2015,Kharif Crops,1275.0,1,additive,1721.5,14.479150638559778,513.0,446.5
2016-01-01,Jintur,bajri,2016,January,4,1450,1450,1450,Parbhani,Maharashtra,bajri,2016,Kharif Crops,1330.0,1,additive,1522.25,14.479150638559778,120.0,192.25
2014-11-01,Jintur,bajri,2014,November,4,1401,1401,1401,Parbhani,Maharashtra,bajri,2014,Kharif Crops,1250.0,1,additive,,14.479150638559778,151.0,
