date,APMC,Commodity,Year,Month,arrivals_in_qtl,min_price,max_price,modal_price,district_name,state_name,commodity,year,Type,msprice,msp_filter,seasonality,deseasonal
2015-04-01,Vadgaon Peth,bitter gourd,2015,April,53,1520,2440,1940,Kolhapur,Maharashtra,,,,,,not found,
2016-04-01,Vadgaon Peth,bitter gourd,2016,April,100,1510,2495,2085,Kolhapur,Maharashtra,,,,,,not found,
2015-08-01,Vadgaon Peth,bitter gourd,2015,August,204,1237,1984,1663,Kolhapur,Maharashtra,,,,,,not found,
2016-08-01,Vadgaon Peth,bitter gourd,2016,August,200,1356,2600,2156,Kolhapur,Maharashtra,,,,,,not found,
2014-12-01,Vadgaon Peth,bitter gourd,2014,December,235,1529,2293,1936,Kolhapur,Maharashtra,,,,,,not found,
2015-12-01,Vadgaon Peth,bitter gourd,2015,December,144,1471,2765,2253,Kolhapur,Maharashtra,,,,,,not found,
2015-02-01,Vadgaon Peth,bitter gourd,2015,February,58,1575,2175,1825,Kolhapur,Maharashtra,,,,,,not found,
2016-02-01,Vadgaon Peth,bitter gourd,2016,February,117,1433,2472,2056,Kolhapur,Maharashtra,,,,,,not found,
2015-01-01,Vadgaon Peth,bitter gourd,2015,January,169,1486,2550,2064,Kolhapur,Maharashtra,,,,,,not found,
2016-01-01,Vadgaon Peth,bitter gourd,2016,January,136,1682,2706,2324,Kolhapur,Maharashtra,,,,,,not found,
2015-07-01,Vadgaon Peth,bitter gourd,2015,July,118,1310,2200,1795,Kolhapur,Maharashtra,,,,,,not found,
2016-07-01,Vadgaon Peth,bitter gourd,2016,July,137,2079,3568,3047,Kolhapur,Maharashtra,,,,,,not found,
2015-06-01,Vadgaon Peth,bitter gourd,2015,June,110,1622,2333,1922,Kolhapur,Maharashtra,,,,,,not found,
2016-06-01,Vadgaon Peth,bitter gourd,2016,June,75,2127,3700,3227,Kolhapur,Maharashtra,,,,,,not found,
2015-03-01,Vadgaon Peth,bitter gourd,2015,March,50,1500,2300,1760,Kolhapur,Maharashtra,,,,,,not found,
2016-03-01,Vadgaon Peth,bitter gourd,2016,March,114,1300,2329,1929,Kolhapur,Maharashtra,,,,,,not found,
2015-05-01,Vadgaon Peth,bitter gourd,2015,May,126,1377,2455,1909,Kolhapur,Maharashtra,,,,,,not found,
2016-05-01,Vadgaon Peth,bitter gourd,2016,May,100,1689,2739,2356,Kolhapur,Maharashtra,,,,,,not found,
2014-11-01,Vadgaon Peth,bitter gourd,2014,November,278,1634,2619,2088,Kolhapur,Maharashtra,,,,,,not found,
2015-11-01,Vadgaon Peth,bitter gourd,2015,November,91,1178,2278,1867,Kolhapur,Maharashtra,,,,,,not found,
2014-10-01,Vadgaon Peth,bitter gourd,2014,October,224,1227,1968,1626,Kolhapur,Maharashtra,,,,,,not found,
2015-10-01,Vadgaon Peth,bitter gourd,2015,October,60,1083,1958,1667,Kolhapur,Maharashtra,,,,,,not found,
2016-10-01,Vadgaon Peth,bitter gourd,2016,October,78,1269,4115,1923,Kolhapur,Maharashtra,,,,,,not found,
2014-09-01,Vadgaon Peth,bitter gourd,2014,September,129,1781,2569,2175,Kolhapur,Maharashtra,,,,,,not found,
2015-09-01,Vadgaon Peth,bitter gourd,2015,September,97,717,1156,944,Kolhapur,Maharashtra,,,,,,not found,
2016-09-01,Vadgaon Peth,bitter gourd,2016,September,141,762,1700,1371,Kolhapur,Maharashtra,,,,,,not found,
2016-11-01,Vadgaon Peth,bitter gourd,2016,November,131,1128,2056,1661,Kolhapur,Maharashtra,,,,,,not found,
