date,APMC,Commodity,Year,Month,arrivals_in_qtl,min_price,max_price,modal_price,district_name,state_name,commodity,year,Type,msprice,msp_filter,seasonality,deseasonal
2016-04-01,Amarawati-Fruit And Vegetables,apple,2016,April,20,5000,8000,6500,Amaravathi,Maharashtra,,,,,,not found,
2016-08-01,Amarawati-Fruit And Vegetables,apple,2016,August,2493,4123,9000,6692,Amaravathi,Maharashtra,,,,,,not found,
2016-02-01,Amarawati-Fruit And Vegetables,apple,2016,February,595,3808,6167,5117,Amaravathi,Maharashtra,,,,,,not found,
2016-01-01,Amarawati-Fruit And Vegetables,apple,2016,January,590,3286,5857,4679,Amaravathi,Maharashtra,,,,,,not found,
2016-07-01,Amarawati-Fruit And Vegetables,apple,2016,July,488,5455,10727,8091,Amaravathi,Maharashtra,,,,,,not found,
2016-06-01,Amarawati-Fruit And Vegetables,apple,2016,June,210,7091,13364,10136,Amaravathi,Maharashtra,,,,,,not found,
2016-03-01,Amarawati-Fruit And Vegetables,apple,2016,March,47,4167,7333,5667,Amaravathi,Maharashtra,,,,,,not found,
2016-05-01,Amarawati-Fruit And Vegetables,apple,2016,May,221,6574,11983,9422,Amaravathi,Maharashtra,,,,,,not found,
2016-10-01,Amarawati-Fruit And Vegetables,apple,2016,October,1337,3167,6833,5233,Amaravathi,Maharashtra,,,,,,not found,
2016-09-01,Amarawati-Fruit And Vegetables,apple,2016,September,1889,3368,7368,5487,Amaravathi,Maharashtra,,,,,,not found,
2016-11-01,Amarawati-Fruit And Vegetables,apple,2016,November,3503,4178,7635,5988,Amaravathi,Maharashtra,,,,,,not found,
