date,APMC,Commodity,Year,Month,arrivals_in_qtl,min_price,max_price,modal_price,district_name,state_name,commodity,year,Type,msprice,msp_filter,seasonality,deseasonal,Peak seasonal price fluctuation %,Raw vs MSP diff,Desasonal vs MSP diff
2015-04-01,Sakri,bajri,2015,April,1,1251,1251,1251,Dhule,Maharashtra,bajri,2015,Kharif Crops,1275.0,1,additive,,24.469483568075116,-24.0,
2016-04-01,Sakri,bajri,2016,April,30,1638,1677,1650,Dhule,Maharashtra,bajri,2016,Kharif Crops,1330.0,1,additive,1507.75,24.469483568075116,320.0,177.75
2016-08-01,Sakri,bajri,2016,August,9,1380,1597,1480,Dhule,Maharashtra,bajri,2016,Kharif Crops,1330.0,1,additive,1463.75,24.469483568075116,150.0,133.75
2014-12-01,Sakri,bajri,2014,December,24,1207,1284,1245,Dhule,Maharashtra,bajri,2014,Kharif Crops,1250.0,1,additive,1345.75,24.469483568075116,-5.0,95.75
2015-12-01,Sakri,bajri,2015,December,318,1376,1469,1413,Dhule,Maharashtra,bajri,2015,Kharif Crops,1275.0,1,additive,1355.0,24.469483568075116,138.0,80.0
2016-02-01,Sakri,bajri,2016,February,137,1344,1381,1349,Dhule,Maharashtra,bajri,2016,Kharif Crops,1330.0,1,additive,1383.75,24.469483568075116,19.0,53.75
2016-01-01,Sakri,bajri,2016,January,111,1420,1467,1424,Dhule,Maharashtra,bajri,2016,Kharif Crops,1330.0,1,additive,1344.0,24.469483568075116,94.0,14.0
2015-07-01,Sakri,bajri,2015,July,49,1159,1194,1179,Dhule,Maharashtra,bajri,2015,Kharif Crops,1275.0,1,additive,1333.0,24.469483568075116,-96.0,58.0
2016-07-01,Sakri,bajri,2016,July,11,1367,1700,1550,Dhule,Maharashtra,bajri,2016,Kharif Crops,1330.0,1,additive,1342.75,24.469483568075116,220.0,12.75
2015-06-01,Sakri,bajri,2015,June,158,1048,1130,1092,Dhule,Maharashtra,bajri,2015,Kharif Crops,1275.0,1,additive,1301.25,24.469483568075116,-183.0,26.25
2016-06-01,Sakri,bajri,2016,June,38,1453,1619,1471,Dhule,Maharashtra,bajri,2016,Kharif Crops,1330.0,1,additive,1346.25,24.469483568075116,141.0,16.25
2016-03-01,Sakri,bajri,2016,March,3,1351,1351,1351,Dhule,Maharashtra,bajri,2016,Kharif Crops,1330.0,1,additive,1457.5,24.469483568075116,21.0,127.5
2016-05-01,Sakri,bajri,2016,May,49,1613,1732,1657,Dhule,Maharashtra,bajri,2016,Kharif Crops,1330.0,1,additive,1492.25,24.469483568075116,327.0,162.25
2015-11-01,Sakri,bajri,2015,November,274,1301,1374,1304,Dhule,Maharashtra,bajri,2015,Kharif Crops,1275.0,1,additive,1355.0,24.469483568075116,29.0,80.0
2014-10-01,Sakri,bajri,2014,October,13,1132,1173,1155,Dhule,Maharashtra,bajri,2014,Kharif Crops,1250.0,1,additive,1202.75,24.469483568075116,-95.0,-47.25
2015-10-01,Sakri,bajri,2015,October,191,1177,1243,1197,Dhule,Maharashtra,bajri,2015,Kharif Crops,1275.0,1,additive,1178.0,24.469483568075116,-78.0,-97.0
2016-10-01,Sakri,bajri,2016,October,301,1077,1254,1163,Dhule,Maharashtra,bajri,2016,Kharif Crops,1330.0,1,additive,1140.5,24.469483568075116,-167.0,-189.5
2014-09-01,Sakri,bajri,2014,September,3022,1036,1045,1039,Dhule,Maharashtra,bajri,2014,Kharif Crops,1250.0,1,additive,1156.0,24.469483568075116,-211.0,-94.0
2016-09-01,Sakri,bajri,2016,September,24,1304,1533,1383,Dhule,Maharashtra,bajri,2016,Kharif Crops,1330.0,1,additive,1269.25,24.469483568075116,53.0,-60.75
2016-11-01,Sakri,bajri,2016,November,735,1185,1406,1272,Dhule,Maharashtra,bajri,2016,Kharif Crops,1330.0,1,additive,,24.469483568075116,-58.0,
