date,APMC,Commodity,Year,Month,arrivals_in_qtl,min_price,max_price,modal_price,district_name,state_name,commodity,year,Type,msprice,msp_filter,seasonality,deseasonal,Peak seasonal price fluctuation %
2016-08-01,Ahmedpur,black gram,2016,August,5,5550,5675,5613,Latur,Maharashtra,,,,,,additive,,51.99653997945613
2015-12-01,Ahmedpur,black gram,2015,December,11,8166,8166,8166,Latur,Maharashtra,,,,,,additive,6952.5,51.99653997945613
2016-01-01,Ahmedpur,black gram,2016,January,9,5840,5865,5865,Latur,Maharashtra,,,,,,additive,6374.0,51.99653997945613
2015-07-01,Ahmedpur,black gram,2015,July,2,5600,5600,5600,Latur,Maharashtra,,,,,,additive,5941.25,51.99653997945613
2015-06-01,Ahmedpur,black gram,2015,June,4,6700,6700,6700,Latur,Maharashtra,,,,,,additive,6462.5,51.99653997945613
2016-03-01,Ahmedpur,black gram,2016,March,3,6850,6850,6850,Latur,Maharashtra,,,,,,additive,6400.75,51.99653997945613
2014-11-01,Ahmedpur,black gram,2014,November,76,5036,5376,5203,Latur,Maharashtra,,,,,,additive,6440.75,51.99653997945613
2015-11-01,Ahmedpur,black gram,2015,November,16,7863,8507,8507,Latur,Maharashtra,,,,,,additive,6639.0,51.99653997945613
2014-10-01,Ahmedpur,black gram,2014,October,53,4171,4505,4339,Latur,Maharashtra,,,,,,additive,6806.5,51.99653997945613
2015-10-01,Ahmedpur,black gram,2015,October,37,9328,10041,10041,Latur,Maharashtra,,,,,,additive,7528.75,51.99653997945613
2016-10-01,Ahmedpur,black gram,2016,October,222,4585,6901,5694,Latur,Maharashtra,,,,,,additive,7454.25,51.99653997945613
2015-09-01,Ahmedpur,black gram,2015,September,20,8042,8388,8388,Latur,Maharashtra,,,,,,additive,7233.75,51.99653997945613
2016-09-01,Ahmedpur,black gram,2016,September,175,6216,6714,6465,Latur,Maharashtra,,,,,,additive,6593.0,51.99653997945613
2016-11-01,Ahmedpur,black gram,2016,November,86,4415,5800,5054,Latur,Maharashtra,,,,,,additive,,51.99653997945613
