date,APMC,Commodity,Year,Month,arrivals_in_qtl,min_price,max_price,modal_price,district_name,state_name,commodity,year,Type,msprice,msp_filter,seasonality,deseasonal,Raw vs MSP diff,Desasonal vs MSP diff
2015-04-01,Parli-Vaijnath,bajri,2015,April,7,1400,1400,1400,Beed,Maharashtra,bajri,2015,Kharif Crops,1275.0,1,not found,,125.0,
2016-04-01,Parli-Vaijnath,bajri,2016,April,72,1525,1605,1547,Beed,Maharashtra,bajri,2016,Kharif Crops,1330.0,1,not found,,217.0,
2015-08-01,Parli-Vaijnath,bajri,2015,August,3,1400,1400,1400,Beed,Maharashtra,bajri,2015,Kharif Crops,1275.0,1,not found,,125.0,
2016-08-01,Parli-Vaijnath,bajri,2016,August,26,1496,1515,1504,Beed,Maharashtra,bajri,2016,Kharif Crops,1330.0,1,not found,,174.0,
2014-12-01,Parli-Vaijnath,bajri,2014,December,34,1696,1746,1704,Beed,Maharashtra,bajri,2014,Kharif Crops,1250.0,1,not found,,454.0,
2015-12-01,Parli-Vaijnath,bajri,2015,December,101,1398,1493,1456,Beed,Maharashtra,bajri,2015,Kharif Crops,1275.0,1,not found,,181.0,
2015-02-01,Parli-Vaijnath,bajri,2015,February,11,1536,1536,1536,Beed,Maharashtra,bajri,2015,Kharif Crops,1275.0,1,not found,,261.0,
2016-02-01,Parli-Vaijnath,bajri,2016,February,127,1404,1490,1460,Beed,Maharashtra,bajri,2016,Kharif Crops,1330.0,1,not found,,130.0,
2015-01-01,Parli-Vaijnath,bajri,2015,January,48,1466,1518,1503,Beed,Maharashtra,bajri,2015,Kharif Crops,1275.0,1,not found,,228.0,
2016-01-01,Parli-Vaijnath,bajri,2016,January,184,1376,1483,1423,Beed,Maharashtra,bajri,2016,Kharif Crops,1330.0,1,not found,,93.0,
2015-07-01,Parli-Vaijnath,bajri,2015,July,25,1221,1296,1296,Beed,Maharashtra,bajri,2015,Kharif Crops,1275.0,1,not found,,21.0,
2016-07-01,Parli-Vaijnath,bajri,2016,July,8,1691,1691,1691,Beed,Maharashtra,bajri,2016,Kharif Crops,1330.0,1,not found,,361.0,
2015-06-01,Parli-Vaijnath,bajri,2015,June,20,1225,1288,1288,Beed,Maharashtra,bajri,2015,Kharif Crops,1275.0,1,not found,,13.0,
2016-06-01,Parli-Vaijnath,bajri,2016,June,32,1564,1580,1571,Beed,Maharashtra,bajri,2016,Kharif Crops,1330.0,1,not found,,241.0,
2015-03-01,Parli-Vaijnath,bajri,2015,March,7,1381,1381,1381,Beed,Maharashtra,bajri,2015,Kharif Crops,1275.0,1,not found,,106.0,
2016-03-01,Parli-Vaijnath,bajri,2016,March,125,1359,1469,1436,Beed,Maharashtra,bajri,2016,Kharif Crops,1330.0,1,not found,,106.0,
2015-05-01,Parli-Vaijnath,bajri,2015,May,11,1275,1301,1301,Beed,Maharashtra,bajri,2015,Kharif Crops,1275.0,1,not found,,26.0,
2016-05-01,Parli-Vaijnath,bajri,2016,May,79,1549,1610,1588,Beed,Maharashtra,bajri,2016,Kharif Crops,1330.0,1,not found,,258.0,
2014-11-01,Parli-Vaijnath,bajri,2014,November,81,1557,1612,1562,Beed,Maharashtra,bajri,2014,Kharif Crops,1250.0,1,not found,,312.0,
2015-11-01,Parli-Vaijnath,bajri,2015,November,168,1514,1724,1617,Beed,Maharashtra,bajri,2015,Kharif Crops,1275.0,1,not found,,342.0,
2014-10-01,Parli-Vaijnath,bajri,2014,October,110,1641,1698,1661,Beed,Maharashtra,bajri,2014,Kharif Crops,1250.0,1,not found,,411.0,
2015-10-01,Parli-Vaijnath,bajri,2015,October,62,1399,1449,1438,Beed,Maharashtra,bajri,2015,Kharif Crops,1275.0,1,not found,,163.0,
2016-10-01,Parli-Vaijnath,bajri,2016,October,233,1182,1239,1204,Beed,Maharashtra,bajri,2016,Kharif Crops,1330.0,1,not found,,-126.0,
2014-09-01,Parli-Vaijnath,bajri,2014,September,30,1391,1453,1453,Beed,Maharashtra,bajri,2014,Kharif Crops,1250.0,1,not found,,203.0,
2015-09-01,Parli-Vaijnath,bajri,2015,September,43,1245,1357,1326,Beed,Maharashtra,bajri,2015,Kharif Crops,1275.0,1,not found,,51.0,
2016-09-01,Parli-Vaijnath,bajri,2016,September,9,1424,1450,1434,Beed,Maharashtra,bajri,2016,Kharif Crops,1330.0,1,not found,,104.0,
2016-11-01,Parli-Vaijnath,bajri,2016,November,422,1107,1138,1113,Beed,Maharashtra,bajri,2016,Kharif Crops,1330.0,1,not found,,-217.0,
