date,APMC,Commodity,Year,Month,arrivals_in_qtl,min_price,max_price,modal_price,district_name,state_name,commodity,year,Type,msprice,msp_filter,seasonality,deseasonal,Peak seasonal price fluctuation %
2016-04-01,Anajngaon Surji,black gram,2016,April,3,7000,7500,7250,Amaravathi,Maharashtra,,,,,,additive,,51.01522510374802
2014-12-01,Anajngaon Surji,black gram,2014,December,294,4842,5192,5017,Amaravathi,Maharashtra,,,,,,additive,6208.5,51.01522510374802
2015-12-01,Anajngaon Surji,black gram,2015,December,24,7125,7740,7550,Amaravathi,Maharashtra,,,,,,additive,6412.5,51.01522510374802
2015-01-01,Anajngaon Surji,black gram,2015,January,126,5400,5683,5533,Amaravathi,Maharashtra,,,,,,additive,5907.25,51.01522510374802
2014-11-01,Anajngaon Surji,black gram,2014,November,360,4892,5133,5013,Amaravathi,Maharashtra,,,,,,additive,5760.5,51.01522510374802
2015-11-01,Anajngaon Surji,black gram,2015,November,83,7078,7933,7483,Amaravathi,Maharashtra,,,,,,additive,6132.25,51.01522510374802
2014-10-01,Anajngaon Surji,black gram,2014,October,621,4455,4675,4550,Amaravathi,Maharashtra,,,,,,additive,6549.0,51.01522510374802
2015-10-01,Anajngaon Surji,black gram,2015,October,340,9050,10158,9613,Amaravathi,Maharashtra,,,,,,additive,7188.5,51.01522510374802
2016-10-01,Anajngaon Surji,black gram,2016,October,3945,3111,6756,4978,Amaravathi,Maharashtra,,,,,,additive,6929.75,51.01522510374802
2015-09-01,Anajngaon Surji,black gram,2015,September,247,7780,8580,8150,Amaravathi,Maharashtra,,,,,,additive,6925.75,51.01522510374802
2016-09-01,Anajngaon Surji,black gram,2016,September,1410,5988,6906,6425,Amaravathi,Maharashtra,,,,,,additive,6456.25,51.01522510374802
2016-11-01,Anajngaon Surji,black gram,2016,November,2289,2950,6595,4825,Amaravathi,Maharashtra,,,,,,additive,,51.01522510374802
