date,APMC,Commodity,Year,Month,arrivals_in_qtl,min_price,max_price,modal_price,district_name,state_name,commodity,year,Type,msprice,msp_filter,seasonality,deseasonal,Raw vs MSP diff,Desasonal vs MSP diff
2016-04-01,Khamgaon,bajri,2016,April,4,1550,1550,1550,Buldhana,Maharashtra,bajri,2016,Kharif Crops,1330.0,1,not found,,220.0,
2015-08-01,Khamgaon,bajri,2015,August,275,1096,1168,1154,Buldhana,Maharashtra,bajri,2015,Kharif Crops,1275.0,1,not found,,-121.0,
2016-08-01,Khamgaon,bajri,2016,August,4,1533,1533,1533,Buldhana,Maharashtra,bajri,2016,Kharif Crops,1330.0,1,not found,,203.0,
2014-12-01,Khamgaon,bajri,2014,December,902,1017,1136,1075,Buldhana,Maharashtra,bajri,2014,Kharif Crops,1250.0,1,not found,,-175.0,
2015-12-01,Khamgaon,bajri,2015,December,1125,1355,1466,1423,Buldhana,Maharashtra,bajri,2015,Kharif Crops,1275.0,1,not found,,148.0,
2015-02-01,Khamgaon,bajri,2015,February,310,1112,1183,1137,Buldhana,Maharashtra,bajri,2015,Kharif Crops,1275.0,1,not found,,-138.0,
2016-02-01,Khamgaon,bajri,2016,February,17,1321,1321,1321,Buldhana,Maharashtra,bajri,2016,Kharif Crops,1330.0,1,not found,,-9.0,
2015-01-01,Khamgaon,bajri,2015,January,606,1073,1218,1145,Buldhana,Maharashtra,bajri,2015,Kharif Crops,1275.0,1,not found,,-130.0,
2016-01-01,Khamgaon,bajri,2016,January,119,1266,1333,1314,Buldhana,Maharashtra,bajri,2016,Kharif Crops,1330.0,1,not found,,-16.0,
2015-07-01,Khamgaon,bajri,2015,July,41,1105,1113,1109,Buldhana,Maharashtra,bajri,2015,Kharif Crops,1275.0,1,not found,,-166.0,
2016-07-01,Khamgaon,bajri,2016,July,16,1575,1575,1575,Buldhana,Maharashtra,bajri,2016,Kharif Crops,1330.0,1,not found,,245.0,
2015-06-01,Khamgaon,bajri,2015,June,335,1019,1053,1036,Buldhana,Maharashtra,bajri,2015,Kharif Crops,1275.0,1,not found,,-239.0,
2016-06-01,Khamgaon,bajri,2016,June,79,1592,1625,1607,Buldhana,Maharashtra,bajri,2016,Kharif Crops,1330.0,1,not found,,277.0,
2015-03-01,Khamgaon,bajri,2015,March,135,1035,1078,1056,Buldhana,Maharashtra,bajri,2015,Kharif Crops,1275.0,1,not found,,-219.0,
2016-03-01,Khamgaon,bajri,2016,March,33,1383,1392,1388,Buldhana,Maharashtra,bajri,2016,Kharif Crops,1330.0,1,not found,,58.0,
2016-05-01,Khamgaon,bajri,2016,May,129,1619,1665,1647,Buldhana,Maharashtra,bajri,2016,Kharif Crops,1330.0,1,not found,,317.0,
2014-11-01,Khamgaon,bajri,2014,November,2969,1093,1274,1183,Buldhana,Maharashtra,bajri,2014,Kharif Crops,1250.0,1,not found,,-67.0,
2015-11-01,Khamgaon,bajri,2015,November,1593,1299,1531,1447,Buldhana,Maharashtra,bajri,2015,Kharif Crops,1275.0,1,not found,,172.0,
2014-10-01,Khamgaon,bajri,2014,October,1653,1266,1394,1330,Buldhana,Maharashtra,bajri,2014,Kharif Crops,1250.0,1,not found,,80.0,
2015-10-01,Khamgaon,bajri,2015,October,150,1135,1204,1173,Buldhana,Maharashtra,bajri,2015,Kharif Crops,1275.0,1,not found,,-102.0,
2016-10-01,Khamgaon,bajri,2016,October,86,1123,1237,1195,Buldhana,Maharashtra,bajri,2016,Kharif Crops,1330.0,1,not found,,-135.0,
2014-09-01,Khamgaon,bajri,2014,September,6,1200,1200,1200,Buldhana,Maharashtra,bajri,2014,Kharif Crops,1250.0,1,not found,,-50.0,
2015-09-01,Khamgaon,bajri,2015,September,78,1254,1273,1266,Buldhana,Maharashtra,bajri,2015,Kharif Crops,1275.0,1,not found,,-9.0,
2016-09-01,Khamgaon,bajri,2016,September,26,1420,1535,1488,Buldhana,Maharashtra,bajri,2016,Kharif Crops,1330.0,1,not found,,158.0,
2016-11-01,Khamgaon,bajri,2016,November,41,1416,1504,1466,Buldhana,Maharashtra,bajri,2016,Kharif Crops,1330.0,1,not found,,136.0,
