date,APMC,Commodity,Year,Month,arrivals_in_qtl,min_price,max_price,modal_price,district_name,state_name,commodity,year,Type,msprice,msp_filter,seasonality,deseasonal
2015-04-01,Nagpur,apple,2015,April,2217,5385,8738,7062,Nagpur,Maharashtra,,,,,,not found,
2016-04-01,Nagpur,apple,2016,April,1871,4570,13391,11186,Nagpur,Maharashtra,,,,,,not found,
2015-08-01,Nagpur,apple,2015,August,12715,3640,10396,8707,Nagpur,Maharashtra,,,,,,not found,
2016-08-01,Nagpur,apple,2016,August,11235,7597,10466,9787,Nagpur,Maharashtra,,,,,,not found,
2014-12-01,Nagpur,apple,2014,December,9606,2937,6307,4622,Nagpur,Maharashtra,,,,,,not found,
2015-12-01,Nagpur,apple,2015,December,9292,2681,4673,4175,Nagpur,Maharashtra,,,,,,not found,
2015-02-01,Nagpur,apple,2015,February,7122,3354,5508,4452,Nagpur,Maharashtra,,,,,,not found,
2016-02-01,Nagpur,apple,2016,February,4788,3462,5969,5286,Nagpur,Maharashtra,,,,,,not found,
2015-01-01,Nagpur,apple,2015,January,6598,3064,4632,3848,Nagpur,Maharashtra,,,,,,not found,
2016-01-01,Nagpur,apple,2016,January,7268,3947,6697,6020,Nagpur,Maharashtra,,,,,,not found,
2015-07-01,Nagpur,apple,2015,July,6071,4315,12674,10654,Nagpur,Maharashtra,,,,,,not found,
2016-07-01,Nagpur,apple,2016,July,4170,7212,10696,9905,Nagpur,Maharashtra,,,,,,not found,
2015-06-01,Nagpur,apple,2015,June,1447,7538,12831,10606,Nagpur,Maharashtra,,,,,,not found,
2016-06-01,Nagpur,apple,2016,June,1495,8708,13833,12552,Nagpur,Maharashtra,,,,,,not found,
2015-03-01,Nagpur,apple,2015,March,4349,4380,7500,5940,Nagpur,Maharashtra,,,,,,not found,
2016-03-01,Nagpur,apple,2016,March,3189,3996,11704,9741,Nagpur,Maharashtra,,,,,,not found,
2015-05-01,Nagpur,apple,2015,May,1410,6560,10628,8574,Nagpur,Maharashtra,,,,,,not found,
2016-05-01,Nagpur,apple,2016,May,1520,5531,13212,11291,Nagpur,Maharashtra,,,,,,not found,
2014-11-01,Nagpur,apple,2014,November,7874,3921,6229,5075,Nagpur,Maharashtra,,,,,,not found,
2015-11-01,Nagpur,apple,2015,November,9607,3139,5422,4867,Nagpur,Maharashtra,,,,,,not found,
2014-10-01,Nagpur,apple,2014,October,11263,4000,6500,5250,Nagpur,Maharashtra,,,,,,not found,
2015-10-01,Nagpur,apple,2015,October,13976,3896,6675,5980,Nagpur,Maharashtra,,,,,,not found,
2016-10-01,Nagpur,apple,2016,October,11761,6864,9031,8483,Nagpur,Maharashtra,,,,,,not found,
2014-09-01,Nagpur,apple,2014,September,14533,4019,7096,5558,Nagpur,Maharashtra,,,,,,not found,
2015-09-01,Nagpur,apple,2015,September,13874,4000,6758,6068,Nagpur,Maharashtra,,,,,,not found,
2016-09-01,Nagpur,apple,2016,September,9162,9005,10985,10465,Nagpur,Maharashtra,,,,,,not found,
2016-11-01,Nagpur,apple,2016,November,4352,7686,9394,8932,Nagpur,Maharashtra,,,,,,not found,
