date,APMC,Commodity,Year,Month,arrivals_in_qtl,min_price,max_price,modal_price,district_name,state_name,commodity,year,Type,msprice,msp_filter,seasonality,deseasonal
2015-08-01,Kalyan,apple,2015,August,15,7700,12800,9900,Thane,Maharashtra,,,,,,not found,
2016-08-01,Kalyan,apple,2016,August,12,1300,1875,1625,Thane,Maharashtra,,,,,,not found,
2016-02-01,Kalyan,apple,2016,February,18,7667,10000,8833,Thane,Maharashtra,,,,,,not found,
2016-01-01,Kalyan,apple,2016,January,18,7333,9250,8417,Thane,Maharashtra,,,,,,not found,
2015-07-01,Kalyan,apple,2015,July,6,7500,12000,9000,Thane,Maharashtra,,,,,,not found,
2016-07-01,Kalyan,apple,2016,July,6,9500,12500,11000,Thane,Maharashtra,,,,,,not found,
2015-06-01,Kalyan,apple,2015,June,3,15000,20000,18000,Thane,Maharashtra,,,,,,not found,
2016-06-01,Kalyan,apple,2016,June,6,7250,10500,9250,Thane,Maharashtra,,,,,,not found,
2015-11-01,Kalyan,apple,2015,November,6,3950,5000,4650,Thane,Maharashtra,,,,,,not found,
2015-10-01,Kalyan,apple,2015,October,18,7333,13500,9917,Thane,Maharashtra,,,,,,not found,
2016-10-01,Kalyan,apple,2016,October,3,1000,1200,1100,Thane,Maharashtra,,,,,,not found,
2015-09-01,Kalyan,apple,2015,September,3,4000,7000,6000,Thane,Maharashtra,,,,,,not found,
2016-09-01,Kalyan,apple,2016,September,21,3429,5086,4279,Thane,Maharashtra,,,,,,not found,
2016-11-01,Kalyan,apple,2016,November,33,3155,4382,3768,Thane,Maharashtra,,,,,,not found,
