date,APMC,Commodity,Year,Month,arrivals_in_qtl,min_price,max_price,modal_price,district_name,state_name,commodity,year,Type,msprice,msp_filter,seasonality,deseasonal,Peak seasonal price fluctuation %
2016-08-01,Junnar-Otur,bottle gourd,2016,August,603,333,783,650,Pune,Maharashtra,,,,,,additive,,122.86605749944283
2015-07-01,Junnar-Otur,bottle gourd,2015,July,34,1000,4000,2500,Pune,Maharashtra,,,,,,additive,1834.5,122.86605749944283
2016-07-01,Junnar-Otur,bottle gourd,2016,July,477,975,1813,1688,Pune,Maharashtra,,,,,,additive,1807.25,122.86605749944283
2016-06-01,Junnar-Otur,bottle gourd,2016,June,777,523,1475,1353,Pune,Maharashtra,,,,,,additive,1176.75,122.86605749944283
2016-05-01,Junnar-Otur,bottle gourd,2016,May,88,168,352,313,Pune,Maharashtra,,,,,,additive,744.75,122.86605749944283
2016-10-01,Junnar-Otur,bottle gourd,2016,October,11,600,1200,1000,Pune,Maharashtra,,,,,,additive,828.25,122.86605749944283
2016-09-01,Junnar-Otur,bottle gourd,2016,September,430,700,1200,1000,Pune,Maharashtra,,,,,,additive,867.5,122.86605749944283
2016-11-01,Junnar-Otur,bottle gourd,2016,November,80,270,560,470,Pune,Maharashtra,,,,,,additive,,122.86605749944283
