date,APMC,Commodity,Year,Month,arrivals_in_qtl,min_price,max_price,modal_price,district_name,state_name,commodity,year,Type,msprice,msp_filter,seasonality,deseasonal,Peak seasonal price fluctuation %
2014-12-01,Karad,bor,2014,December,414,875,1333,1088,Satara,Maharashtra,,,,,,additive,,83.37808631868491
2015-12-01,Karad,bor,2015,December,1542,1048,1396,1387,Satara,Maharashtra,,,,,,additive,1190.5,83.37808631868491
2015-02-01,Karad,bor,2015,February,147,590,1210,900,Satara,Maharashtra,,,,,,additive,1107.5,83.37808631868491
2016-02-01,Karad,bor,2016,February,69,800,1243,1243,Satara,Maharashtra,,,,,,additive,1162.75,83.37808631868491
2015-01-01,Karad,bor,2015,January,252,877,1654,1265,Satara,Maharashtra,,,,,,additive,1280.25,83.37808631868491
2016-01-01,Karad,bor,2016,January,741,926,1348,1348,Satara,Maharashtra,,,,,,additive,1281.0,83.37808631868491
2015-03-01,Karad,bor,2015,March,30,800,1475,1163,Satara,Maharashtra,,,,,,additive,1356.0,83.37808631868491
2014-11-01,Karad,bor,2014,November,27,1500,2000,1750,Satara,Maharashtra,,,,,,additive,1747.0,83.37808631868491
2015-11-01,Karad,bor,2015,November,135,1625,2325,2325,Satara,Maharashtra,,,,,,additive,2300.0,83.37808631868491
2016-11-01,Karad,bor,2016,November,102,2182,2800,2800,Satara,Maharashtra,,,,,,additive,,83.37808631868491
