date,APMC,Commodity,Year,Month,arrivals_in_qtl,min_price,max_price,modal_price,district_name,state_name,commodity,year,Type,msprice,msp_filter,seasonality,deseasonal
2015-04-01,Mumbai,arvi,2015,April,1550,2547,2867,2707,Mumbai,Maharashtra,,,,,,not found,
2016-04-01,Mumbai,arvi,2016,April,1430,1600,1855,1736,Mumbai,Maharashtra,,,,,,not found,
2015-08-01,Mumbai,arvi,2015,August,4400,1074,1432,1311,Mumbai,Maharashtra,,,,,,not found,
2016-08-01,Mumbai,arvi,2016,August,1540,1678,2000,1822,Mumbai,Maharashtra,,,,,,not found,
2014-12-01,Mumbai,arvi,2014,December,1600,2480,2800,2640,Mumbai,Maharashtra,,,,,,not found,
2015-12-01,Mumbai,arvi,2015,December,2200,929,1294,1135,Mumbai,Maharashtra,,,,,,not found,
2015-02-01,Mumbai,arvi,2015,February,1180,2627,2987,2807,Mumbai,Maharashtra,,,,,,not found,
2016-02-01,Mumbai,arvi,2016,February,580,960,1280,1140,Mumbai,Maharashtra,,,,,,not found,
2015-01-01,Mumbai,arvi,2015,January,480,2675,2925,2800,Mumbai,Maharashtra,,,,,,not found,
2016-01-01,Mumbai,arvi,2016,January,1630,908,1269,1108,Mumbai,Maharashtra,,,,,,not found,
2015-07-01,Mumbai,arvi,2015,July,7540,1411,1715,1570,Mumbai,Maharashtra,,,,,,not found,
2016-07-01,Mumbai,arvi,2016,July,1950,1556,2067,1833,Mumbai,Maharashtra,,,,,,not found,
2015-06-01,Mumbai,arvi,2015,June,7450,1931,2223,2077,Mumbai,Maharashtra,,,,,,not found,
2016-06-01,Mumbai,arvi,2016,June,4790,1565,2000,1794,Mumbai,Maharashtra,,,,,,not found,
2015-03-01,Mumbai,arvi,2015,March,1590,2726,3042,2884,Mumbai,Maharashtra,,,,,,not found,
2016-03-01,Mumbai,arvi,2016,March,1370,1100,1583,1400,Mumbai,Maharashtra,,,,,,not found,
2015-05-01,Mumbai,arvi,2015,May,3570,2300,2618,2459,Mumbai,Maharashtra,,,,,,not found,
2016-05-01,Mumbai,arvi,2016,May,1000,1360,1800,1620,Mumbai,Maharashtra,,,,,,not found,
2014-11-01,Mumbai,arvi,2014,November,3533,2743,3000,2871,Mumbai,Maharashtra,,,,,,not found,
2015-11-01,Mumbai,arvi,2015,November,3410,875,1092,985,Mumbai,Maharashtra,,,,,,not found,
2014-10-01,Mumbai,arvi,2014,October,2670,2650,2940,2795,Mumbai,Maharashtra,,,,,,not found,
2015-10-01,Mumbai,arvi,2015,October,6560,1012,1269,1165,Mumbai,Maharashtra,,,,,,not found,
2016-10-01,Mumbai,arvi,2016,October,2410,1200,1500,1363,Mumbai,Maharashtra,,,,,,not found,
2014-09-01,Mumbai,arvi,2014,September,3200,2591,2991,2791,Mumbai,Maharashtra,,,,,,not found,
2015-09-01,Mumbai,arvi,2015,September,6580,870,1213,1096,Mumbai,Maharashtra,,,,,,not found,
2016-09-01,Mumbai,arvi,2016,September,2830,1273,1673,1464,Mumbai,Maharashtra,,,,,,not found,
2016-11-01,Mumbai,arvi,2016,November,1080,1150,1350,1250,Mumbai,Maharashtra,,,,,,not found,
