date,APMC,Commodity,Year,Month,arrivals_in_qtl,min_price,max_price,modal_price,district_name,state_name,commodity,year,Type,msprice,msp_filter,seasonality,deseasonal
2015-04-01,Kamthi,bottle gourd,2015,April,60,630,1022,826,Nagpur,Maharashtra,,,,,,not found,
2016-04-01,Kamthi,bottle gourd,2016,April,76,300,707,561,Nagpur,Maharashtra,,,,,,not found,
2015-08-01,Kamthi,bottle gourd,2015,August,133,641,1130,985,Nagpur,Maharashtra,,,,,,not found,
2016-08-01,Kamthi,bottle gourd,2016,August,81,483,924,767,Nagpur,Maharashtra,,,,,,not found,
2014-12-01,Kamthi,bottle gourd,2014,December,33,791,1565,1178,Nagpur,Maharashtra,,,,,,not found,
2015-12-01,Kamthi,bottle gourd,2015,December,88,448,863,756,Nagpur,Maharashtra,,,,,,not found,
2015-02-01,Kamthi,bottle gourd,2015,February,40,712,1176,944,Nagpur,Maharashtra,,,,,,not found,
2016-02-01,Kamthi,bottle gourd,2016,February,72,262,627,508,Nagpur,Maharashtra,,,,,,not found,
2015-01-01,Kamthi,bottle gourd,2015,January,20,729,1329,1041,Nagpur,Maharashtra,,,,,,not found,
2016-01-01,Kamthi,bottle gourd,2016,January,68,404,815,712,Nagpur,Maharashtra,,,,,,not found,
2015-07-01,Kamthi,bottle gourd,2015,July,135,454,854,754,Nagpur,Maharashtra,,,,,,not found,
2016-07-01,Kamthi,bottle gourd,2016,July,110,600,1338,1058,Nagpur,Maharashtra,,,,,,not found,
2015-06-01,Kamthi,bottle gourd,2015,June,128,623,1062,873,Nagpur,Maharashtra,,,,,,not found,
2016-06-01,Kamthi,bottle gourd,2016,June,95,486,1082,865,Nagpur,Maharashtra,,,,,,not found,
2015-03-01,Kamthi,bottle gourd,2015,March,33,664,1176,920,Nagpur,Maharashtra,,,,,,not found,
2016-03-01,Kamthi,bottle gourd,2016,March,64,312,669,535,Nagpur,Maharashtra,,,,,,not found,
2015-05-01,Kamthi,bottle gourd,2015,May,70,427,819,623,Nagpur,Maharashtra,,,,,,not found,
2016-05-01,Kamthi,bottle gourd,2016,May,71,286,610,500,Nagpur,Maharashtra,,,,,,not found,
2014-11-01,Kamthi,bottle gourd,2014,November,28,900,1767,1333,Nagpur,Maharashtra,,,,,,not found,
2015-11-01,Kamthi,bottle gourd,2015,November,110,577,1037,907,Nagpur,Maharashtra,,,,,,not found,
2014-10-01,Kamthi,bottle gourd,2014,October,36,739,1287,1013,Nagpur,Maharashtra,,,,,,not found,
2015-10-01,Kamthi,bottle gourd,2015,October,99,878,1896,1491,Nagpur,Maharashtra,,,,,,not found,
2016-10-01,Kamthi,bottle gourd,2016,October,43,557,1005,867,Nagpur,Maharashtra,,,,,,not found,
2014-09-01,Kamthi,bottle gourd,2014,September,34,800,2064,1412,Nagpur,Maharashtra,,,,,,not found,
2015-09-01,Kamthi,bottle gourd,2015,September,119,725,1235,1080,Nagpur,Maharashtra,,,,,,not found,
2016-09-01,Kamthi,bottle gourd,2016,September,59,483,961,794,Nagpur,Maharashtra,,,,,,not found,
2016-11-01,Kamthi,bottle gourd,2016,November,59,484,904,779,Nagpur,Maharashtra,,,,,,not found,
