date,APMC,Commodity,Year,Month,arrivals_in_qtl,min_price,max_price,modal_price,district_name,state_name,commodity,year,Type,msprice,msp_filter,seasonality,deseasonal,Raw vs MSP diff,Desasonal vs MSP diff
2014-12-01,Kurdwadi,bajri,2014,December,9,1363,1363,1363,Solapur,Maharashtra,bajri,2014,Kharif Crops,1250.0,1,not found,,113.0,
2015-02-01,Kurdwadi,bajri,2015,February,3,1100,1100,1100,Solapur,Maharashtra,bajri,2015,Kharif Crops,1275.0,1,not found,,-175.0,
2015-01-01,Kurdwadi,bajri,2015,January,18,1451,1551,1501,Solapur,Maharashtra,bajri,2015,Kharif Crops,1275.0,1,not found,,226.0,
2015-06-01,Kurdwadi,bajri,2015,June,3,1350,1350,1350,Solapur,Maharashtra,bajri,2015,Kharif Crops,1275.0,1,not found,,75.0,
2015-03-01,Kurdwadi,bajri,2015,March,3,1251,1251,1251,Solapur,Maharashtra,bajri,2015,Kharif Crops,1275.0,1,not found,,-24.0,
2014-11-01,Kurdwadi,bajri,2014,November,9,1501,1501,1501,Solapur,Maharashtra,bajri,2014,Kharif Crops,1250.0,1,not found,,251.0,
2014-10-01,Kurdwadi,bajri,2014,October,7,1541,1541,1541,Solapur,Maharashtra,bajri,2014,Kharif Crops,1250.0,1,not found,,291.0,
2016-10-01,Kurdwadi,bajri,2016,October,44,1249,1294,1271,Solapur,Maharashtra,bajri,2016,Kharif Crops,1330.0,1,not found,,-59.0,
2014-09-01,Kurdwadi,bajri,2014,September,3,1500,1500,1500,Solapur,Maharashtra,bajri,2014,Kharif Crops,1250.0,1,not found,,250.0,
2016-09-01,Kurdwadi,bajri,2016,September,27,1390,1407,1399,Solapur,Maharashtra,bajri,2016,Kharif Crops,1330.0,1,not found,,69.0,
2016-11-01,Kurdwadi,bajri,2016,November,6,1421,1421,1421,Solapur,Maharashtra,bajri,2016,Kharif Crops,1330.0,1,not found,,91.0,
