date,APMC,Commodity,Year,Month,arrivals_in_qtl,min_price,max_price,modal_price,district_name,state_name,commodity,year,Type,msprice,msp_filter,seasonality,deseasonal
2015-08-01,Ramtek,bitter gourd,2015,August,123,1306,1741,1488,Nagpur,Maharashtra,,,,,,not found,
2016-08-01,Ramtek,bitter gourd,2016,August,80,1800,2282,2041,Nagpur,Maharashtra,,,,,,not found,
2015-12-01,Ramtek,bitter gourd,2015,December,10,2200,3000,2600,Nagpur,Maharashtra,,,,,,not found,
2016-01-01,Ramtek,bitter gourd,2016,January,16,1633,2333,1983,Nagpur,Maharashtra,,,,,,not found,
2015-07-01,Ramtek,bitter gourd,2015,July,21,2000,3000,2500,Nagpur,Maharashtra,,,,,,not found,
2016-07-01,Ramtek,bitter gourd,2016,July,17,2800,3667,3233,Nagpur,Maharashtra,,,,,,not found,
2016-06-01,Ramtek,bitter gourd,2016,June,12,1875,2750,2275,Nagpur,Maharashtra,,,,,,not found,
2015-11-01,Ramtek,bitter gourd,2015,November,14,3000,4000,3500,Nagpur,Maharashtra,,,,,,not found,
2015-10-01,Ramtek,bitter gourd,2015,October,28,1757,2243,1971,Nagpur,Maharashtra,,,,,,not found,
2016-10-01,Ramtek,bitter gourd,2016,October,33,1914,2114,2014,Nagpur,Maharashtra,,,,,,not found,
2015-09-01,Ramtek,bitter gourd,2015,September,80,1554,1923,1723,Nagpur,Maharashtra,,,,,,not found,
2016-09-01,Ramtek,bitter gourd,2016,September,42,1188,1513,1338,Nagpur,Maharashtra,,,,,,not found,
2016-11-01,Ramtek,bitter gourd,2016,November,54,1700,1950,1814,Nagpur,Maharashtra,,,,,,not found,
