date,APMC,Commodity,Year,Month,arrivals_in_qtl,min_price,max_price,modal_price,district_name,state_name,commodity,year,Type,msprice,msp_filter,seasonality,deseasonal
2015-04-01,Jalgaon,black gram,2015,April,114,6567,6667,6656,Jalgaon,Maharashtra,,,,,,not found,
2016-04-01,Jalgaon,black gram,2016,April,106,10730,11110,11110,Jalgaon,Maharashtra,,,,,,not found,
2015-08-01,Jalgaon,black gram,2015,August,1,7605,7605,7605,Jalgaon,Maharashtra,,,,,,not found,
2016-08-01,Jalgaon,black gram,2016,August,10,7133,7167,7133,Jalgaon,Maharashtra,,,,,,not found,
2014-12-01,Jalgaon,black gram,2014,December,2537,5122,5495,5394,Jalgaon,Maharashtra,,,,,,not found,
2015-12-01,Jalgaon,black gram,2015,December,313,10282,10906,10824,Jalgaon,Maharashtra,,,,,,not found,
2015-02-01,Jalgaon,black gram,2015,February,256,5485,5568,5540,Jalgaon,Maharashtra,,,,,,not found,
2016-02-01,Jalgaon,black gram,2016,February,206,9740,10100,10070,Jalgaon,Maharashtra,,,,,,not found,
2015-01-01,Jalgaon,black gram,2015,January,738,5724,5918,5834,Jalgaon,Maharashtra,,,,,,not found,
2016-01-01,Jalgaon,black gram,2016,January,386,9800,10497,10278,Jalgaon,Maharashtra,,,,,,not found,
2015-07-01,Jalgaon,black gram,2015,July,14,5200,5200,5200,Jalgaon,Maharashtra,,,,,,not found,
2016-07-01,Jalgaon,black gram,2016,July,17,11833,11833,11833,Jalgaon,Maharashtra,,,,,,not found,
2015-06-01,Jalgaon,black gram,2015,June,93,7476,7753,7665,Jalgaon,Maharashtra,,,,,,not found,
2016-06-01,Jalgaon,black gram,2016,June,143,12631,12792,12731,Jalgaon,Maharashtra,,,,,,not found,
2015-03-01,Jalgaon,black gram,2015,March,1322,5503,5554,5526,Jalgaon,Maharashtra,,,,,,not found,
2016-03-01,Jalgaon,black gram,2016,March,303,9456,10189,10139,Jalgaon,Maharashtra,,,,,,not found,
2015-05-01,Jalgaon,black gram,2015,May,16,7200,7556,7456,Jalgaon,Maharashtra,,,,,,not found,
2016-05-01,Jalgaon,black gram,2016,May,61,11771,11871,11871,Jalgaon,Maharashtra,,,,,,not found,
2014-11-01,Jalgaon,black gram,2014,November,5278,4611,5095,4987,Jalgaon,Maharashtra,,,,,,not found,
2015-11-01,Jalgaon,black gram,2015,November,530,10242,11036,10877,Jalgaon,Maharashtra,,,,,,not found,
2014-10-01,Jalgaon,black gram,2014,October,7096,4091,4727,4586,Jalgaon,Maharashtra,,,,,,not found,
2015-10-01,Jalgaon,black gram,2015,October,2131,9816,11709,11274,Jalgaon,Maharashtra,,,,,,not found,
2016-10-01,Jalgaon,black gram,2016,October,4767,4704,7111,6606,Jalgaon,Maharashtra,,,,,,not found,
2014-09-01,Jalgaon,black gram,2014,September,1766,4812,5020,4945,Jalgaon,Maharashtra,,,,,,not found,
2015-09-01,Jalgaon,black gram,2015,September,3018,8213,9130,8804,Jalgaon,Maharashtra,,,,,,not found,
2016-09-01,Jalgaon,black gram,2016,September,10400,6529,7125,6907,Jalgaon,Maharashtra,,,,,,not found,
2016-11-01,Jalgaon,black gram,2016,November,11124,4298,7558,7380,Jalgaon,Maharashtra,,,,,,not found,
