date,APMC,Commodity,Year,Month,arrivals_in_qtl,min_price,max_price,modal_price,district_name,state_name,commodity,year,Type,msprice,msp_filter,seasonality,deseasonal,Raw vs MSP diff,Desasonal vs MSP diff
2015-04-01,Barshi,bajri,2015,April,9,1250,1250,1250,Solapur,Maharashtra,bajri,2015,Kharif Crops,1275.0,1,not found,,-25.0,
2016-04-01,Barshi,bajri,2016,April,16,1760,1760,1760,Solapur,Maharashtra,bajri,2016,Kharif Crops,1330.0,1,not found,,430.0,
2015-08-01,Barshi,bajri,2015,August,4,1426,1576,1451,Solapur,Maharashtra,bajri,2015,Kharif Crops,1275.0,1,not found,,176.0,
2016-08-01,Barshi,bajri,2016,August,28,1725,1725,1725,Solapur,Maharashtra,bajri,2016,Kharif Crops,1330.0,1,not found,,395.0,
2014-12-01,Barshi,bajri,2014,December,191,1416,1540,1465,Solapur,Maharashtra,bajri,2014,Kharif Crops,1250.0,1,not found,,215.0,
2015-12-01,Barshi,bajri,2015,December,279,1655,1729,1679,Solapur,Maharashtra,bajri,2015,Kharif Crops,1275.0,1,not found,,404.0,
2015-02-01,Barshi,bajri,2015,February,52,1400,1414,1404,Solapur,Maharashtra,bajri,2015,Kharif Crops,1275.0,1,not found,,129.0,
2016-02-01,Barshi,bajri,2016,February,19,1578,1578,1578,Solapur,Maharashtra,bajri,2016,Kharif Crops,1330.0,1,not found,,248.0,
2015-01-01,Barshi,bajri,2015,January,215,1393,1589,1425,Solapur,Maharashtra,bajri,2015,Kharif Crops,1275.0,1,not found,,150.0,
2016-01-01,Barshi,bajri,2016,January,148,1581,1659,1630,Solapur,Maharashtra,bajri,2016,Kharif Crops,1330.0,1,not found,,300.0,
2015-07-01,Barshi,bajri,2015,July,20,1329,1363,1329,Solapur,Maharashtra,bajri,2015,Kharif Crops,1275.0,1,not found,,54.0,
2016-07-01,Barshi,bajri,2016,July,106,1764,1818,1797,Solapur,Maharashtra,bajri,2016,Kharif Crops,1330.0,1,not found,,467.0,
2015-06-01,Barshi,bajri,2015,June,119,1348,1348,1348,Solapur,Maharashtra,bajri,2015,Kharif Crops,1275.0,1,not found,,73.0,
2016-06-01,Barshi,bajri,2016,June,53,1798,1820,1820,Solapur,Maharashtra,bajri,2016,Kharif Crops,1330.0,1,not found,,490.0,
2015-03-01,Barshi,bajri,2015,March,3,1500,1525,1525,Solapur,Maharashtra,bajri,2015,Kharif Crops,1275.0,1,not found,,250.0,
2016-03-01,Barshi,bajri,2016,March,42,1560,1585,1570,Solapur,Maharashtra,bajri,2016,Kharif Crops,1330.0,1,not found,,240.0,
2015-05-01,Barshi,bajri,2015,May,6,1425,1425,1425,Solapur,Maharashtra,bajri,2015,Kharif Crops,1275.0,1,not found,,150.0,
2016-05-01,Barshi,bajri,2016,May,5,1900,1900,1900,Solapur,Maharashtra,bajri,2016,Kharif Crops,1330.0,1,not found,,570.0,
2014-11-01,Barshi,bajri,2014,November,296,1405,1492,1444,Solapur,Maharashtra,bajri,2014,Kharif Crops,1250.0,1,not found,,194.0,
2015-11-01,Barshi,bajri,2015,November,28,1573,1573,1573,Solapur,Maharashtra,bajri,2015,Kharif Crops,1275.0,1,not found,,298.0,
2014-10-01,Barshi,bajri,2014,October,7,1611,1750,1611,Solapur,Maharashtra,bajri,2014,Kharif Crops,1250.0,1,not found,,361.0,
2015-10-01,Barshi,bajri,2015,October,9,1488,1496,1488,Solapur,Maharashtra,bajri,2015,Kharif Crops,1275.0,1,not found,,213.0,
2016-10-01,Barshi,bajri,2016,October,812,1232,1388,1314,Solapur,Maharashtra,bajri,2016,Kharif Crops,1330.0,1,not found,,-16.0,
2014-09-01,Barshi,bajri,2014,September,7,1300,1600,1500,Solapur,Maharashtra,bajri,2014,Kharif Crops,1250.0,1,not found,,250.0,
2015-09-01,Barshi,bajri,2015,September,2,1551,1551,1551,Solapur,Maharashtra,bajri,2015,Kharif Crops,1275.0,1,not found,,276.0,
2016-09-01,Barshi,bajri,2016,September,381,1451,1567,1507,Solapur,Maharashtra,bajri,2016,Kharif Crops,1330.0,1,not found,,177.0,
2016-11-01,Barshi,bajri,2016,November,144,1181,1289,1237,Solapur,Maharashtra,bajri,2016,Kharif Crops,1330.0,1,not found,,-93.0,
