date,APMC,Commodity,Year,Month,arrivals_in_qtl,min_price,max_price,modal_price,district_name,state_name,commodity,year,Type,msprice,msp_filter,seasonality,deseasonal
2015-04-01,Nagpur,bottle gourd,2015,April,5740,519,700,610,Nagpur,Maharashtra,,,,,,not found,
2016-04-01,Nagpur,bottle gourd,2016,April,4790,668,936,869,Nagpur,Maharashtra,,,,,,not found,
2015-08-01,Nagpur,bottle gourd,2015,August,2840,540,908,816,Nagpur,Maharashtra,,,,,,not found,
2016-08-01,Nagpur,bottle gourd,2016,August,4890,583,1108,808,Nagpur,Maharashtra,,,,,,not found,
2014-12-01,Nagpur,bottle gourd,2014,December,1450,788,992,890,Nagpur,Maharashtra,,,,,,not found,
2015-12-01,Nagpur,bottle gourd,2015,December,2405,809,1009,959,Nagpur,Maharashtra,,,,,,not found,
2015-02-01,Nagpur,bottle gourd,2015,February,2600,465,635,550,Nagpur,Maharashtra,,,,,,not found,
2016-02-01,Nagpur,bottle gourd,2016,February,2455,540,755,701,Nagpur,Maharashtra,,,,,,not found,
2015-01-01,Nagpur,bottle gourd,2015,January,2550,532,728,630,Nagpur,Maharashtra,,,,,,not found,
2016-01-01,Nagpur,bottle gourd,2016,January,2815,636,886,807,Nagpur,Maharashtra,,,,,,not found,
2015-07-01,Nagpur,bottle gourd,2015,July,5360,519,804,733,Nagpur,Maharashtra,,,,,,not found,
2016-07-01,Nagpur,bottle gourd,2016,July,7330,696,1200,901,Nagpur,Maharashtra,,,,,,not found,
2015-06-01,Nagpur,bottle gourd,2015,June,5400,480,680,602,Nagpur,Maharashtra,,,,,,not found,
2016-06-01,Nagpur,bottle gourd,2016,June,5710,1050,1388,1303,Nagpur,Maharashtra,,,,,,not found,
2015-03-01,Nagpur,bottle gourd,2015,March,4610,544,733,639,Nagpur,Maharashtra,,,,,,not found,
2016-03-01,Nagpur,bottle gourd,2016,March,3420,896,1235,1147,Nagpur,Maharashtra,,,,,,not found,
2015-05-01,Nagpur,bottle gourd,2015,May,4550,433,633,533,Nagpur,Maharashtra,,,,,,not found,
2016-05-01,Nagpur,bottle gourd,2016,May,6400,548,752,701,Nagpur,Maharashtra,,,,,,not found,
2014-11-01,Nagpur,bottle gourd,2014,November,2750,685,885,785,Nagpur,Maharashtra,,,,,,not found,
2015-11-01,Nagpur,bottle gourd,2015,November,5435,481,735,665,Nagpur,Maharashtra,,,,,,not found,
2014-10-01,Nagpur,bottle gourd,2014,October,1960,723,923,823,Nagpur,Maharashtra,,,,,,not found,
2015-10-01,Nagpur,bottle gourd,2015,October,4850,792,1225,1085,Nagpur,Maharashtra,,,,,,not found,
2016-10-01,Nagpur,bottle gourd,2016,October,4280,895,1195,1120,Nagpur,Maharashtra,,,,,,not found,
2014-09-01,Nagpur,bottle gourd,2014,September,2400,762,946,854,Nagpur,Maharashtra,,,,,,not found,
2015-09-01,Nagpur,bottle gourd,2015,September,4430,596,988,890,Nagpur,Maharashtra,,,,,,not found,
2016-09-01,Nagpur,bottle gourd,2016,September,2370,455,655,605,Nagpur,Maharashtra,,,,,,not found,
2016-11-01,Nagpur,bottle gourd,2016,November,1840,611,811,758,Nagpur,Maharashtra,,,,,,not found,
