date,APMC,Commodity,Year,Month,arrivals_in_qtl,min_price,max_price,modal_price,district_name,state_name,commodity,year,Type,msprice,msp_filter,seasonality,deseasonal
2016-04-01,Shrirampur,black gram,2016,April,1,7000,7000,7000,Ahmadnagar,Maharashtra,,,,,,not found,
2015-08-01,Shrirampur,black gram,2015,August,1,8200,8200,8200,Ahmadnagar,Maharashtra,,,,,,not found,
2016-05-01,Shrirampur,black gram,2016,May,1,11500,11500,11500,Ahmadnagar,Maharashtra,,,,,,not found,
2015-11-01,Shrirampur,black gram,2015,November,1,8933,8933,8933,Ahmadnagar,Maharashtra,,,,,,not found,
2016-10-01,Shrirampur,black gram,2016,October,12,5125,5900,5750,Ahmadnagar,Maharashtra,,,,,,not found,
2015-09-01,Shrirampur,black gram,2015,September,1,7500,7500,7500,Ahmadnagar,Maharashtra,,,,,,not found,
2016-09-01,Shrirampur,black gram,2016,September,1,5900,5900,5900,Ahmadnagar,Maharashtra,,,,,,not found,
2016-11-01,Shrirampur,black gram,2016,November,18,4463,4638,4575,Ahmadnagar,Maharashtra,,,,,,not found,
