date,APMC,Commodity,Year,Month,arrivals_in_qtl,min_price,max_price,modal_price,district_name,state_name,commodity,year,Type,msprice,msp_filter,seasonality,deseasonal,Raw vs MSP diff,Desasonal vs MSP diff
2016-08-01,Solapur,bajri,2016,August,3,1615,1615,1615,Solapur,Maharashtra,bajri,2016,Kharif Crops,1330.0,1,not found,,285.0,
2014-12-01,Solapur,bajri,2014,December,34,1317,1339,1320,Solapur,Maharashtra,bajri,2014,Kharif Crops,1250.0,1,not found,,70.0,
2015-02-01,Solapur,bajri,2015,February,685,951,1426,1226,Solapur,Maharashtra,bajri,2015,Kharif Crops,1275.0,1,not found,,-49.0,
2015-01-01,Solapur,bajri,2015,January,132,1376,1376,1376,Solapur,Maharashtra,bajri,2015,Kharif Crops,1275.0,1,not found,,101.0,
2016-01-01,Solapur,bajri,2016,January,11,1513,1540,1540,Solapur,Maharashtra,bajri,2016,Kharif Crops,1330.0,1,not found,,210.0,
2015-03-01,Solapur,bajri,2015,March,3,1250,1250,1250,Solapur,Maharashtra,bajri,2015,Kharif Crops,1275.0,1,not found,,-25.0,
2016-05-01,Solapur,bajri,2016,May,3,1902,1902,1902,Solapur,Maharashtra,bajri,2016,Kharif Crops,1330.0,1,not found,,572.0,
2014-11-01,Solapur,bajri,2014,November,166,1359,1424,1370,Solapur,Maharashtra,bajri,2014,Kharif Crops,1250.0,1,not found,,120.0,
2015-11-01,Solapur,bajri,2015,November,21,1586,1651,1651,Solapur,Maharashtra,bajri,2015,Kharif Crops,1275.0,1,not found,,376.0,
2014-10-01,Solapur,bajri,2014,October,209,1202,1464,1313,Solapur,Maharashtra,bajri,2014,Kharif Crops,1250.0,1,not found,,63.0,
2015-10-01,Solapur,bajri,2015,October,43,1472,1529,1505,Solapur,Maharashtra,bajri,2015,Kharif Crops,1275.0,1,not found,,230.0,
2016-10-01,Solapur,bajri,2016,October,349,1402,1574,1494,Solapur,Maharashtra,bajri,2016,Kharif Crops,1330.0,1,not found,,164.0,
2014-09-01,Solapur,bajri,2014,September,23,1400,1425,1400,Solapur,Maharashtra,bajri,2014,Kharif Crops,1250.0,1,not found,,150.0,
2016-09-01,Solapur,bajri,2016,September,283,1483,1893,1561,Solapur,Maharashtra,bajri,2016,Kharif Crops,1330.0,1,not found,,231.0,
2016-11-01,Solapur,bajri,2016,November,61,1496,1603,1546,Solapur,Maharashtra,bajri,2016,Kharif Crops,1330.0,1,not found,,216.0,
