date,APMC,Commodity,Year,Month,arrivals_in_qtl,min_price,max_price,modal_price,district_name,state_name,commodity,year,Type,msprice,msp_filter,seasonality,deseasonal
2015-02-01,Gevrai,bhagar-vari,2015,February,1,1300,1300,1300,Beed,Maharashtra,,,,,,not found,
2015-01-01,Gevrai,bhagar-vari,2015,January,3,1551,1551,1551,Beed,Maharashtra,,,,,,not found,
2016-06-01,Gevrai,bhagar-vari,2016,June,1,2000,2000,2000,Beed,Maharashtra,,,,,,not found,
2014-10-01,Gevrai,bhagar-vari,2014,October,1,1500,1500,1500,Beed,Maharashtra,,,,,,not found,
2015-10-01,Gevrai,bhagar-vari,2015,October,5,2354,2400,2400,Beed,Maharashtra,,,,,,not found,
