date,APMC,Commodity,Year,Month,arrivals_in_qtl,min_price,max_price,modal_price,district_name,state_name,commodity,year,Type,msprice,msp_filter,seasonality,deseasonal,Peak seasonal price fluctuation %
2016-08-01,Akola,batbati,2016,August,10,2900,2900,2900,Akola,Maharashtra,,,,,,additive,,12.971970114827252
2016-06-01,Akola,batbati,2016,June,40,3050,4000,3525,Akola,Maharashtra,,,,,,additive,3426.25,12.971970114827252
2016-05-01,Akola,batbati,2016,May,11,3511,4000,3755,Akola,Maharashtra,,,,,,additive,3558.75,12.971970114827252
2016-10-01,Akola,batbati,2016,October,6,3200,3200,3200,Akola,Maharashtra,,,,,,additive,3388.75,12.971970114827252
2016-09-01,Akola,batbati,2016,September,10,2600,4200,3400,Akola,Maharashtra,,,,,,additive,3290.75,12.971970114827252
2016-11-01,Akola,batbati,2016,November,38,3013,3313,3163,Akola,Maharashtra,,,,,,additive,,12.971970114827252
