date,APMC,Commodity,Year,Month,arrivals_in_qtl,min_price,max_price,modal_price,district_name,state_name,commodity,year,Type,msprice,msp_filter,seasonality,deseasonal,Peak seasonal price fluctuation %
2015-04-01,Taloda,black gram,2015,April,470,2769,3174,2995,Nandurbar,Maharashtra,,,,,,additive,,119.48569358927926
2014-12-01,Taloda,black gram,2014,December,1051,3195,3995,3491,Nandurbar,Maharashtra,,,,,,additive,3704.75,119.48569358927926
2015-12-01,Taloda,black gram,2015,December,17,4483,5201,4842,Nandurbar,Maharashtra,,,,,,additive,4209.5,119.48569358927926
2015-02-01,Taloda,black gram,2015,February,155,3359,3852,3663,Nandurbar,Maharashtra,,,,,,additive,3901.25,119.48569358927926
2015-01-01,Taloda,black gram,2015,January,614,3256,3722,3437,Nandurbar,Maharashtra,,,,,,additive,3388.5,119.48569358927926
2015-06-01,Taloda,black gram,2015,June,74,2980,3041,3017,Nandurbar,Maharashtra,,,,,,additive,3164.75,119.48569358927926
2015-03-01,Taloda,black gram,2015,March,134,3044,3302,3188,Nandurbar,Maharashtra,,,,,,additive,3165.75,119.48569358927926
2015-05-01,Taloda,black gram,2015,May,456,2865,3519,3270,Nandurbar,Maharashtra,,,,,,additive,3264.25,119.48569358927926
2014-11-01,Taloda,black gram,2014,November,2451,3154,3436,3329,Nandurbar,Maharashtra,,,,,,additive,4628.25,119.48569358927926
2015-11-01,Taloda,black gram,2015,November,2282,7170,9070,8585,Nandurbar,Maharashtra,,,,,,additive,5978.25,119.48569358927926
2014-10-01,Taloda,black gram,2014,October,1621,3200,3514,3414,Nandurbar,Maharashtra,,,,,,additive,4779.75,119.48569358927926
2015-10-01,Taloda,black gram,2015,October,678,3289,3844,3706,Nandurbar,Maharashtra,,,,,,additive,,119.48569358927926
