date,APMC,Commodity,Year,Month,arrivals_in_qtl,min_price,max_price,modal_price,district_name,state_name,commodity,year,Type,msprice,msp_filter,seasonality,deseasonal,Peak seasonal price fluctuation %
2014-12-01,Jalgaon,amla,2014,December,179,1200,1732,1468,Jalgaon,Maharashtra,,,,,,additive,,41.72670367308373
2015-12-01,Jalgaon,amla,2015,December,184,762,1438,1108,Jalgaon,Maharashtra,,,,,,additive,1421.0,41.72670367308373
2015-02-01,Jalgaon,amla,2015,February,6,1800,2500,2000,Jalgaon,Maharashtra,,,,,,additive,1595.75,41.72670367308373
2016-02-01,Jalgaon,amla,2016,February,41,1200,1425,1275,Jalgaon,Maharashtra,,,,,,additive,1506.25,41.72670367308373
2015-01-01,Jalgaon,amla,2015,January,26,1450,1525,1475,Jalgaon,Maharashtra,,,,,,additive,1356.25,41.72670367308373
2016-01-01,Jalgaon,amla,2016,January,84,1000,1389,1200,Jalgaon,Maharashtra,,,,,,additive,1358.75,41.72670367308373
2014-11-01,Jalgaon,amla,2014,November,140,1215,1925,1560,Jalgaon,Maharashtra,,,,,,additive,1389.0,41.72670367308373
2015-11-01,Jalgaon,amla,2015,November,121,1091,1445,1236,Jalgaon,Maharashtra,,,,,,additive,1353.75,41.72670367308373
2014-10-01,Jalgaon,amla,2014,October,48,883,1767,1383,Jalgaon,Maharashtra,,,,,,additive,1332.75,41.72670367308373
2015-10-01,Jalgaon,amla,2015,October,196,1006,1647,1329,Jalgaon,Maharashtra,,,,,,additive,1360.25,41.72670367308373
2014-09-01,Jalgaon,amla,2014,September,12,1100,1800,1400,Jalgaon,Maharashtra,,,,,,additive,1407.25,41.72670367308373
2016-11-01,Jalgaon,amla,2016,November,26,1100,2000,1500,Jalgaon,Maharashtra,,,,,,additive,,41.72670367308373
