date,APMC,Commodity,Year,Month,arrivals_in_qtl,min_price,max_price,modal_price,district_name,state_name,commodity,year,Type,msprice,msp_filter,seasonality,deseasonal,Peak seasonal price fluctuation %,Raw vs MSP diff,Desasonal vs MSP diff
2016-04-01,Murum,bajri,2016,April,9,1751,1751,1751,Osmanabad,Maharashtra,bajri,2016,Kharif Crops,1330.0,1,additive,,17.719175546138974,421.0,
2016-08-01,Murum,bajri,2016,August,7,1784,1784,1784,Osmanabad,Maharashtra,bajri,2016,Kharif Crops,1330.0,1,additive,1668.5,17.719175546138974,454.0,338.5
2014-12-01,Murum,bajri,2014,December,28,1355,1355,1355,Osmanabad,Maharashtra,bajri,2014,Kharif Crops,1250.0,1,additive,1502.5,17.719175546138974,105.0,252.5
2015-12-01,Murum,bajri,2015,December,86,1467,1565,1516,Osmanabad,Maharashtra,bajri,2015,Kharif Crops,1275.0,1,additive,1472.0,17.719175546138974,241.0,197.0
2016-02-01,Murum,bajri,2016,February,41,1501,1501,1501,Osmanabad,Maharashtra,bajri,2016,Kharif Crops,1330.0,1,additive,1466.5,17.719175546138974,171.0,136.5
2015-01-01,Murum,bajri,2015,January,16,1348,1348,1348,Osmanabad,Maharashtra,bajri,2015,Kharif Crops,1275.0,1,additive,1426.0,17.719175546138974,73.0,151.0
2016-01-01,Murum,bajri,2016,January,36,1507,1507,1507,Osmanabad,Maharashtra,bajri,2016,Kharif Crops,1330.0,1,additive,1496.75,17.719175546138974,177.0,166.75
2016-06-01,Murum,bajri,2016,June,5,1600,1650,1625,Osmanabad,Maharashtra,bajri,2016,Kharif Crops,1330.0,1,additive,1596.5,17.719175546138974,295.0,266.5
2016-03-01,Murum,bajri,2016,March,16,1602,1656,1629,Osmanabad,Maharashtra,bajri,2016,Kharif Crops,1330.0,1,additive,1643.75,17.719175546138974,299.0,313.75
2016-05-01,Murum,bajri,2016,May,13,1662,1722,1692,Osmanabad,Maharashtra,bajri,2016,Kharif Crops,1330.0,1,additive,1627.0,17.719175546138974,362.0,297.0
2014-11-01,Murum,bajri,2014,November,314,1468,1525,1495,Osmanabad,Maharashtra,bajri,2014,Kharif Crops,1250.0,1,additive,1557.75,17.719175546138974,245.0,307.75
2015-11-01,Murum,bajri,2015,November,43,1529,1569,1549,Osmanabad,Maharashtra,bajri,2015,Kharif Crops,1275.0,1,additive,1506.25,17.719175546138974,274.0,231.25
2014-10-01,Murum,bajri,2014,October,134,1404,2809,1432,Osmanabad,Maharashtra,bajri,2014,Kharif Crops,1250.0,1,additive,1457.75,17.719175546138974,182.0,207.75
2015-10-01,Murum,bajri,2015,October,43,1414,1422,1418,Osmanabad,Maharashtra,bajri,2015,Kharif Crops,1275.0,1,additive,1379.5,17.719175546138974,143.0,104.5
2014-09-01,Murum,bajri,2014,September,2,1250,1250,1250,Osmanabad,Maharashtra,bajri,2014,Kharif Crops,1250.0,1,additive,1343.25,17.719175546138974,0.0,93.25
2016-09-01,Murum,bajri,2016,September,5,1455,1455,1455,Osmanabad,Maharashtra,bajri,2016,Kharif Crops,1330.0,1,additive,,17.719175546138974,125.0,
