date,APMC,Commodity,Year,Month,arrivals_in_qtl,min_price,max_price,modal_price,district_name,state_name,commodity,year,Type,msprice,msp_filter,seasonality,deseasonal,Raw vs MSP diff,Desasonal vs MSP diff
2016-08-01,Shrigonda,bajri,2016,August,47,1650,1800,1700,Ahmadnagar,Maharashtra,bajri,2016,Kharif Crops,1330.0,1,not found,,370.0,
2015-12-01,Shrigonda,bajri,2015,December,8,1500,1567,1500,Ahmadnagar,Maharashtra,bajri,2015,Kharif Crops,1275.0,1,not found,,225.0,
2016-01-01,Shrigonda,bajri,2016,January,17,1400,1559,1467,Ahmadnagar,Maharashtra,bajri,2016,Kharif Crops,1330.0,1,not found,,137.0,
2016-07-01,Shrigonda,bajri,2016,July,5,1600,2000,1600,Ahmadnagar,Maharashtra,bajri,2016,Kharif Crops,1330.0,1,not found,,270.0,
2016-06-01,Shrigonda,bajri,2016,June,17,1725,1900,1900,Ahmadnagar,Maharashtra,bajri,2016,Kharif Crops,1330.0,1,not found,,570.0,
2016-05-01,Shrigonda,bajri,2016,May,7,1925,1925,1925,Ahmadnagar,Maharashtra,bajri,2016,Kharif Crops,1330.0,1,not found,,595.0,
2016-10-01,Shrigonda,bajri,2016,October,1654,1334,1622,1475,Ahmadnagar,Maharashtra,bajri,2016,Kharif Crops,1330.0,1,not found,,145.0,
2016-09-01,Shrigonda,bajri,2016,September,1230,1397,1822,1688,Ahmadnagar,Maharashtra,bajri,2016,Kharif Crops,1330.0,1,not found,,358.0,
2016-11-01,Shrigonda,bajri,2016,November,308,1083,1483,1400,Ahmadnagar,Maharashtra,bajri,2016,Kharif Crops,1330.0,1,not found,,70.0,
