date,APMC,Commodity,Year,Month,arrivals_in_qtl,min_price,max_price,modal_price,district_name,state_name,commodity,year,Type,msprice,msp_filter,seasonality,deseasonal,Raw vs MSP diff,Desasonal vs MSP diff
2015-04-01,Akole,bajri,2015,April,52,1357,1800,1525,Ahmadnagar,Maharashtra,bajri,2015,Kharif Crops,1275.0,1,not found,,250.0,
2016-04-01,Akole,bajri,2016,April,75,1460,1960,1685,Ahmadnagar,Maharashtra,bajri,2016,Kharif Crops,1330.0,1,not found,,355.0,
2015-08-01,Akole,bajri,2015,August,12,1400,1800,1625,Ahmadnagar,Maharashtra,bajri,2015,Kharif Crops,1275.0,1,not found,,350.0,
2016-08-01,Akole,bajri,2016,August,31,1433,2033,1675,Ahmadnagar,Maharashtra,bajri,2016,Kharif Crops,1330.0,1,not found,,345.0,
2014-12-01,Akole,bajri,2014,December,40,1375,1750,1563,Ahmadnagar,Maharashtra,bajri,2014,Kharif Crops,1250.0,1,not found,,313.0,
2015-12-01,Akole,bajri,2015,December,37,1350,1850,1619,Ahmadnagar,Maharashtra,bajri,2015,Kharif Crops,1275.0,1,not found,,344.0,
2015-02-01,Akole,bajri,2015,February,4855,1014,1351,1196,Ahmadnagar,Maharashtra,bajri,2015,Kharif Crops,1275.0,1,not found,,-79.0,
2016-02-01,Akole,bajri,2016,February,39,1433,1833,1575,Ahmadnagar,Maharashtra,bajri,2016,Kharif Crops,1330.0,1,not found,,245.0,
2015-01-01,Akole,bajri,2015,January,74,1395,1840,1580,Ahmadnagar,Maharashtra,bajri,2015,Kharif Crops,1275.0,1,not found,,305.0,
2016-01-01,Akole,bajri,2016,January,64,1430,1860,1575,Ahmadnagar,Maharashtra,bajri,2016,Kharif Crops,1330.0,1,not found,,245.0,
2015-07-01,Akole,bajri,2015,July,27,1300,1800,1488,Ahmadnagar,Maharashtra,bajri,2015,Kharif Crops,1275.0,1,not found,,213.0,
2016-07-01,Akole,bajri,2016,July,32,1450,2200,1719,Ahmadnagar,Maharashtra,bajri,2016,Kharif Crops,1330.0,1,not found,,389.0,
2015-06-01,Akole,bajri,2015,June,16,1388,1800,1588,Ahmadnagar,Maharashtra,bajri,2015,Kharif Crops,1275.0,1,not found,,313.0,
2016-06-01,Akole,bajri,2016,June,52,1467,2000,1617,Ahmadnagar,Maharashtra,bajri,2016,Kharif Crops,1330.0,1,not found,,287.0,
2015-03-01,Akole,bajri,2015,March,144,1375,1750,1538,Ahmadnagar,Maharashtra,bajri,2015,Kharif Crops,1275.0,1,not found,,263.0,
2016-03-01,Akole,bajri,2016,March,369,1433,1867,1600,Ahmadnagar,Maharashtra,bajri,2016,Kharif Crops,1330.0,1,not found,,270.0,
2015-05-01,Akole,bajri,2015,May,9,1375,1900,1775,Ahmadnagar,Maharashtra,bajri,2015,Kharif Crops,1275.0,1,not found,,500.0,
2016-05-01,Akole,bajri,2016,May,17,1483,2000,1683,Ahmadnagar,Maharashtra,bajri,2016,Kharif Crops,1330.0,1,not found,,353.0,
2014-11-01,Akole,bajri,2014,November,67,1400,1700,1550,Ahmadnagar,Maharashtra,bajri,2014,Kharif Crops,1250.0,1,not found,,300.0,
2015-11-01,Akole,bajri,2015,November,101,1394,1850,1569,Ahmadnagar,Maharashtra,bajri,2015,Kharif Crops,1275.0,1,not found,,294.0,
2014-10-01,Akole,bajri,2014,October,30,1390,1700,1560,Ahmadnagar,Maharashtra,bajri,2014,Kharif Crops,1250.0,1,not found,,310.0,
2015-10-01,Akole,bajri,2015,October,37,1425,1800,1558,Ahmadnagar,Maharashtra,bajri,2015,Kharif Crops,1275.0,1,not found,,283.0,
2016-10-01,Akole,bajri,2016,October,114,1444,2000,1594,Ahmadnagar,Maharashtra,bajri,2016,Kharif Crops,1330.0,1,not found,,264.0,
2014-09-01,Akole,bajri,2014,September,25,1467,1733,1650,Ahmadnagar,Maharashtra,bajri,2014,Kharif Crops,1250.0,1,not found,,400.0,
2015-09-01,Akole,bajri,2015,September,13,1400,1800,1563,Ahmadnagar,Maharashtra,bajri,2015,Kharif Crops,1275.0,1,not found,,288.0,
2016-09-01,Akole,bajri,2016,September,29,1456,1975,1600,Ahmadnagar,Maharashtra,bajri,2016,Kharif Crops,1330.0,1,not found,,270.0,
2016-11-01,Akole,bajri,2016,November,60,1450,1950,1588,Ahmadnagar,Maharashtra,bajri,2016,Kharif Crops,1330.0,1,not found,,258.0,
