date,APMC,Commodity,Year,Month,arrivals_in_qtl,min_price,max_price,modal_price,district_name,state_name,commodity,year,Type,msprice,msp_filter,seasonality,deseasonal
2015-12-01,Mukhed,black gram,2015,December,4,7101,8464,7101,Nanded,Maharashtra,,,,,,not found,
2015-11-01,Mukhed,black gram,2015,November,4,7655,7913,7900,Nanded,Maharashtra,,,,,,not found,
2015-10-01,Mukhed,black gram,2015,October,101,9011,11134,10344,Nanded,Maharashtra,,,,,,not found,
2016-10-01,Mukhed,black gram,2016,October,45,5697,7317,6967,Nanded,Maharashtra,,,,,,not found,
2015-09-01,Mukhed,black gram,2015,September,111,8336,8580,8485,Nanded,Maharashtra,,,,,,not found,
2016-09-01,Mukhed,black gram,2016,September,151,6751,6895,6850,Nanded,Maharashtra,,,,,,not found,
2016-11-01,Mukhed,black gram,2016,November,21,6050,7150,7050,Nanded,Maharashtra,,,,,,not found,
