date,APMC,Commodity,Year,Month,arrivals_in_qtl,min_price,max_price,modal_price,district_name,state_name,commodity,year,Type,msprice,msp_filter,seasonality,deseasonal,Peak seasonal price fluctuation %,Raw vs MSP diff,Desasonal vs MSP diff
2016-04-01,Jalna-Badnapur,bajri,2016,April,11,1590,1620,1590,Jalna,Maharashtra,bajri,2016,Kharif Crops,1330.0,1,additive,,20.955895525061806,260.0,
2015-08-01,Jalna-Badnapur,bajri,2015,August,17,1150,1300,1250,Jalna,Maharashtra,bajri,2015,Kharif Crops,1275.0,1,additive,1422.75,20.955895525061806,-25.0,147.75
2016-08-01,Jalna-Badnapur,bajri,2016,August,34,1584,1601,1601,Jalna,Maharashtra,bajri,2016,Kharif Crops,1330.0,1,additive,1475.5,20.955895525061806,271.0,145.5
2014-12-01,Jalna-Badnapur,bajri,2014,December,1,1450,1450,1450,Jalna,Maharashtra,bajri,2014,Kharif Crops,1250.0,1,additive,1468.5,20.955895525061806,200.0,218.5
2015-12-01,Jalna-Badnapur,bajri,2015,December,42,1342,1392,1373,Jalna,Maharashtra,bajri,2015,Kharif Crops,1275.0,1,additive,1380.25,20.955895525061806,98.0,105.25
2016-02-01,Jalna-Badnapur,bajri,2016,February,3,1325,1400,1325,Jalna,Maharashtra,bajri,2016,Kharif Crops,1330.0,1,additive,1349.5,20.955895525061806,-5.0,19.5
2015-01-01,Jalna-Badnapur,bajri,2015,January,3,1375,1375,1375,Jalna,Maharashtra,bajri,2015,Kharif Crops,1275.0,1,additive,1371.5,20.955895525061806,100.0,96.5
2016-01-01,Jalna-Badnapur,bajri,2016,January,2,1411,1411,1411,Jalna,Maharashtra,bajri,2016,Kharif Crops,1330.0,1,additive,1361.75,20.955895525061806,81.0,31.75
2015-07-01,Jalna-Badnapur,bajri,2015,July,6,1250,1250,1250,Jalna,Maharashtra,bajri,2015,Kharif Crops,1275.0,1,additive,1293.0,20.955895525061806,-25.0,18.0
2015-06-01,Jalna-Badnapur,bajri,2015,June,20,1253,1261,1261,Jalna,Maharashtra,bajri,2015,Kharif Crops,1275.0,1,additive,1344.0,20.955895525061806,-14.0,69.0
2016-06-01,Jalna-Badnapur,bajri,2016,June,20,1597,1619,1604,Jalna,Maharashtra,bajri,2016,Kharif Crops,1330.0,1,additive,1487.75,20.955895525061806,274.0,157.75
2016-03-01,Jalna-Badnapur,bajri,2016,March,34,1479,1507,1482,Jalna,Maharashtra,bajri,2016,Kharif Crops,1330.0,1,additive,1564.0,20.955895525061806,152.0,234.0
2016-05-01,Jalna-Badnapur,bajri,2016,May,12,1675,1725,1688,Jalna,Maharashtra,bajri,2016,Kharif Crops,1330.0,1,additive,1546.75,20.955895525061806,358.0,216.75
2015-11-01,Jalna-Badnapur,bajri,2015,November,29,1258,1381,1329,Jalna,Maharashtra,bajri,2015,Kharif Crops,1275.0,1,additive,1411.5,20.955895525061806,54.0,136.5
2014-10-01,Jalna-Badnapur,bajri,2014,October,14,1050,1350,1300,Jalna,Maharashtra,bajri,2014,Kharif Crops,1250.0,1,additive,1301.0,20.955895525061806,50.0,51.0
2015-10-01,Jalna-Badnapur,bajri,2015,October,157,1229,1317,1275,Jalna,Maharashtra,bajri,2015,Kharif Crops,1275.0,1,additive,1291.25,20.955895525061806,0.0,16.25
2016-10-01,Jalna-Badnapur,bajri,2016,October,976,1224,1387,1315,Jalna,Maharashtra,bajri,2016,Kharif Crops,1330.0,1,additive,1296.75,20.955895525061806,-15.0,-33.25
2015-09-01,Jalna-Badnapur,bajri,2015,September,26,1241,1302,1282,Jalna,Maharashtra,bajri,2015,Kharif Crops,1275.0,1,additive,1344.75,20.955895525061806,7.0,69.75
2016-09-01,Jalna-Badnapur,bajri,2016,September,28,1500,1500,1500,Jalna,Maharashtra,bajri,2016,Kharif Crops,1330.0,1,additive,1383.0,20.955895525061806,170.0,53.0
2016-11-01,Jalna-Badnapur,bajri,2016,November,32,1250,1250,1250,Jalna,Maharashtra,bajri,2016,Kharif Crops,1330.0,1,additive,,20.955895525061806,-80.0,
