date,APMC,Commodity,Year,Month,arrivals_in_qtl,min_price,max_price,modal_price,district_name,state_name,commodity,year,Type,msprice,msp_filter,seasonality,deseasonal
2016-04-01,Amarawati-Fruit And Vegetables,beet root,2016,April,228,1038,1238,1138,Amaravathi,Maharashtra,,,,,,not found,
2016-08-01,Amarawati-Fruit And Vegetables,beet root,2016,August,127,1480,1693,1587,Amaravathi,Maharashtra,,,,,,not found,
2016-02-01,Amarawati-Fruit And Vegetables,beet root,2016,February,193,817,1000,908,Amaravathi,Maharashtra,,,,,,not found,
2016-01-01,Amarawati-Fruit And Vegetables,beet root,2016,January,73,967,1200,1083,Amaravathi,Maharashtra,,,,,,not found,
2016-07-01,Amarawati-Fruit And Vegetables,beet root,2016,July,159,1995,2200,2095,Amaravathi,Maharashtra,,,,,,not found,
2016-06-01,Amarawati-Fruit And Vegetables,beet root,2016,June,118,1580,1780,1680,Amaravathi,Maharashtra,,,,,,not found,
2016-03-01,Amarawati-Fruit And Vegetables,beet root,2016,March,20,900,1100,1000,Amaravathi,Maharashtra,,,,,,not found,
2016-05-01,Amarawati-Fruit And Vegetables,beet root,2016,May,26,1100,1300,1200,Amaravathi,Maharashtra,,,,,,not found,
2016-10-01,Amarawati-Fruit And Vegetables,beet root,2016,October,135,2062,2300,2205,Amaravathi,Maharashtra,,,,,,not found,
2016-09-01,Amarawati-Fruit And Vegetables,beet root,2016,September,75,1533,1717,1625,Amaravathi,Maharashtra,,,,,,not found,
2016-11-01,Amarawati-Fruit And Vegetables,beet root,2016,November,155,1409,1609,1509,Amaravathi,Maharashtra,,,,,,not found,
