date,APMC,Commodity,Year,Month,arrivals_in_qtl,min_price,max_price,modal_price,district_name,state_name,commodity,year,Type,msprice,msp_filter,seasonality,deseasonal
2014-12-01,Partur,black gram,2014,December,3,4450,4450,4450,Jalna,Maharashtra,,,,,,not found,
2014-11-01,Partur,black gram,2014,November,12,4400,4512,4442,Jalna,Maharashtra,,,,,,not found,
2015-11-01,Partur,black gram,2015,November,3,7600,7600,7600,Jalna,Maharashtra,,,,,,not found,
2015-10-01,Partur,black gram,2015,October,15,7817,9590,8867,Jalna,Maharashtra,,,,,,not found,
2016-10-01,Partur,black gram,2016,October,257,5065,6627,6067,Jalna,Maharashtra,,,,,,not found,
2015-09-01,Partur,black gram,2015,September,19,7139,8669,7600,Jalna,Maharashtra,,,,,,not found,
2016-09-01,Partur,black gram,2016,September,233,5868,6579,6199,Jalna,Maharashtra,,,,,,not found,
