date,APMC,Commodity,Year,Month,arrivals_in_qtl,min_price,max_price,modal_price,district_name,state_name,commodity,year,Type,msprice,msp_filter,seasonality,deseasonal
2016-08-01,Pusad,black gram,2016,August,14,6669,6969,6908,Yewatmal,Maharashtra,,,,,,not found,
2014-12-01,Pusad,black gram,2014,December,3,4642,4642,4642,Yewatmal,Maharashtra,,,,,,not found,
2015-12-01,Pusad,black gram,2015,December,15,7978,8543,8409,Yewatmal,Maharashtra,,,,,,not found,
2016-02-01,Pusad,black gram,2016,February,2,4465,4465,4465,Yewatmal,Maharashtra,,,,,,not found,
2016-01-01,Pusad,black gram,2016,January,2,9025,9025,9025,Yewatmal,Maharashtra,,,,,,not found,
2016-06-01,Pusad,black gram,2016,June,1,10910,10910,10910,Yewatmal,Maharashtra,,,,,,not found,
2016-05-01,Pusad,black gram,2016,May,13,9875,9875,9875,Yewatmal,Maharashtra,,,,,,not found,
2014-11-01,Pusad,black gram,2014,November,17,5190,5333,5314,Yewatmal,Maharashtra,,,,,,not found,
2015-11-01,Pusad,black gram,2015,November,15,7490,9503,8875,Yewatmal,Maharashtra,,,,,,not found,
2014-10-01,Pusad,black gram,2014,October,69,4717,5023,4918,Yewatmal,Maharashtra,,,,,,not found,
2015-10-01,Pusad,black gram,2015,October,90,8975,10865,10431,Yewatmal,Maharashtra,,,,,,not found,
2016-10-01,Pusad,black gram,2016,October,1208,6513,7342,7133,Yewatmal,Maharashtra,,,,,,not found,
2015-09-01,Pusad,black gram,2015,September,199,7712,8773,8484,Yewatmal,Maharashtra,,,,,,not found,
2016-09-01,Pusad,black gram,2016,September,1608,6333,6978,6785,Yewatmal,Maharashtra,,,,,,not found,
2016-11-01,Pusad,black gram,2016,November,66,7008,7503,7433,Yewatmal,Maharashtra,,,,,,not found,
