date,APMC,Commodity,Year,Month,arrivals_in_qtl,min_price,max_price,modal_price,district_name,state_name,commodity,year,Type,msprice,msp_filter,seasonality,deseasonal
2015-04-01,Devala,black gram,2015,April,2,4398,4398,4398,Nasik,Maharashtra,,,,,,not found,
2016-04-01,Devala,black gram,2016,April,3,9000,9000,9000,Nasik,Maharashtra,,,,,,not found,
2016-08-01,Devala,black gram,2016,August,1,9905,9905,9905,Nasik,Maharashtra,,,,,,not found,
2014-12-01,Devala,black gram,2014,December,3,5262,5262,5262,Nasik,Maharashtra,,,,,,not found,
2015-02-01,Devala,black gram,2015,February,6,5418,5484,5484,Nasik,Maharashtra,,,,,,not found,
2015-01-01,Devala,black gram,2015,January,4,5436,5436,5436,Nasik,Maharashtra,,,,,,not found,
2015-06-01,Devala,black gram,2015,June,1,9250,9250,9250,Nasik,Maharashtra,,,,,,not found,
2016-06-01,Devala,black gram,2016,June,2,10700,11000,11000,Nasik,Maharashtra,,,,,,not found,
2015-03-01,Devala,black gram,2015,March,2,5643,5643,5643,Nasik,Maharashtra,,,,,,not found,
2014-11-01,Devala,black gram,2014,November,8,5068,5207,5121,Nasik,Maharashtra,,,,,,not found,
2015-11-01,Devala,black gram,2015,November,3,7167,7167,7167,Nasik,Maharashtra,,,,,,not found,
2014-10-01,Devala,black gram,2014,October,2,5013,5013,5013,Nasik,Maharashtra,,,,,,not found,
2015-10-01,Devala,black gram,2015,October,2,10450,10450,10450,Nasik,Maharashtra,,,,,,not found,
2016-10-01,Devala,black gram,2016,October,16,6786,7094,7078,Nasik,Maharashtra,,,,,,not found,
2015-09-01,Devala,black gram,2015,September,9,8013,8190,8190,Nasik,Maharashtra,,,,,,not found,
2016-09-01,Devala,black gram,2016,September,20,7097,7509,7420,Nasik,Maharashtra,,,,,,not found,
2016-11-01,Devala,black gram,2016,November,7,6178,6804,6804,Nasik,Maharashtra,,,,,,not found,
