date,APMC,Commodity,Year,Month,arrivals_in_qtl,min_price,max_price,modal_price,district_name,state_name,commodity,year,Type,msprice,msp_filter,seasonality,deseasonal,Peak seasonal price fluctuation %,Raw vs MSP diff,Desasonal vs MSP diff
2016-04-01,Pusad,bajri,2016,April,4,1990,1990,1990,Yewatmal,Maharashtra,bajri,2016,Kharif Crops,1330.0,1,additive,,18.49677040516735,660.0,
2016-08-01,Pusad,bajri,2016,August,14,1893,1925,1901,Yewatmal,Maharashtra,bajri,2016,Kharif Crops,1330.0,1,additive,1899.5,18.49677040516735,571.0,569.5
2014-12-01,Pusad,bajri,2014,December,40,1575,1890,1806,Yewatmal,Maharashtra,bajri,2014,Kharif Crops,1250.0,1,additive,1799.75,18.49677040516735,556.0,549.75
2015-12-01,Pusad,bajri,2015,December,375,1493,1808,1686,Yewatmal,Maharashtra,bajri,2015,Kharif Crops,1275.0,1,additive,1641.5,18.49677040516735,411.0,366.5
2015-02-01,Pusad,bajri,2015,February,5,1150,1388,1388,Yewatmal,Maharashtra,bajri,2015,Kharif Crops,1275.0,1,additive,1505.5,18.49677040516735,113.0,230.5
2016-02-01,Pusad,bajri,2016,February,24,1484,1590,1560,Yewatmal,Maharashtra,bajri,2016,Kharif Crops,1330.0,1,additive,1563.25,18.49677040516735,230.0,233.25
2015-01-01,Pusad,bajri,2015,January,15,1285,1801,1745,Yewatmal,Maharashtra,bajri,2015,Kharif Crops,1275.0,1,additive,1679.25,18.49677040516735,470.0,404.25
2016-01-01,Pusad,bajri,2016,January,67,1589,1717,1667,Yewatmal,Maharashtra,bajri,2016,Kharif Crops,1330.0,1,additive,1738.75,18.49677040516735,337.0,408.75
2016-07-01,Pusad,bajri,2016,July,30,1767,1975,1876,Yewatmal,Maharashtra,bajri,2016,Kharif Crops,1330.0,1,additive,1721.0,18.49677040516735,546.0,391.0
2015-06-01,Pusad,bajri,2015,June,2,1100,1465,1465,Yewatmal,Maharashtra,bajri,2015,Kharif Crops,1275.0,1,additive,1670.75,18.49677040516735,190.0,395.75
2016-06-01,Pusad,bajri,2016,June,30,1716,1998,1877,Yewatmal,Maharashtra,bajri,2016,Kharif Crops,1330.0,1,additive,1698.5,18.49677040516735,547.0,368.5
2016-03-01,Pusad,bajri,2016,March,9,1532,1617,1575,Yewatmal,Maharashtra,bajri,2016,Kharif Crops,1330.0,1,additive,1632.5,18.49677040516735,245.0,302.5
2015-05-01,Pusad,bajri,2015,May,5,1503,1503,1503,Yewatmal,Maharashtra,bajri,2015,Kharif Crops,1275.0,1,additive,1639.75,18.49677040516735,228.0,364.75
2016-05-01,Pusad,bajri,2016,May,28,1789,2080,1978,Yewatmal,Maharashtra,bajri,2016,Kharif Crops,1330.0,1,additive,1772.5,18.49677040516735,648.0,442.5
2014-11-01,Pusad,bajri,2014,November,106,1440,1852,1631,Yewatmal,Maharashtra,bajri,2014,Kharif Crops,1250.0,1,additive,1727.0,18.49677040516735,381.0,477.0
2015-11-01,Pusad,bajri,2015,November,459,1343,1798,1668,Yewatmal,Maharashtra,bajri,2015,Kharif Crops,1275.0,1,additive,1646.75,18.49677040516735,393.0,371.75
2014-10-01,Pusad,bajri,2014,October,52,1452,1797,1620,Yewatmal,Maharashtra,bajri,2014,Kharif Crops,1250.0,1,additive,1600.25,18.49677040516735,370.0,350.25
2015-10-01,Pusad,bajri,2015,October,267,1236,1587,1493,Yewatmal,Maharashtra,bajri,2015,Kharif Crops,1275.0,1,additive,1589.25,18.49677040516735,218.0,314.25
2016-10-01,Pusad,bajri,2016,October,200,1564,2031,1751,Yewatmal,Maharashtra,bajri,2016,Kharif Crops,1330.0,1,additive,1616.75,18.49677040516735,421.0,286.75
2015-09-01,Pusad,bajri,2015,September,57,1381,1538,1472,Yewatmal,Maharashtra,bajri,2015,Kharif Crops,1275.0,1,additive,1648.5,18.49677040516735,197.0,373.5
2016-09-01,Pusad,bajri,2016,September,31,1790,2023,1899,Yewatmal,Maharashtra,bajri,2016,Kharif Crops,1330.0,1,additive,1796.25,18.49677040516735,569.0,466.25
2016-11-01,Pusad,bajri,2016,November,24,1445,2120,1915,Yewatmal,Maharashtra,bajri,2016,Kharif Crops,1330.0,1,additive,,18.49677040516735,585.0,
