date,APMC,Commodity,Year,Month,arrivals_in_qtl,min_price,max_price,modal_price,district_name,state_name,commodity,year,Type,msprice,msp_filter,seasonality,deseasonal,Peak seasonal price fluctuation %
2015-04-01,Sangrampur,black gram,2015,April,1,5500,6300,6000,Buldhana,Maharashtra,,,,,,additive,,63.81894729944465
2015-01-01,Sangrampur,black gram,2015,January,1,5000,5600,5200,Buldhana,Maharashtra,,,,,,additive,5463.5,63.81894729944465
2015-06-01,Sangrampur,black gram,2015,June,266,5169,5854,5454,Buldhana,Maharashtra,,,,,,additive,5561.0,63.81894729944465
2016-06-01,Sangrampur,black gram,2016,June,184,4871,7186,6136,Buldhana,Maharashtra,,,,,,additive,5742.25,63.81894729944465
2015-05-01,Sangrampur,black gram,2015,May,219,4779,5700,5243,Buldhana,Maharashtra,,,,,,additive,5705.5,63.81894729944465
2016-05-01,Sangrampur,black gram,2016,May,112,4700,6750,6200,Buldhana,Maharashtra,,,,,,additive,5660.75,63.81894729944465
2014-11-01,Sangrampur,black gram,2014,November,4,4700,5300,5000,Buldhana,Maharashtra,,,,,,additive,5090.0,63.81894729944465
2014-10-01,Sangrampur,black gram,2014,October,23,3720,4500,4160,Buldhana,Maharashtra,,,,,,additive,5830.0,63.81894729944465
2015-10-01,Sangrampur,black gram,2015,October,2,8000,11000,10000,Buldhana,Maharashtra,,,,,,additive,7952.5,63.81894729944465
2015-09-01,Sangrampur,black gram,2015,September,2,6750,7900,7650,Buldhana,Maharashtra,,,,,,additive,,63.81894729944465
