date,APMC,Commodity,Year,Month,arrivals_in_qtl,min_price,max_price,modal_price,district_name,state_name,commodity,year,Type,msprice,msp_filter,seasonality,deseasonal
2016-04-01,Kolhapur,bitter gourd,2016,April,328,2582,4321,3335,Kolhapur,Maharashtra,,,,,,not found,
2015-08-01,Kolhapur,bitter gourd,2015,August,1358,906,2383,1531,Kolhapur,Maharashtra,,,,,,not found,
2016-08-01,Kolhapur,bitter gourd,2016,August,2665,1060,2964,1888,Kolhapur,Maharashtra,,,,,,not found,
2015-12-01,Kolhapur,bitter gourd,2015,December,99,1800,3000,2250,Kolhapur,Maharashtra,,,,,,not found,
2016-02-01,Kolhapur,bitter gourd,2016,February,37,2833,4167,3333,Kolhapur,Maharashtra,,,,,,not found,
2016-01-01,Kolhapur,bitter gourd,2016,January,81,2900,3740,3230,Kolhapur,Maharashtra,,,,,,not found,
2015-07-01,Kolhapur,bitter gourd,2015,July,721,1728,3412,2454,Kolhapur,Maharashtra,,,,,,not found,
2016-07-01,Kolhapur,bitter gourd,2016,July,657,2447,5674,3711,Kolhapur,Maharashtra,,,,,,not found,
2015-06-01,Kolhapur,bitter gourd,2015,June,474,1459,3247,2250,Kolhapur,Maharashtra,,,,,,not found,
2016-06-01,Kolhapur,bitter gourd,2016,June,623,2750,5788,3790,Kolhapur,Maharashtra,,,,,,not found,
2016-03-01,Kolhapur,bitter gourd,2016,March,220,2570,4220,3295,Kolhapur,Maharashtra,,,,,,not found,
2015-05-01,Kolhapur,bitter gourd,2015,May,131,750,2750,1750,Kolhapur,Maharashtra,,,,,,not found,
2016-05-01,Kolhapur,bitter gourd,2016,May,531,2373,4759,3405,Kolhapur,Maharashtra,,,,,,not found,
2015-11-01,Kolhapur,bitter gourd,2015,November,383,1370,2940,2070,Kolhapur,Maharashtra,,,,,,not found,
2015-10-01,Kolhapur,bitter gourd,2015,October,957,1005,2741,1691,Kolhapur,Maharashtra,,,,,,not found,
2016-10-01,Kolhapur,bitter gourd,2016,October,1340,754,2043,1287,Kolhapur,Maharashtra,,,,,,not found,
2015-09-01,Kolhapur,bitter gourd,2015,September,1727,479,1313,823,Kolhapur,Maharashtra,,,,,,not found,
2016-09-01,Kolhapur,bitter gourd,2016,September,2566,435,1446,838,Kolhapur,Maharashtra,,,,,,not found,
2016-11-01,Kolhapur,bitter gourd,2016,November,1086,713,1735,1129,Kolhapur,Maharashtra,,,,,,not found,
