date,APMC,Commodity,Year,Month,arrivals_in_qtl,min_price,max_price,modal_price,district_name,state_name,commodity,year,Type,msprice,msp_filter,seasonality,deseasonal
2015-04-01,Kamthi,beet root,2015,April,11,1555,2773,2164,Nagpur,Maharashtra,,,,,,not found,
2016-04-01,Kamthi,beet root,2016,April,31,1092,2692,1992,Nagpur,Maharashtra,,,,,,not found,
2016-08-01,Kamthi,beet root,2016,August,12,1700,2900,2400,Nagpur,Maharashtra,,,,,,not found,
2014-12-01,Kamthi,beet root,2014,December,7,2143,3571,2857,Nagpur,Maharashtra,,,,,,not found,
2015-12-01,Kamthi,beet root,2015,December,28,2089,3778,2978,Nagpur,Maharashtra,,,,,,not found,
2015-02-01,Kamthi,beet root,2015,February,12,1745,3273,2509,Nagpur,Maharashtra,,,,,,not found,
2016-02-01,Kamthi,beet root,2016,February,25,2017,3100,2658,Nagpur,Maharashtra,,,,,,not found,
2015-01-01,Kamthi,beet root,2015,January,14,1836,3364,2600,Nagpur,Maharashtra,,,,,,not found,
2016-01-01,Kamthi,beet root,2016,January,18,1833,3167,2600,Nagpur,Maharashtra,,,,,,not found,
2016-07-01,Kamthi,beet root,2016,July,11,1875,2875,2475,Nagpur,Maharashtra,,,,,,not found,
2015-06-01,Kamthi,beet root,2015,June,29,1367,2500,1944,Nagpur,Maharashtra,,,,,,not found,
2016-06-01,Kamthi,beet root,2016,June,16,1543,2857,2300,Nagpur,Maharashtra,,,,,,not found,
2015-03-01,Kamthi,beet root,2015,March,8,1675,3500,2338,Nagpur,Maharashtra,,,,,,not found,
2016-03-01,Kamthi,beet root,2016,March,33,1621,2964,2400,Nagpur,Maharashtra,,,,,,not found,
2015-05-01,Kamthi,beet root,2015,May,42,1139,2861,1972,Nagpur,Maharashtra,,,,,,not found,
2016-05-01,Kamthi,beet root,2016,May,34,1057,2257,1757,Nagpur,Maharashtra,,,,,,not found,
2014-11-01,Kamthi,beet root,2014,November,7,2057,4000,3029,Nagpur,Maharashtra,,,,,,not found,
2015-11-01,Kamthi,beet root,2015,November,14,1250,4750,3100,Nagpur,Maharashtra,,,,,,not found,
2014-10-01,Kamthi,beet root,2014,October,4,2000,4000,3000,Nagpur,Maharashtra,,,,,,not found,
2016-10-01,Kamthi,beet root,2016,October,4,1800,2933,2467,Nagpur,Maharashtra,,,,,,not found,
2015-09-01,Kamthi,beet root,2015,September,24,1714,4429,3171,Nagpur,Maharashtra,,,,,,not found,
2016-09-01,Kamthi,beet root,2016,September,8,1633,2667,2300,Nagpur,Maharashtra,,,,,,not found,
2016-11-01,Kamthi,beet root,2016,November,3,1900,2900,2500,Nagpur,Maharashtra,,,,,,not found,
