date,APMC,Commodity,Year,Month,arrivals_in_qtl,min_price,max_price,modal_price,district_name,state_name,commodity,year,Type,msprice,msp_filter,seasonality,deseasonal
2015-04-01,Latur,black gram,2015,April,123,6704,7702,7450,Latur,Maharashtra,,,,,,not found,
2016-04-01,Latur,black gram,2016,April,12,9180,9180,9180,Latur,Maharashtra,,,,,,not found,
2015-08-01,Latur,black gram,2015,August,256,5532,7556,6783,Latur,Maharashtra,,,,,,not found,
2016-08-01,Latur,black gram,2016,August,156,5713,7446,6625,Latur,Maharashtra,,,,,,not found,
2014-12-01,Latur,black gram,2014,December,1842,4182,5979,5552,Latur,Maharashtra,,,,,,not found,
2015-12-01,Latur,black gram,2015,December,1768,6586,11296,9499,Latur,Maharashtra,,,,,,not found,
2016-02-01,Latur,black gram,2016,February,72,5764,7957,6857,Latur,Maharashtra,,,,,,not found,
2015-01-01,Latur,black gram,2015,January,268,5000,5450,5300,Latur,Maharashtra,,,,,,not found,
2016-01-01,Latur,black gram,2016,January,180,6785,9370,8050,Latur,Maharashtra,,,,,,not found,
2015-07-01,Latur,black gram,2015,July,152,5315,6951,6326,Latur,Maharashtra,,,,,,not found,
2015-06-01,Latur,black gram,2015,June,275,5919,7783,7138,Latur,Maharashtra,,,,,,not found,
2016-06-01,Latur,black gram,2016,June,72,9280,10520,10004,Latur,Maharashtra,,,,,,not found,
2015-03-01,Latur,black gram,2015,March,97,5801,5945,5890,Latur,Maharashtra,,,,,,not found,
2016-03-01,Latur,black gram,2016,March,55,7264,9176,8364,Latur,Maharashtra,,,,,,not found,
2015-05-01,Latur,black gram,2015,May,283,6965,8169,7533,Latur,Maharashtra,,,,,,not found,
2016-05-01,Latur,black gram,2016,May,13,9520,10825,9925,Latur,Maharashtra,,,,,,not found,
2014-11-01,Latur,black gram,2014,November,5790,4550,6030,5364,Latur,Maharashtra,,,,,,not found,
2015-11-01,Latur,black gram,2015,November,1729,6750,11573,10075,Latur,Maharashtra,,,,,,not found,
2014-10-01,Latur,black gram,2014,October,7242,4223,5372,4970,Latur,Maharashtra,,,,,,not found,
2015-10-01,Latur,black gram,2015,October,3698,8352,12325,10458,Latur,Maharashtra,,,,,,not found,
2016-10-01,Latur,black gram,2016,October,28367,5183,7827,7574,Latur,Maharashtra,,,,,,not found,
2014-09-01,Latur,black gram,2014,September,1701,3644,6421,5126,Latur,Maharashtra,,,,,,not found,
2015-09-01,Latur,black gram,2015,September,2125,7287,9346,8717,Latur,Maharashtra,,,,,,not found,
2016-09-01,Latur,black gram,2016,September,40163,6554,7561,7154,Latur,Maharashtra,,,,,,not found,
2016-11-01,Latur,black gram,2016,November,15836,5653,7616,7363,Latur,Maharashtra,,,,,,not found,
