date,APMC,Commodity,Year,Month,arrivals_in_qtl,min_price,max_price,modal_price,district_name,state_name,commodity,year,Type,msprice,msp_filter,seasonality,deseasonal
2015-08-01,Sillod-Bharadi,black gram,2015,August,1,5600,5600,5600,Aurangabad,Maharashtra,,,,,,not found,
2016-01-01,Sillod-Bharadi,black gram,2016,January,3,7500,8100,7800,Aurangabad,Maharashtra,,,,,,not found,
2014-11-01,Sillod-Bharadi,black gram,2014,November,8,3500,4167,3900,Aurangabad,Maharashtra,,,,,,not found,
2015-10-01,Sillod-Bharadi,black gram,2015,October,10,10000,12000,11000,Aurangabad,Maharashtra,,,,,,not found,
2016-10-01,Sillod-Bharadi,black gram,2016,October,55,5625,6125,5888,Aurangabad,Maharashtra,,,,,,not found,
2016-09-01,Sillod-Bharadi,black gram,2016,September,7,6200,6567,6467,Aurangabad,Maharashtra,,,,,,not found,
2016-11-01,Sillod-Bharadi,black gram,2016,November,7,4500,5000,4750,Aurangabad,Maharashtra,,,,,,not found,
