date,APMC,Commodity,Year,Month,arrivals_in_qtl,min_price,max_price,modal_price,district_name,state_name,commodity,year,Type,msprice,msp_filter,seasonality,deseasonal,Raw vs MSP diff,Desasonal vs MSP diff
2015-04-01,Nandurbar,bajri,2015,April,2217,1034,1308,1168,Nandurbar,Maharashtra,bajri,2015,Kharif Crops,1275.0,1,not found,,-107.0,
2016-04-01,Nandurbar,bajri,2016,April,1538,1409,1844,1647,Nandurbar,Maharashtra,bajri,2016,Kharif Crops,1330.0,1,not found,,317.0,
2015-08-01,Nandurbar,bajri,2015,August,553,1118,1365,1258,Nandurbar,Maharashtra,bajri,2015,Kharif Crops,1275.0,1,not found,,-17.0,
2016-08-01,Nandurbar,bajri,2016,August,131,1341,1643,1563,Nandurbar,Maharashtra,bajri,2016,Kharif Crops,1330.0,1,not found,,233.0,
2014-12-01,Nandurbar,bajri,2014,December,1113,1030,1534,1305,Nandurbar,Maharashtra,bajri,2014,Kharif Crops,1250.0,1,not found,,55.0,
2015-12-01,Nandurbar,bajri,2015,December,1171,1196,1639,1423,Nandurbar,Maharashtra,bajri,2015,Kharif Crops,1275.0,1,not found,,148.0,
2015-02-01,Nandurbar,bajri,2015,February,534,1026,1424,1253,Nandurbar,Maharashtra,bajri,2015,Kharif Crops,1275.0,1,not found,,-22.0,
2016-02-01,Nandurbar,bajri,2016,February,595,1184,1555,1412,Nandurbar,Maharashtra,bajri,2016,Kharif Crops,1330.0,1,not found,,82.0,
2015-01-01,Nandurbar,bajri,2015,January,734,1049,1497,1293,Nandurbar,Maharashtra,bajri,2015,Kharif Crops,1275.0,1,not found,,18.0,
2016-01-01,Nandurbar,bajri,2016,January,775,1131,1621,1391,Nandurbar,Maharashtra,bajri,2016,Kharif Crops,1330.0,1,not found,,61.0,
2015-07-01,Nandurbar,bajri,2015,July,374,1064,1226,1184,Nandurbar,Maharashtra,bajri,2015,Kharif Crops,1275.0,1,not found,,-91.0,
2016-07-01,Nandurbar,bajri,2016,July,33,1472,1713,1610,Nandurbar,Maharashtra,bajri,2016,Kharif Crops,1330.0,1,not found,,280.0,
2015-06-01,Nandurbar,bajri,2015,June,739,1006,1197,1135,Nandurbar,Maharashtra,bajri,2015,Kharif Crops,1275.0,1,not found,,-140.0,
2016-06-01,Nandurbar,bajri,2016,June,516,1482,1787,1667,Nandurbar,Maharashtra,bajri,2016,Kharif Crops,1330.0,1,not found,,337.0,
2015-03-01,Nandurbar,bajri,2015,March,328,1071,1301,1201,Nandurbar,Maharashtra,bajri,2015,Kharif Crops,1275.0,1,not found,,-74.0,
2016-03-01,Nandurbar,bajri,2016,March,461,1347,1700,1556,Nandurbar,Maharashtra,bajri,2016,Kharif Crops,1330.0,1,not found,,226.0,
2015-05-01,Nandurbar,bajri,2015,May,3551,1034,1244,1157,Nandurbar,Maharashtra,bajri,2015,Kharif Crops,1275.0,1,not found,,-118.0,
2016-05-01,Nandurbar,bajri,2016,May,1414,1383,1785,1623,Nandurbar,Maharashtra,bajri,2016,Kharif Crops,1330.0,1,not found,,293.0,
2014-11-01,Nandurbar,bajri,2014,November,1373,1009,1526,1294,Nandurbar,Maharashtra,bajri,2014,Kharif Crops,1250.0,1,not found,,44.0,
2015-11-01,Nandurbar,bajri,2015,November,959,1198,1560,1387,Nandurbar,Maharashtra,bajri,2015,Kharif Crops,1275.0,1,not found,,112.0,
2014-10-01,Nandurbar,bajri,2014,October,1007,1073,1505,1328,Nandurbar,Maharashtra,bajri,2014,Kharif Crops,1250.0,1,not found,,78.0,
2015-10-01,Nandurbar,bajri,2015,October,954,1093,1452,1265,Nandurbar,Maharashtra,bajri,2015,Kharif Crops,1275.0,1,not found,,-10.0,
2016-10-01,Nandurbar,bajri,2016,October,1378,1279,1676,1481,Nandurbar,Maharashtra,bajri,2016,Kharif Crops,1330.0,1,not found,,151.0,
2014-09-01,Nandurbar,bajri,2014,September,697,1125,1384,1275,Nandurbar,Maharashtra,bajri,2014,Kharif Crops,1250.0,1,not found,,25.0,
2015-09-01,Nandurbar,bajri,2015,September,639,1140,1485,1330,Nandurbar,Maharashtra,bajri,2015,Kharif Crops,1275.0,1,not found,,55.0,
2016-09-01,Nandurbar,bajri,2016,September,382,1446,1835,1678,Nandurbar,Maharashtra,bajri,2016,Kharif Crops,1330.0,1,not found,,348.0,
2016-11-01,Nandurbar,bajri,2016,November,1127,1287,1821,1578,Nandurbar,Maharashtra,bajri,2016,Kharif Crops,1330.0,1,not found,,248.0,
