date,APMC,Commodity,Year,Month,arrivals_in_qtl,min_price,max_price,modal_price,district_name,state_name,commodity,year,Type,msprice,msp_filter,seasonality,deseasonal,Peak seasonal price fluctuation %,Raw vs MSP diff,Desasonal vs MSP diff
2015-12-01,Jintur-Bori,bajri,2015,December,6,1400,1400,1400,Parbhani,Maharashtra,bajri,2015,Kharif Crops,1275.0,1,additive,,23.246753246753247,125.0,
2016-01-01,Jintur-Bori,bajri,2016,January,2,1361,1361,1361,Parbhani,Maharashtra,bajri,2016,Kharif Crops,1330.0,1,additive,1505.0,23.246753246753247,31.0,175.0
2016-06-01,Jintur-Bori,bajri,2016,June,1,1898,1898,1898,Parbhani,Maharashtra,bajri,2016,Kharif Crops,1330.0,1,additive,1664.5,23.246753246753247,568.0,334.5
2014-11-01,Jintur-Bori,bajri,2014,November,3,1501,1501,1501,Parbhani,Maharashtra,bajri,2014,Kharif Crops,1250.0,1,additive,,23.246753246753247,251.0,
