date,APMC,Commodity,Year,Month,arrivals_in_qtl,min_price,max_price,modal_price,district_name,state_name,commodity,year,Type,msprice,msp_filter,seasonality,deseasonal
2016-06-01,Chandur Bajar,black gram,2016,June,35,8000,11800,9482,Amaravathi,Maharashtra,,,,,,not found,
2014-11-01,Chandur Bajar,black gram,2014,November,42,2425,5075,2488,Amaravathi,Maharashtra,,,,,,not found,
2015-11-01,Chandur Bajar,black gram,2015,November,8,9050,11625,10850,Amaravathi,Maharashtra,,,,,,not found,
2015-10-01,Chandur Bajar,black gram,2015,October,96,8600,10922,9635,Amaravathi,Maharashtra,,,,,,not found,
2016-10-01,Chandur Bajar,black gram,2016,October,1071,3625,6549,5734,Amaravathi,Maharashtra,,,,,,not found,
2016-09-01,Chandur Bajar,black gram,2016,September,88,5633,6250,6073,Amaravathi,Maharashtra,,,,,,not found,
2016-11-01,Chandur Bajar,black gram,2016,November,114,2856,5353,4817,Amaravathi,Maharashtra,,,,,,not found,
