date,APMC,Commodity,Year,Month,arrivals_in_qtl,min_price,max_price,modal_price,district_name,state_name,commodity,year,Type,msprice,msp_filter,seasonality,deseasonal
2015-04-01,Mantha,black gram,2015,April,3,5150,5150,5150,Jalna,Maharashtra,,,,,,not found,
2014-12-01,Mantha,black gram,2014,December,6,4535,4635,4535,Jalna,Maharashtra,,,,,,not found,
2015-12-01,Mantha,black gram,2015,December,7,6933,7213,6933,Jalna,Maharashtra,,,,,,not found,
2016-01-01,Mantha,black gram,2016,January,8,5400,6367,5583,Jalna,Maharashtra,,,,,,not found,
2014-11-01,Mantha,black gram,2014,November,19,4450,4582,4483,Jalna,Maharashtra,,,,,,not found,
2014-10-01,Mantha,black gram,2014,October,53,4348,4456,4373,Jalna,Maharashtra,,,,,,not found,
2015-10-01,Mantha,black gram,2015,October,12,6600,8225,7850,Jalna,Maharashtra,,,,,,not found,
2016-10-01,Mantha,black gram,2016,October,121,5542,6098,5746,Jalna,Maharashtra,,,,,,not found,
2014-09-01,Mantha,black gram,2014,September,18,4502,4585,4502,Jalna,Maharashtra,,,,,,not found,
2016-09-01,Mantha,black gram,2016,September,143,6040,6605,6370,Jalna,Maharashtra,,,,,,not found,
2016-11-01,Mantha,black gram,2016,November,51,5475,5975,5600,Jalna,Maharashtra,,,,,,not found,
