date,APMC,Commodity,Year,Month,arrivals_in_qtl,min_price,max_price,modal_price,district_name,state_name,commodity,year,Type,msprice,msp_filter,seasonality,deseasonal,Peak seasonal price fluctuation %
2016-04-01,Ulhasnagar,banana,2016,April,2455,300,582,423,Thane,Maharashtra,,,,,,additive,,60.64707824364477
2016-08-01,Ulhasnagar,banana,2016,August,3505,386,800,582,Thane,Maharashtra,,,,,,additive,599.5,60.64707824364477
2015-12-01,Ulhasnagar,banana,2015,December,2174,625,1011,811,Thane,Maharashtra,,,,,,additive,659.75,60.64707824364477
2016-02-01,Ulhasnagar,banana,2016,February,1458,300,570,435,Thane,Maharashtra,,,,,,additive,532.75,60.64707824364477
2016-01-01,Ulhasnagar,banana,2016,January,2563,306,594,450,Thane,Maharashtra,,,,,,additive,478.25,60.64707824364477
2016-07-01,Ulhasnagar,banana,2016,July,4630,340,792,578,Thane,Maharashtra,,,,,,additive,535.25,60.64707824364477
2016-06-01,Ulhasnagar,banana,2016,June,5230,308,708,535,Thane,Maharashtra,,,,,,additive,517.5,60.64707824364477
2016-03-01,Ulhasnagar,banana,2016,March,3225,300,575,422,Thane,Maharashtra,,,,,,additive,455.25,60.64707824364477
2016-05-01,Ulhasnagar,banana,2016,May,5410,300,616,442,Thane,Maharashtra,,,,,,additive,431.5,60.64707824364477
2016-10-01,Ulhasnagar,banana,2016,October,2740,313,527,420,Thane,Maharashtra,,,,,,additive,460.5,60.64707824364477
2016-09-01,Ulhasnagar,banana,2016,September,2552,387,735,560,Thane,Maharashtra,,,,,,additive,485.0,60.64707824364477
2016-11-01,Ulhasnagar,banana,2016,November,1920,300,500,400,Thane,Maharashtra,,,,,,additive,,60.64707824364477
