date,APMC,Commodity,Year,Month,arrivals_in_qtl,min_price,max_price,modal_price,district_name,state_name,commodity,year,Type,msprice,msp_filter,seasonality,deseasonal,Raw vs MSP diff,Desasonal vs MSP diff
2015-04-01,Rahuri,bajri,2015,April,42,1380,1380,1380,Ahmadnagar,Maharashtra,bajri,2015,Kharif Crops,1275.0,1,not found,,105.0,
2014-12-01,Rahuri,bajri,2014,December,58,1325,1350,1340,Ahmadnagar,Maharashtra,bajri,2014,Kharif Crops,1250.0,1,not found,,90.0,
2015-02-01,Rahuri,bajri,2015,February,30,1380,1380,1380,Ahmadnagar,Maharashtra,bajri,2015,Kharif Crops,1275.0,1,not found,,105.0,
2015-01-01,Rahuri,bajri,2015,January,41,1442,1454,1448,Ahmadnagar,Maharashtra,bajri,2015,Kharif Crops,1275.0,1,not found,,173.0,
2015-03-01,Rahuri,bajri,2015,March,31,1350,1360,1355,Ahmadnagar,Maharashtra,bajri,2015,Kharif Crops,1275.0,1,not found,,80.0,
2015-05-01,Rahuri,bajri,2015,May,22,1310,1310,1310,Ahmadnagar,Maharashtra,bajri,2015,Kharif Crops,1275.0,1,not found,,35.0,
2014-11-01,Rahuri,bajri,2014,November,32,1336,1361,1349,Ahmadnagar,Maharashtra,bajri,2014,Kharif Crops,1250.0,1,not found,,99.0,
2014-10-01,Rahuri,bajri,2014,October,49,1352,1382,1367,Ahmadnagar,Maharashtra,bajri,2014,Kharif Crops,1250.0,1,not found,,117.0,
2014-09-01,Rahuri,bajri,2014,September,75,1351,1385,1369,Ahmadnagar,Maharashtra,bajri,2014,Kharif Crops,1250.0,1,not found,,119.0,
