date,APMC,Commodity,Year,Month,arrivals_in_qtl,min_price,max_price,modal_price,district_name,state_name,commodity,year,Type,msprice,msp_filter,seasonality,deseasonal
2014-12-01,Telhara,black gram,2014,December,90,4579,4742,4646,Akola,Maharashtra,,,,,,not found,
2015-12-01,Telhara,black gram,2015,December,65,7833,8767,8300,Akola,Maharashtra,,,,,,not found,
2015-02-01,Telhara,black gram,2015,February,95,4665,4907,4785,Akola,Maharashtra,,,,,,not found,
2015-01-01,Telhara,black gram,2015,January,215,4609,4672,4579,Akola,Maharashtra,,,,,,not found,
2014-11-01,Telhara,black gram,2014,November,55,4467,4650,4558,Akola,Maharashtra,,,,,,not found,
2015-11-01,Telhara,black gram,2015,November,20,7250,8350,7800,Akola,Maharashtra,,,,,,not found,
2014-10-01,Telhara,black gram,2014,October,575,4223,4397,4316,Akola,Maharashtra,,,,,,not found,
2015-10-01,Telhara,black gram,2015,October,250,8915,9465,9215,Akola,Maharashtra,,,,,,not found,
2016-10-01,Telhara,black gram,2016,October,1400,5134,6749,5908,Akola,Maharashtra,,,,,,not found,
2014-09-01,Telhara,black gram,2014,September,25,3788,4000,3895,Akola,Maharashtra,,,,,,not found,
2015-09-01,Telhara,black gram,2015,September,184,7569,8141,7850,Akola,Maharashtra,,,,,,not found,
2016-09-01,Telhara,black gram,2016,September,1550,6002,6809,6401,Akola,Maharashtra,,,,,,not found,
2016-11-01,Telhara,black gram,2016,November,850,4726,6430,5451,Akola,Maharashtra,,,,,,not found,
