date,APMC,Commodity,Year,Month,arrivals_in_qtl,min_price,max_price,modal_price,district_name,state_name,commodity,year,Type,msprice,msp_filter,seasonality,deseasonal,Peak seasonal price fluctuation %,Raw vs MSP diff,Desasonal vs MSP diff
2014-12-01,Ambejogai,bajri,2014,December,17,1496,1496,1496,Beed,Maharashtra,bajri,2014,Kharif Crops,1250.0,1,additive,,13.666334614107486,246.0,
2015-12-01,Ambejogai,bajri,2015,December,9,1642,1642,1642,Beed,Maharashtra,bajri,2015,Kharif Crops,1275.0,1,additive,1570.0,13.666334614107486,367.0,295.0
2016-02-01,Ambejogai,bajri,2016,February,2,1500,1500,1500,Beed,Maharashtra,bajri,2016,Kharif Crops,1330.0,1,additive,1564.25,13.666334614107486,170.0,234.25
2015-01-01,Ambejogai,bajri,2015,January,13,1586,1645,1615,Beed,Maharashtra,bajri,2015,Kharif Crops,1275.0,1,additive,1575.5,13.666334614107486,340.0,300.5
2016-01-01,Ambejogai,bajri,2016,January,3,1572,1572,1572,Beed,Maharashtra,bajri,2016,Kharif Crops,1330.0,1,additive,1559.75,13.666334614107486,242.0,229.75
2015-06-01,Ambejogai,bajri,2015,June,3,1480,1480,1480,Beed,Maharashtra,bajri,2015,Kharif Crops,1275.0,1,additive,1508.0,13.666334614107486,205.0,233.0
2015-03-01,Ambejogai,bajri,2015,March,3,1500,1500,1500,Beed,Maharashtra,bajri,2015,Kharif Crops,1275.0,1,additive,1513.75,13.666334614107486,225.0,238.75
2014-11-01,Ambejogai,bajri,2014,November,37,1538,1616,1575,Beed,Maharashtra,bajri,2014,Kharif Crops,1250.0,1,additive,1538.75,13.666334614107486,325.0,288.75
2015-11-01,Ambejogai,bajri,2015,November,13,1505,1505,1505,Beed,Maharashtra,bajri,2015,Kharif Crops,1275.0,1,additive,1532.75,13.666334614107486,230.0,257.75
2014-10-01,Ambejogai,bajri,2014,October,10,1506,1596,1546,Beed,Maharashtra,bajri,2014,Kharif Crops,1250.0,1,additive,1486.75,13.666334614107486,296.0,236.75
2015-10-01,Ambejogai,bajri,2015,October,4,1350,1350,1350,Beed,Maharashtra,bajri,2015,Kharif Crops,1275.0,1,additive,1386.5,13.666334614107486,75.0,111.5
2014-09-01,Ambejogai,bajri,2014,September,2,1300,1300,1300,Beed,Maharashtra,bajri,2014,Kharif Crops,1250.0,1,additive,1362.5,13.666334614107486,50.0,112.5
2015-09-01,Ambejogai,bajri,2015,September,2,1500,1500,1500,Beed,Maharashtra,bajri,2015,Kharif Crops,1275.0,1,additive,1450.0,13.666334614107486,225.0,175.0
2016-11-01,Ambejogai,bajri,2016,November,2,1390,1651,1500,Beed,Maharashtra,bajri,2016,Kharif Crops,1330.0,1,additive,,13.666334614107486,170.0,
