date,APMC,Commodity,Year,Month,arrivals_in_qtl,min_price,max_price,modal_price,district_name,state_name,commodity,year,Type,msprice,msp_filter,seasonality,deseasonal,Raw vs MSP diff,Desasonal vs MSP diff
2015-04-01,Pune,bajri,2015,April,146,1819,2069,1944,Pune,Maharashtra,bajri,2015,Kharif Crops,1275.0,1,not found,,669.0,
2016-04-01,Pune,bajri,2016,April,576,2155,2282,2251,Pune,Maharashtra,bajri,2016,Kharif Crops,1330.0,1,not found,,921.0,
2015-08-01,Pune,bajri,2015,August,181,1871,2054,1996,Pune,Maharashtra,bajri,2015,Kharif Crops,1275.0,1,not found,,721.0,
2016-08-01,Pune,bajri,2016,August,803,2108,2410,2299,Pune,Maharashtra,bajri,2016,Kharif Crops,1330.0,1,not found,,969.0,
2014-12-01,Pune,bajri,2014,December,1398,1703,2121,1912,Pune,Maharashtra,bajri,2014,Kharif Crops,1250.0,1,not found,,662.0,
2015-12-01,Pune,bajri,2015,December,1261,1942,2188,2120,Pune,Maharashtra,bajri,2015,Kharif Crops,1275.0,1,not found,,845.0,
2015-02-01,Pune,bajri,2015,February,341,1768,2014,1891,Pune,Maharashtra,bajri,2015,Kharif Crops,1275.0,1,not found,,616.0,
2016-02-01,Pune,bajri,2016,February,1742,1879,2111,2044,Pune,Maharashtra,bajri,2016,Kharif Crops,1330.0,1,not found,,714.0,
2015-01-01,Pune,bajri,2015,January,1255,1668,2009,1839,Pune,Maharashtra,bajri,2015,Kharif Crops,1275.0,1,not found,,564.0,
2016-01-01,Pune,bajri,2016,January,1129,1760,2070,1988,Pune,Maharashtra,bajri,2016,Kharif Crops,1330.0,1,not found,,658.0,
2015-07-01,Pune,bajri,2015,July,521,1688,1935,1865,Pune,Maharashtra,bajri,2015,Kharif Crops,1275.0,1,not found,,590.0,
2016-07-01,Pune,bajri,2016,July,1473,2156,2351,2297,Pune,Maharashtra,bajri,2016,Kharif Crops,1330.0,1,not found,,967.0,
2015-06-01,Pune,bajri,2015,June,114,1628,1887,1767,Pune,Maharashtra,bajri,2015,Kharif Crops,1275.0,1,not found,,492.0,
2016-06-01,Pune,bajri,2016,June,4031,2098,2286,2229,Pune,Maharashtra,bajri,2016,Kharif Crops,1330.0,1,not found,,899.0,
2015-03-01,Pune,bajri,2015,March,135,1720,1975,1848,Pune,Maharashtra,bajri,2015,Kharif Crops,1275.0,1,not found,,573.0,
2016-03-01,Pune,bajri,2016,March,1711,1986,2193,2137,Pune,Maharashtra,bajri,2016,Kharif Crops,1330.0,1,not found,,807.0,
2015-05-01,Pune,bajri,2015,May,70,1657,1904,1781,Pune,Maharashtra,bajri,2015,Kharif Crops,1275.0,1,not found,,506.0,
2016-05-01,Pune,bajri,2016,May,3292,2143,2286,2251,Pune,Maharashtra,bajri,2016,Kharif Crops,1330.0,1,not found,,921.0,
2014-11-01,Pune,bajri,2014,November,413,1727,2062,1894,Pune,Maharashtra,bajri,2014,Kharif Crops,1250.0,1,not found,,644.0,
2015-11-01,Pune,bajri,2015,November,523,1860,2024,1967,Pune,Maharashtra,bajri,2015,Kharif Crops,1275.0,1,not found,,692.0,
2014-10-01,Pune,bajri,2014,October,1095,2142,3196,2669,Pune,Maharashtra,bajri,2014,Kharif Crops,1250.0,1,not found,,1419.0,
2015-10-01,Pune,bajri,2015,October,642,1758,1942,1885,Pune,Maharashtra,bajri,2015,Kharif Crops,1275.0,1,not found,,610.0,
2016-10-01,Pune,bajri,2016,October,882,2024,2258,2176,Pune,Maharashtra,bajri,2016,Kharif Crops,1330.0,1,not found,,846.0,
2014-09-01,Pune,bajri,2014,September,501,1815,2053,1932,Pune,Maharashtra,bajri,2014,Kharif Crops,1250.0,1,not found,,682.0,
2015-09-01,Pune,bajri,2015,September,183,1773,1982,1920,Pune,Maharashtra,bajri,2015,Kharif Crops,1275.0,1,not found,,645.0,
2016-09-01,Pune,bajri,2016,September,382,2120,2393,2293,Pune,Maharashtra,bajri,2016,Kharif Crops,1330.0,1,not found,,963.0,
2016-11-01,Pune,bajri,2016,November,3257,2126,2415,2313,Pune,Maharashtra,bajri,2016,Kharif Crops,1330.0,1,not found,,983.0,
