date,APMC,Commodity,Year,Month,arrivals_in_qtl,min_price,max_price,modal_price,district_name,state_name,commodity,year,Type,msprice,msp_filter,seasonality,deseasonal,Peak seasonal price fluctuation %,Raw vs MSP diff,Desasonal vs MSP diff
2015-04-01,Nira,bajri,2015,April,808,1475,1950,1713,Pune,Maharashtra,bajri,2015,Kharif Crops,1275.0,1,additive,,6.016582807738644,438.0,
2015-02-01,Nira,bajri,2015,February,145,1500,2000,1750,Pune,Maharashtra,bajri,2015,Kharif Crops,1275.0,1,additive,1770.75,6.016582807738644,475.0,495.75
2015-01-01,Nira,bajri,2015,January,95,1500,2100,1870,Pune,Maharashtra,bajri,2015,Kharif Crops,1275.0,1,additive,1806.0,6.016582807738644,595.0,531.0
2015-07-01,Nira,bajri,2015,July,170,1525,1963,1734,Pune,Maharashtra,bajri,2015,Kharif Crops,1275.0,1,additive,1781.5,6.016582807738644,459.0,506.5
2015-06-01,Nira,bajri,2015,June,170,1525,2051,1788,Pune,Maharashtra,bajri,2015,Kharif Crops,1275.0,1,additive,1777.5,6.016582807738644,513.0,502.5
2015-05-01,Nira,bajri,2015,May,335,1500,2100,1800,Pune,Maharashtra,bajri,2015,Kharif Crops,1275.0,1,additive,1784.5,6.016582807738644,525.0,509.5
2015-10-01,Nira,bajri,2015,October,485,1500,2000,1750,Pune,Maharashtra,bajri,2015,Kharif Crops,1275.0,1,additive,1751.5,6.016582807738644,475.0,476.5
2015-09-01,Nira,bajri,2015,September,97,1550,1863,1706,Pune,Maharashtra,bajri,2015,Kharif Crops,1275.0,1,additive,,6.016582807738644,431.0,
