date,APMC,Commodity,Year,Month,arrivals_in_qtl,min_price,max_price,modal_price,district_name,state_name,commodity,year,Type,msprice,msp_filter,seasonality,deseasonal
2015-04-01,Mangrulpeer,black gram,2015,April,1,6400,6400,6400,Wasim,Maharashtra,,,,,,not found,
2015-08-01,Mangrulpeer,black gram,2015,August,5,5317,5717,5717,Wasim,Maharashtra,,,,,,not found,
2014-12-01,Mangrulpeer,black gram,2014,December,37,4579,4898,4832,Wasim,Maharashtra,,,,,,not found,
2015-12-01,Mangrulpeer,black gram,2015,December,40,8571,10640,10300,Wasim,Maharashtra,,,,,,not found,
2015-02-01,Mangrulpeer,black gram,2015,February,12,5300,5475,5400,Wasim,Maharashtra,,,,,,not found,
2016-02-01,Mangrulpeer,black gram,2016,February,8,6763,6931,6863,Wasim,Maharashtra,,,,,,not found,
2015-01-01,Mangrulpeer,black gram,2015,January,19,5440,5540,5540,Wasim,Maharashtra,,,,,,not found,
2016-01-01,Mangrulpeer,black gram,2016,January,5,6000,9500,9500,Wasim,Maharashtra,,,,,,not found,
2015-07-01,Mangrulpeer,black gram,2015,July,1,6000,6000,6000,Wasim,Maharashtra,,,,,,not found,
2016-07-01,Mangrulpeer,black gram,2016,July,2,9000,9700,9700,Wasim,Maharashtra,,,,,,not found,
2015-06-01,Mangrulpeer,black gram,2015,June,33,6961,7649,7531,Wasim,Maharashtra,,,,,,not found,
2016-06-01,Mangrulpeer,black gram,2016,June,95,10249,13513,12797,Wasim,Maharashtra,,,,,,not found,
2015-03-01,Mangrulpeer,black gram,2015,March,4,5400,5533,5533,Wasim,Maharashtra,,,,,,not found,
2016-03-01,Mangrulpeer,black gram,2016,March,8,7000,7000,7000,Wasim,Maharashtra,,,,,,not found,
2015-05-01,Mangrulpeer,black gram,2015,May,4,6025,6025,6025,Wasim,Maharashtra,,,,,,not found,
2016-05-01,Mangrulpeer,black gram,2016,May,7,8100,9300,9300,Wasim,Maharashtra,,,,,,not found,
2014-11-01,Mangrulpeer,black gram,2014,November,115,4745,5071,4968,Wasim,Maharashtra,,,,,,not found,
2015-11-01,Mangrulpeer,black gram,2015,November,31,9151,10650,10350,Wasim,Maharashtra,,,,,,not found,
2014-10-01,Mangrulpeer,black gram,2014,October,259,4231,4569,4468,Wasim,Maharashtra,,,,,,not found,
2015-10-01,Mangrulpeer,black gram,2015,October,396,9182,11618,11221,Wasim,Maharashtra,,,,,,not found,
2016-10-01,Mangrulpeer,black gram,2016,October,7982,3219,7645,7353,Wasim,Maharashtra,,,,,,not found,
2014-09-01,Mangrulpeer,black gram,2014,September,4,3200,3200,3200,Wasim,Maharashtra,,,,,,not found,
2015-09-01,Mangrulpeer,black gram,2015,September,1325,7592,8913,8506,Wasim,Maharashtra,,,,,,not found,
2016-09-01,Mangrulpeer,black gram,2016,September,9265,5734,7091,6826,Wasim,Maharashtra,,,,,,not found,
2016-11-01,Mangrulpeer,black gram,2016,November,2668,2679,7234,6977,Wasim,Maharashtra,,,,,,not found,
