date,APMC,Commodity,Year,Month,arrivals_in_qtl,min_price,max_price,modal_price,district_name,state_name,commodity,year,Type,msprice,msp_filter,seasonality,deseasonal,Peak seasonal price fluctuation %,Raw vs MSP diff,Desasonal vs MSP diff
2016-08-01,Aurangabad,bajri,2016,August,98,1550,1750,1650,Aurangabad,Maharashtra,bajri,2016,Kharif Crops,1330.0,1,additive,,12.955673455416738,320.0,
2014-12-01,Aurangabad,bajri,2014,December,868,1307,1516,1411,Aurangabad,Maharashtra,bajri,2014,Kharif Crops,1250.0,1,additive,1468.0,12.955673455416738,161.0,218.0
2015-01-01,Aurangabad,bajri,2015,January,206,1250,1550,1400,Aurangabad,Maharashtra,bajri,2015,Kharif Crops,1275.0,1,additive,1398.25,12.955673455416738,125.0,123.25
2014-11-01,Aurangabad,bajri,2014,November,2116,1268,1537,1382,Aurangabad,Maharashtra,bajri,2014,Kharif Crops,1250.0,1,additive,,12.955673455416738,132.0,
