date,APMC,Commodity,Year,Month,arrivals_in_qtl,min_price,max_price,modal_price,district_name,state_name,commodity,year,Type,msprice,msp_filter,seasonality,deseasonal,Peak seasonal price fluctuation %
2016-08-01,Rahuri,bitter gourd,2016,August,40,633,3333,1983,Ahmadnagar,Maharashtra,,,,,,additive,,64.14371694327923
2015-12-01,Rahuri,bitter gourd,2015,December,11,2267,4300,3283,Ahmadnagar,Maharashtra,,,,,,additive,3262.25,64.14371694327923
2016-06-01,Rahuri,bitter gourd,2016,June,8,3500,5500,4500,Ahmadnagar,Maharashtra,,,,,,additive,3370.75,64.14371694327923
2016-11-01,Rahuri,bitter gourd,2016,November,45,450,1950,1200,Ahmadnagar,Maharashtra,,,,,,additive,,64.14371694327923
