date,APMC,Commodity,Year,Month,arrivals_in_qtl,min_price,max_price,modal_price,district_name,state_name,commodity,year,Type,msprice,msp_filter,seasonality,deseasonal,Peak seasonal price fluctuation %,Raw vs MSP diff,Desasonal vs MSP diff
2015-12-01,Ashti (Jalna),bajri,2015,December,65,1343,1407,1381,Jalna,Maharashtra,bajri,2015,Kharif Crops,1275.0,1,additive,,13.14837153196623,106.0,
2016-02-01,Ashti (Jalna),bajri,2016,February,1,1200,1200,1200,Jalna,Maharashtra,bajri,2016,Kharif Crops,1330.0,1,additive,1294.0,13.14837153196623,-130.0,-36.0
2016-01-01,Ashti (Jalna),bajri,2016,January,40,1356,1419,1395,Jalna,Maharashtra,bajri,2016,Kharif Crops,1330.0,1,additive,1367.75,13.14837153196623,65.0,37.75
2015-11-01,Ashti (Jalna),bajri,2015,November,500,1347,1530,1481,Jalna,Maharashtra,bajri,2015,Kharif Crops,1275.0,1,additive,1453.5,13.14837153196623,206.0,178.5
2015-10-01,Ashti (Jalna),bajri,2015,October,129,1376,1497,1457,Jalna,Maharashtra,bajri,2015,Kharif Crops,1275.0,1,additive,1442.75,13.14837153196623,182.0,167.75
2016-09-01,Ashti (Jalna),bajri,2016,September,15,1376,1378,1376,Jalna,Maharashtra,bajri,2016,Kharif Crops,1330.0,1,additive,,13.14837153196623,46.0,
