date,APMC,Commodity,Year,Month,arrivals_in_qtl,min_price,max_price,modal_price,district_name,state_name,commodity,year,Type,msprice,msp_filter,seasonality,deseasonal,Peak seasonal price fluctuation %,Raw vs MSP diff,Desasonal vs MSP diff
2014-12-01,Sailu,bajri,2014,December,10,1550,1585,1550,Parbhani,Maharashtra,bajri,2014,Kharif Crops,1250.0,1,additive,,17.76225691591345,300.0,
2016-02-01,Sailu,bajri,2016,February,2,1611,1611,1611,Parbhani,Maharashtra,bajri,2016,Kharif Crops,1330.0,1,additive,1566.0,17.76225691591345,281.0,236.0
2015-01-01,Sailu,bajri,2015,January,17,1490,1550,1492,Parbhani,Maharashtra,bajri,2015,Kharif Crops,1275.0,1,additive,1536.25,17.76225691591345,217.0,261.25
2016-01-01,Sailu,bajri,2016,January,20,1500,1550,1550,Parbhani,Maharashtra,bajri,2016,Kharif Crops,1330.0,1,additive,1451.25,17.76225691591345,220.0,121.25
2015-06-01,Sailu,bajri,2015,June,10,1213,1238,1213,Parbhani,Maharashtra,bajri,2015,Kharif Crops,1275.0,1,additive,1306.5,17.76225691591345,-62.0,31.5
2015-05-01,Sailu,bajri,2015,May,2,1250,1250,1250,Parbhani,Maharashtra,bajri,2015,Kharif Crops,1275.0,1,additive,1324.75,17.76225691591345,-25.0,49.75
2014-11-01,Sailu,bajri,2014,November,17,1586,1586,1586,Parbhani,Maharashtra,bajri,2014,Kharif Crops,1250.0,1,additive,1493.25,17.76225691591345,336.0,243.25
2015-11-01,Sailu,bajri,2015,November,17,1551,1551,1551,Parbhani,Maharashtra,bajri,2015,Kharif Crops,1275.0,1,additive,1572.0,17.76225691591345,276.0,297.0
2014-10-01,Sailu,bajri,2014,October,3,1600,1600,1600,Parbhani,Maharashtra,bajri,2014,Kharif Crops,1250.0,1,additive,1488.0,17.76225691591345,350.0,238.0
2016-10-01,Sailu,bajri,2016,October,11,1201,1201,1201,Parbhani,Maharashtra,bajri,2016,Kharif Crops,1330.0,1,additive,,17.76225691591345,-129.0,
