date,APMC,Commodity,Year,Month,arrivals_in_qtl,min_price,max_price,modal_price,district_name,state_name,commodity,year,Type,msprice,msp_filter,seasonality,deseasonal,Peak seasonal price fluctuation %
2015-04-01,Dudhani,black gram,2015,April,2,5500,5500,5500,Solapur,Maharashtra,,,,,,additive,,41.23624985289334
2016-04-01,Dudhani,black gram,2016,April,1,9000,9000,9000,Solapur,Maharashtra,,,,,,additive,8060.0,41.23624985289334
2015-08-01,Dudhani,black gram,2015,August,538,8666,8754,8740,Solapur,Maharashtra,,,,,,additive,8442.25,41.23624985289334
2016-08-01,Dudhani,black gram,2016,August,7855,6299,7544,7289,Solapur,Maharashtra,,,,,,additive,7090.5,41.23624985289334
2014-12-01,Dudhani,black gram,2014,December,33,4783,5160,5044,Solapur,Maharashtra,,,,,,additive,6794.25,41.23624985289334
2015-12-01,Dudhani,black gram,2015,December,3,9800,9800,9800,Solapur,Maharashtra,,,,,,additive,7377.75,41.23624985289334
2015-02-01,Dudhani,black gram,2015,February,3,4867,4867,4867,Solapur,Maharashtra,,,,,,additive,6021.0,41.23624985289334
2015-01-01,Dudhani,black gram,2015,January,4,4550,4550,4550,Solapur,Maharashtra,,,,,,additive,5241.75,41.23624985289334
2015-06-01,Dudhani,black gram,2015,June,3,6100,7000,7000,Solapur,Maharashtra,,,,,,additive,6812.5,41.23624985289334
2016-06-01,Dudhani,black gram,2016,June,1,8700,8700,8700,Solapur,Maharashtra,,,,,,additive,7725.0,41.23624985289334
2015-05-01,Dudhani,black gram,2015,May,4,6500,6500,6500,Solapur,Maharashtra,,,,,,additive,6759.25,41.23624985289334
2014-11-01,Dudhani,black gram,2014,November,1024,4418,5594,5337,Solapur,Maharashtra,,,,,,additive,6807.75,41.23624985289334
2015-11-01,Dudhani,black gram,2015,November,17,9782,10057,10057,Solapur,Maharashtra,,,,,,additive,7617.25,41.23624985289334
2014-10-01,Dudhani,black gram,2014,October,9647,3013,5223,5018,Solapur,Maharashtra,,,,,,additive,7573.5,41.23624985289334
2015-10-01,Dudhani,black gram,2015,October,40,10126,10462,10201,Solapur,Maharashtra,,,,,,additive,8264.75,41.23624985289334
2016-10-01,Dudhani,black gram,2016,October,9860,5635,7849,7639,Solapur,Maharashtra,,,,,,additive,7697.75,41.23624985289334
2014-09-01,Dudhani,black gram,2014,September,3677,3641,6662,5312,Solapur,Maharashtra,,,,,,additive,6843.25,41.23624985289334
2015-09-01,Dudhani,black gram,2015,September,537,8496,9314,9110,Solapur,Maharashtra,,,,,,additive,7705.5,41.23624985289334
2016-09-01,Dudhani,black gram,2016,September,29754,6266,7460,7290,Solapur,Maharashtra,,,,,,additive,7797.25,41.23624985289334
2016-11-01,Dudhani,black gram,2016,November,2456,5839,7849,7499,Solapur,Maharashtra,,,,,,additive,,41.23624985289334
