date,APMC,Commodity,Year,Month,arrivals_in_qtl,min_price,max_price,modal_price,district_name,state_name,commodity,year,Type,msprice,msp_filter,seasonality,deseasonal,Peak seasonal price fluctuation %
2015-04-01,Pune-Manjri,bottle gourd,2015,April,635,586,1338,967,Pune,Maharashtra,,,,,,additive,,64.40872560275545
2016-04-01,Pune-Manjri,bottle gourd,2016,April,500,1215,1869,1554,Pune,Maharashtra,,,,,,additive,1337.0,64.40872560275545
2015-08-01,Pune-Manjri,bottle gourd,2015,August,582,715,1560,1273,Pune,Maharashtra,,,,,,additive,1254.25,64.40872560275545
2016-08-01,Pune-Manjri,bottle gourd,2016,August,758,730,1170,917,Pune,Maharashtra,,,,,,additive,1105.5,64.40872560275545
2014-12-01,Pune-Manjri,bottle gourd,2014,December,500,900,1835,1315,Pune,Maharashtra,,,,,,additive,1423.75,64.40872560275545
2015-12-01,Pune-Manjri,bottle gourd,2015,December,544,1208,2775,2148,Pune,Maharashtra,,,,,,additive,1635.25,64.40872560275545
2015-02-01,Pune-Manjri,bottle gourd,2015,February,591,591,1759,930,Pune,Maharashtra,,,,,,additive,1327.0,64.40872560275545
2016-02-01,Pune-Manjri,bottle gourd,2016,February,44,800,1750,1300,Pune,Maharashtra,,,,,,additive,1156.0,64.40872560275545
2015-01-01,Pune-Manjri,bottle gourd,2015,January,403,639,1550,1094,Pune,Maharashtra,,,,,,additive,1112.0,64.40872560275545
2015-07-01,Pune-Manjri,bottle gourd,2015,July,416,583,1175,960,Pune,Maharashtra,,,,,,additive,1100.75,64.40872560275545
2016-07-01,Pune-Manjri,bottle gourd,2016,July,923,1021,1886,1389,Pune,Maharashtra,,,,,,additive,1249.75,64.40872560275545
2015-06-01,Pune-Manjri,bottle gourd,2015,June,388,829,1664,1261,Pune,Maharashtra,,,,,,additive,1376.0,64.40872560275545
2016-06-01,Pune-Manjri,bottle gourd,2016,June,1087,1017,2240,1593,Pune,Maharashtra,,,,,,additive,1441.0,64.40872560275545
2015-03-01,Pune-Manjri,bottle gourd,2015,March,602,870,1822,1317,Pune,Maharashtra,,,,,,additive,1406.75,64.40872560275545
2016-03-01,Pune-Manjri,bottle gourd,2016,March,45,1000,2000,1400,Pune,Maharashtra,,,,,,additive,1318.75,64.40872560275545
2015-05-01,Pune-Manjri,bottle gourd,2015,May,566,705,1610,1158,Pune,Maharashtra,,,,,,additive,1344.75,64.40872560275545
2016-05-01,Pune-Manjri,bottle gourd,2016,May,893,1021,2121,1663,Pune,Maharashtra,,,,,,additive,1520.0,64.40872560275545
2014-11-01,Pune-Manjri,bottle gourd,2014,November,443,1121,2071,1596,Pune,Maharashtra,,,,,,additive,1595.25,64.40872560275545
2015-11-01,Pune-Manjri,bottle gourd,2015,November,558,813,1970,1526,Pune,Maharashtra,,,,,,additive,1434.25,64.40872560275545
2014-10-01,Pune-Manjri,bottle gourd,2014,October,590,756,1422,1089,Pune,Maharashtra,,,,,,additive,1392.5,64.40872560275545
2015-10-01,Pune-Manjri,bottle gourd,2015,October,661,1092,2392,1866,Pune,Maharashtra,,,,,,additive,1477.0,64.40872560275545
2016-10-01,Pune-Manjri,bottle gourd,2016,October,681,852,1723,1087,Pune,Maharashtra,,,,,,additive,1386.25,64.40872560275545
2014-09-01,Pune-Manjri,bottle gourd,2014,September,783,884,2126,1505,Pune,Maharashtra,,,,,,additive,1321.5,64.40872560275545
2015-09-01,Pune-Manjri,bottle gourd,2015,September,432,795,1453,1189,Pune,Maharashtra,,,,,,additive,1206.5,64.40872560275545
2016-09-01,Pune-Manjri,bottle gourd,2016,September,547,771,1254,943,Pune,Maharashtra,,,,,,additive,1001.0,64.40872560275545
2016-11-01,Pune-Manjri,bottle gourd,2016,November,587,683,1303,929,Pune,Maharashtra,,,,,,additive,,64.40872560275545
