date,APMC,Commodity,Year,Month,arrivals_in_qtl,min_price,max_price,modal_price,district_name,state_name,commodity,year,Type,msprice,msp_filter,seasonality,deseasonal,Peak seasonal price fluctuation %
2016-04-01,Sangli-Phale Bhajipalam,apple,2016,April,706,7500,13125,10312,Sangli,Maharashtra,,,,,,additive,,43.773388207286615
2015-08-01,Sangli-Phale Bhajipalam,apple,2015,August,6321,3655,12489,8137,Sangli,Maharashtra,,,,,,additive,9202.75,43.773388207286615
2016-08-01,Sangli-Phale Bhajipalam,apple,2016,August,6897,5109,15788,10225,Sangli,Maharashtra,,,,,,additive,8276.0,43.773388207286615
2015-12-01,Sangli-Phale Bhajipalam,apple,2015,December,3277,3063,6438,4517,Sangli,Maharashtra,,,,,,additive,6464.0,43.773388207286615
2016-02-01,Sangli-Phale Bhajipalam,apple,2016,February,2941,4219,13193,6597,Sangli,Maharashtra,,,,,,additive,5688.5,43.773388207286615
2016-01-01,Sangli-Phale Bhajipalam,apple,2016,January,4680,4208,8589,5043,Sangli,Maharashtra,,,,,,additive,6962.75,43.773388207286615
2016-07-01,Sangli-Phale Bhajipalam,apple,2016,July,639,6250,16082,11168,Sangli,Maharashtra,,,,,,additive,9475.5,43.773388207286615
2016-06-01,Sangli-Phale Bhajipalam,apple,2016,June,722,6347,15868,10523,Sangli,Maharashtra,,,,,,additive,10209.75,43.773388207286615
2016-03-01,Sangli-Phale Bhajipalam,apple,2016,March,1371,4747,12500,8625,Sangli,Maharashtra,,,,,,additive,9707.5,43.773388207286615
2016-05-01,Sangli-Phale Bhajipalam,apple,2016,May,695,6353,15932,11057,Sangli,Maharashtra,,,,,,additive,9547.25,43.773388207286615
2015-11-01,Sangli-Phale Bhajipalam,apple,2015,November,1026,4375,8750,7450,Sangli,Maharashtra,,,,,,additive,8232.5,43.773388207286615
2015-10-01,Sangli-Phale Bhajipalam,apple,2015,October,10608,4349,9089,6973,Sangli,Maharashtra,,,,,,additive,6884.0,43.773388207286615
2016-10-01,Sangli-Phale Bhajipalam,apple,2016,October,9723,5019,11151,6140,Sangli,Maharashtra,,,,,,additive,6586.75,43.773388207286615
2015-09-01,Sangli-Phale Bhajipalam,apple,2015,September,5824,4375,9375,7094,Sangli,Maharashtra,,,,,,additive,7430.25,43.773388207286615
2016-09-01,Sangli-Phale Bhajipalam,apple,2016,September,8507,5156,13719,9393,Sangli,Maharashtra,,,,,,additive,7790.75,43.773388207286615
2016-11-01,Sangli-Phale Bhajipalam,apple,2016,November,3228,4375,8889,5283,Sangli,Maharashtra,,,,,,additive,,43.773388207286615
