date,APMC,Commodity,Year,Month,arrivals_in_qtl,min_price,max_price,modal_price,district_name,state_name,commodity,year,Type,msprice,msp_filter,seasonality,deseasonal,Peak seasonal price fluctuation %,Raw vs MSP diff,Desasonal vs MSP diff
2016-04-01,Satana,bajri,2016,April,235,1669,2023,1894,Nasik,Maharashtra,bajri,2016,Kharif Crops,1330.0,1,additive,,21.410485354087257,564.0,
2015-08-01,Satana,bajri,2015,August,158,1344,1521,1442,Nasik,Maharashtra,bajri,2015,Kharif Crops,1275.0,1,additive,1649.0,21.410485354087257,167.0,374.0
2016-08-01,Satana,bajri,2016,August,418,1517,1986,1818,Nasik,Maharashtra,bajri,2016,Kharif Crops,1330.0,1,additive,1630.75,21.410485354087257,488.0,300.75
2014-12-01,Satana,bajri,2014,December,616,1138,1603,1445,Nasik,Maharashtra,bajri,2014,Kharif Crops,1250.0,1,additive,1567.5,21.410485354087257,195.0,317.5
2015-12-01,Satana,bajri,2015,December,426,1403,1751,1562,Nasik,Maharashtra,bajri,2015,Kharif Crops,1275.0,1,additive,1477.5,21.410485354087257,287.0,202.5
2015-02-01,Satana,bajri,2015,February,84,1166,1483,1341,Nasik,Maharashtra,bajri,2015,Kharif Crops,1275.0,1,additive,1458.75,21.410485354087257,66.0,183.75
2016-02-01,Satana,bajri,2016,February,436,1434,1766,1591,Nasik,Maharashtra,bajri,2016,Kharif Crops,1330.0,1,additive,1528.25,21.410485354087257,261.0,198.25
2016-01-01,Satana,bajri,2016,January,276,1394,1736,1590,Nasik,Maharashtra,bajri,2016,Kharif Crops,1330.0,1,additive,1537.5,21.410485354087257,260.0,207.5
2015-07-01,Satana,bajri,2015,July,367,1304,1479,1379,Nasik,Maharashtra,bajri,2015,Kharif Crops,1275.0,1,additive,1558.75,21.410485354087257,104.0,283.75
2016-07-01,Satana,bajri,2016,July,34,1653,2004,1887,Nasik,Maharashtra,bajri,2016,Kharif Crops,1330.0,1,additive,1628.25,21.410485354087257,557.0,298.25
2015-06-01,Satana,bajri,2015,June,543,1162,1484,1360,Nasik,Maharashtra,bajri,2015,Kharif Crops,1275.0,1,additive,1609.75,21.410485354087257,85.0,334.75
2016-06-01,Satana,bajri,2016,June,300,1520,2082,1832,Nasik,Maharashtra,bajri,2016,Kharif Crops,1330.0,1,additive,1594.75,21.410485354087257,502.0,264.75
2015-03-01,Satana,bajri,2015,March,75,1200,1478,1355,Nasik,Maharashtra,bajri,2015,Kharif Crops,1275.0,1,additive,1558.5,21.410485354087257,80.0,283.5
2016-03-01,Satana,bajri,2016,March,303,1463,1839,1692,Nasik,Maharashtra,bajri,2016,Kharif Crops,1330.0,1,additive,1659.25,21.410485354087257,362.0,329.25
2016-05-01,Satana,bajri,2016,May,330,1563,2065,1898,Nasik,Maharashtra,bajri,2016,Kharif Crops,1330.0,1,additive,1748.75,21.410485354087257,568.0,418.75
2014-11-01,Satana,bajri,2014,November,847,1147,1653,1507,Nasik,Maharashtra,bajri,2014,Kharif Crops,1250.0,1,additive,1612.75,21.410485354087257,257.0,362.75
2015-11-01,Satana,bajri,2015,November,280,1371,1764,1539,Nasik,Maharashtra,bajri,2015,Kharif Crops,1275.0,1,additive,1499.75,21.410485354087257,264.0,224.75
2014-10-01,Satana,bajri,2014,October,1793,1099,1555,1414,Nasik,Maharashtra,bajri,2014,Kharif Crops,1250.0,1,additive,1443.75,21.410485354087257,164.0,193.75
2015-10-01,Satana,bajri,2015,October,333,1265,1558,1408,Nasik,Maharashtra,bajri,2015,Kharif Crops,1275.0,1,additive,1421.25,21.410485354087257,133.0,146.25
2016-10-01,Satana,bajri,2016,October,1494,1218,1627,1455,Nasik,Maharashtra,bajri,2016,Kharif Crops,1330.0,1,additive,1434.75,21.410485354087257,125.0,104.75
2014-09-01,Satana,bajri,2014,September,723,1274,1515,1421,Nasik,Maharashtra,bajri,2014,Kharif Crops,1250.0,1,additive,1444.0,21.410485354087257,171.0,194.0
2015-09-01,Satana,bajri,2015,September,121,1396,1565,1479,Nasik,Maharashtra,bajri,2015,Kharif Crops,1275.0,1,additive,1503.25,21.410485354087257,204.0,228.25
2016-09-01,Satana,bajri,2016,September,474,1393,1810,1634,Nasik,Maharashtra,bajri,2016,Kharif Crops,1330.0,1,additive,1580.75,21.410485354087257,304.0,250.75
2016-11-01,Satana,bajri,2016,November,562,1336,1788,1576,Nasik,Maharashtra,bajri,2016,Kharif Crops,1330.0,1,additive,,21.410485354087257,246.0,
