date,APMC,Commodity,Year,Month,arrivals_in_qtl,min_price,max_price,modal_price,district_name,state_name,commodity,year,Type,msprice,msp_filter,seasonality,deseasonal,Peak seasonal price fluctuation %,Raw vs MSP diff,Desasonal vs MSP diff
2015-04-01,Raver,bajri,2015,April,14,1726,1726,1726,Jalgaon,Maharashtra,bajri,2015,Kharif Crops,1275.0,1,additive,,35.34060479393901,451.0,
2016-04-01,Raver,bajri,2016,April,101,1554,1554,1554,Jalgaon,Maharashtra,bajri,2016,Kharif Crops,1330.0,1,additive,1519.25,35.34060479393901,224.0,189.25
2015-08-01,Raver,bajri,2015,August,10,1243,1243,1243,Jalgaon,Maharashtra,bajri,2015,Kharif Crops,1275.0,1,additive,1379.25,35.34060479393901,-32.0,104.25
2014-12-01,Raver,bajri,2014,December,18,1262,1477,1477,Jalgaon,Maharashtra,bajri,2014,Kharif Crops,1250.0,1,additive,1347.75,35.34060479393901,227.0,97.75
2015-12-01,Raver,bajri,2015,December,17,1176,1194,1194,Jalgaon,Maharashtra,bajri,2015,Kharif Crops,1275.0,1,additive,1372.75,35.34060479393901,-81.0,97.75
2016-02-01,Raver,bajri,2016,February,5,1626,1626,1626,Jalgaon,Maharashtra,bajri,2016,Kharif Crops,1330.0,1,additive,1511.5,35.34060479393901,296.0,181.5
2015-01-01,Raver,bajri,2015,January,1,1600,1600,1600,Jalgaon,Maharashtra,bajri,2015,Kharif Crops,1275.0,1,additive,1551.0,35.34060479393901,325.0,276.0
2016-01-01,Raver,bajri,2016,January,2,1378,1378,1378,Jalgaon,Maharashtra,bajri,2016,Kharif Crops,1330.0,1,additive,1397.25,35.34060479393901,48.0,67.25
2015-07-01,Raver,bajri,2015,July,22,1204,1236,1233,Jalgaon,Maharashtra,bajri,2015,Kharif Crops,1275.0,1,additive,1384.75,35.34060479393901,-42.0,109.75
2016-07-01,Raver,bajri,2016,July,4,1695,1695,1695,Jalgaon,Maharashtra,bajri,2016,Kharif Crops,1330.0,1,additive,1563.75,35.34060479393901,365.0,233.75
2016-06-01,Raver,bajri,2016,June,19,1610,1632,1632,Jalgaon,Maharashtra,bajri,2016,Kharif Crops,1330.0,1,additive,1550.0,35.34060479393901,302.0,220.0
2015-03-01,Raver,bajri,2015,March,11,1191,1241,1241,Jalgaon,Maharashtra,bajri,2015,Kharif Crops,1275.0,1,additive,1414.75,35.34060479393901,-34.0,139.75
2016-03-01,Raver,bajri,2016,March,23,1518,1545,1545,Jalgaon,Maharashtra,bajri,2016,Kharif Crops,1330.0,1,additive,1384.0,35.34060479393901,215.0,54.0
2015-05-01,Raver,bajri,2015,May,54,1185,1223,1205,Jalgaon,Maharashtra,bajri,2015,Kharif Crops,1275.0,1,additive,1356.75,35.34060479393901,-70.0,81.75
2016-05-01,Raver,bajri,2016,May,56,1248,1501,1472,Jalgaon,Maharashtra,bajri,2016,Kharif Crops,1330.0,1,additive,1346.75,35.34060479393901,142.0,16.75
2014-11-01,Raver,bajri,2014,November,3,1238,1238,1238,Jalgaon,Maharashtra,bajri,2014,Kharif Crops,1250.0,1,additive,1316.5,35.34060479393901,-12.0,66.5
2015-11-01,Raver,bajri,2015,November,11,1318,1318,1318,Jalgaon,Maharashtra,bajri,2015,Kharif Crops,1275.0,1,additive,1293.5,35.34060479393901,43.0,18.5
2015-10-01,Raver,bajri,2015,October,2,1300,1300,1300,Jalgaon,Maharashtra,bajri,2015,Kharif Crops,1275.0,1,additive,1297.0,35.34060479393901,25.0,22.0
2016-10-01,Raver,bajri,2016,October,10,1270,1270,1270,Jalgaon,Maharashtra,bajri,2016,Kharif Crops,1330.0,1,additive,1353.75,35.34060479393901,-60.0,23.75
2014-09-01,Raver,bajri,2014,September,1,1575,1575,1575,Jalgaon,Maharashtra,bajri,2014,Kharif Crops,1250.0,1,additive,1405.0,35.34060479393901,325.0,155.0
2015-09-01,Raver,bajri,2015,September,4,1200,1200,1200,Jalgaon,Maharashtra,bajri,2015,Kharif Crops,1275.0,1,additive,1218.75,35.34060479393901,-75.0,-56.25
2016-11-01,Raver,bajri,2016,November,1,900,900,900,Jalgaon,Maharashtra,bajri,2016,Kharif Crops,1330.0,1,additive,,35.34060479393901,-430.0,
