date,APMC,Commodity,Year,Month,arrivals_in_qtl,min_price,max_price,modal_price,district_name,state_name,commodity,year,Type,msprice,msp_filter,seasonality,deseasonal,Raw vs MSP diff,Desasonal vs MSP diff
2015-04-01,Chopda,bajri,2015,April,3643,1091,1244,1212,Jalgaon,Maharashtra,bajri,2015,Kharif Crops,1275.0,1,not found,,-63.0,
2016-04-01,Chopda,bajri,2016,April,3210,1634,1783,1746,Jalgaon,Maharashtra,bajri,2016,Kharif Crops,1330.0,1,not found,,416.0,
2015-08-01,Chopda,bajri,2015,August,552,1275,1313,1307,Jalgaon,Maharashtra,bajri,2015,Kharif Crops,1275.0,1,not found,,32.0,
2016-08-01,Chopda,bajri,2016,August,172,1697,1781,1771,Jalgaon,Maharashtra,bajri,2016,Kharif Crops,1330.0,1,not found,,441.0,
2014-12-01,Chopda,bajri,2014,December,158,1156,1236,1232,Jalgaon,Maharashtra,bajri,2014,Kharif Crops,1250.0,1,not found,,-18.0,
2015-12-01,Chopda,bajri,2015,December,73,1412,1508,1507,Jalgaon,Maharashtra,bajri,2015,Kharif Crops,1275.0,1,not found,,232.0,
2015-02-01,Chopda,bajri,2015,February,126,1167,1218,1218,Jalgaon,Maharashtra,bajri,2015,Kharif Crops,1275.0,1,not found,,-57.0,
2016-02-01,Chopda,bajri,2016,February,80,1483,1525,1523,Jalgaon,Maharashtra,bajri,2016,Kharif Crops,1330.0,1,not found,,193.0,
2015-01-01,Chopda,bajri,2015,January,78,1225,1259,1259,Jalgaon,Maharashtra,bajri,2015,Kharif Crops,1275.0,1,not found,,-16.0,
2016-01-01,Chopda,bajri,2016,January,160,1484,1535,1534,Jalgaon,Maharashtra,bajri,2016,Kharif Crops,1330.0,1,not found,,204.0,
2015-07-01,Chopda,bajri,2015,July,828,1205,1250,1239,Jalgaon,Maharashtra,bajri,2015,Kharif Crops,1275.0,1,not found,,-36.0,
2016-07-01,Chopda,bajri,2016,July,40,1567,1752,1679,Jalgaon,Maharashtra,bajri,2016,Kharif Crops,1330.0,1,not found,,349.0,
2015-06-01,Chopda,bajri,2015,June,1849,1078,1159,1137,Jalgaon,Maharashtra,bajri,2015,Kharif Crops,1275.0,1,not found,,-138.0,
2016-06-01,Chopda,bajri,2016,June,1200,1653,1736,1711,Jalgaon,Maharashtra,bajri,2016,Kharif Crops,1330.0,1,not found,,381.0,
2015-03-01,Chopda,bajri,2015,March,67,1140,1276,1258,Jalgaon,Maharashtra,bajri,2015,Kharif Crops,1275.0,1,not found,,-17.0,
2016-03-01,Chopda,bajri,2016,March,272,1582,1623,1620,Jalgaon,Maharashtra,bajri,2016,Kharif Crops,1330.0,1,not found,,290.0,
2015-05-01,Chopda,bajri,2015,May,19462,1053,1143,1114,Jalgaon,Maharashtra,bajri,2015,Kharif Crops,1275.0,1,not found,,-161.0,
2016-05-01,Chopda,bajri,2016,May,7372,1649,1792,1772,Jalgaon,Maharashtra,bajri,2016,Kharif Crops,1330.0,1,not found,,442.0,
2014-11-01,Chopda,bajri,2014,November,1083,1192,1297,1285,Jalgaon,Maharashtra,bajri,2014,Kharif Crops,1250.0,1,not found,,35.0,
2015-11-01,Chopda,bajri,2015,November,337,1371,1520,1503,Jalgaon,Maharashtra,bajri,2015,Kharif Crops,1275.0,1,not found,,228.0,
2014-10-01,Chopda,bajri,2014,October,814,1199,1313,1286,Jalgaon,Maharashtra,bajri,2014,Kharif Crops,1250.0,1,not found,,36.0,
2015-10-01,Chopda,bajri,2015,October,305,1267,1353,1324,Jalgaon,Maharashtra,bajri,2015,Kharif Crops,1275.0,1,not found,,49.0,
2016-10-01,Chopda,bajri,2016,October,414,1183,1436,1387,Jalgaon,Maharashtra,bajri,2016,Kharif Crops,1330.0,1,not found,,57.0,
2014-09-01,Chopda,bajri,2014,September,420,1230,1353,1340,Jalgaon,Maharashtra,bajri,2014,Kharif Crops,1250.0,1,not found,,90.0,
2015-09-01,Chopda,bajri,2015,September,595,1278,1375,1349,Jalgaon,Maharashtra,bajri,2015,Kharif Crops,1275.0,1,not found,,74.0,
2016-09-01,Chopda,bajri,2016,September,243,1515,1679,1646,Jalgaon,Maharashtra,bajri,2016,Kharif Crops,1330.0,1,not found,,316.0,
2016-11-01,Chopda,bajri,2016,November,143,1312,1431,1423,Jalgaon,Maharashtra,bajri,2016,Kharif Crops,1330.0,1,not found,,93.0,
