date,APMC,Commodity,Year,Month,arrivals_in_qtl,min_price,max_price,modal_price,district_name,state_name,commodity,year,Type,msprice,msp_filter,seasonality,deseasonal,Raw vs MSP diff,Desasonal vs MSP diff
2016-04-01,Pandharpur,bajri,2016,April,7,1925,1931,1925,Solapur,Maharashtra,bajri,2016,Kharif Crops,1330.0,1,not found,,595.0,
2014-12-01,Pandharpur,bajri,2014,December,6,1313,1313,1313,Solapur,Maharashtra,bajri,2014,Kharif Crops,1250.0,1,not found,,63.0,
2015-01-01,Pandharpur,bajri,2015,January,9,1281,1281,1281,Solapur,Maharashtra,bajri,2015,Kharif Crops,1275.0,1,not found,,6.0,
2015-07-01,Pandharpur,bajri,2015,July,42,1383,1384,1384,Solapur,Maharashtra,bajri,2015,Kharif Crops,1275.0,1,not found,,109.0,
2016-07-01,Pandharpur,bajri,2016,July,4,1860,1860,1860,Solapur,Maharashtra,bajri,2016,Kharif Crops,1330.0,1,not found,,530.0,
2016-06-01,Pandharpur,bajri,2016,June,10,1650,1650,1650,Solapur,Maharashtra,bajri,2016,Kharif Crops,1330.0,1,not found,,320.0,
2016-05-01,Pandharpur,bajri,2016,May,43,1887,1887,1887,Solapur,Maharashtra,bajri,2016,Kharif Crops,1330.0,1,not found,,557.0,
2016-10-01,Pandharpur,bajri,2016,October,12,1330,1330,1330,Solapur,Maharashtra,bajri,2016,Kharif Crops,1330.0,1,not found,,0.0,
2016-09-01,Pandharpur,bajri,2016,September,67,1473,1590,1475,Solapur,Maharashtra,bajri,2016,Kharif Crops,1330.0,1,not found,,145.0,
