date,APMC,Commodity,Year,Month,arrivals_in_qtl,min_price,max_price,modal_price,district_name,state_name,commodity,year,Type,msprice,msp_filter,seasonality,deseasonal
2015-04-01,Akluj,banana,2015,April,4395,105,334,235,Solapur,Maharashtra,,,,,,not found,
2016-04-01,Akluj,banana,2016,April,2725,460,834,834,Solapur,Maharashtra,,,,,,not found,
2015-08-01,Akluj,banana,2015,August,2310,250,600,600,Solapur,Maharashtra,,,,,,not found,
2016-08-01,Akluj,banana,2016,August,1105,433,1275,1275,Solapur,Maharashtra,,,,,,not found,
2014-12-01,Akluj,banana,2014,December,714,620,1088,900,Solapur,Maharashtra,,,,,,not found,
2015-12-01,Akluj,banana,2015,December,1100,167,407,347,Solapur,Maharashtra,,,,,,not found,
2015-02-01,Akluj,banana,2015,February,550,200,800,600,Solapur,Maharashtra,,,,,,not found,
2016-02-01,Akluj,banana,2016,February,1880,138,300,300,Solapur,Maharashtra,,,,,,not found,
2016-01-01,Akluj,banana,2016,January,3000,155,342,342,Solapur,Maharashtra,,,,,,not found,
2015-07-01,Akluj,banana,2015,July,1690,350,765,765,Solapur,Maharashtra,,,,,,not found,
2016-07-01,Akluj,banana,2016,July,320,600,1300,1300,Solapur,Maharashtra,,,,,,not found,
2015-06-01,Akluj,banana,2015,June,815,475,845,790,Solapur,Maharashtra,,,,,,not found,
2016-06-01,Akluj,banana,2016,June,1400,560,1160,1160,Solapur,Maharashtra,,,,,,not found,
2016-03-01,Akluj,banana,2016,March,1810,131,333,333,Solapur,Maharashtra,,,,,,not found,
2015-05-01,Akluj,banana,2015,May,3190,260,644,510,Solapur,Maharashtra,,,,,,not found,
2016-05-01,Akluj,banana,2016,May,2260,420,928,888,Solapur,Maharashtra,,,,,,not found,
2014-11-01,Akluj,banana,2014,November,921,650,1150,975,Solapur,Maharashtra,,,,,,not found,
2015-11-01,Akluj,banana,2015,November,4477,225,612,612,Solapur,Maharashtra,,,,,,not found,
2014-10-01,Akluj,banana,2014,October,652,500,1200,1000,Solapur,Maharashtra,,,,,,not found,
2015-10-01,Akluj,banana,2015,October,2005,300,690,690,Solapur,Maharashtra,,,,,,not found,
2014-09-01,Akluj,banana,2014,September,1915,300,856,650,Solapur,Maharashtra,,,,,,not found,
2015-09-01,Akluj,banana,2015,September,2260,150,630,630,Solapur,Maharashtra,,,,,,not found,
2016-09-01,Akluj,banana,2016,September,660,360,1310,1135,Solapur,Maharashtra,,,,,,not found,
