date,APMC,Commodity,Year,Month,arrivals_in_qtl,min_price,max_price,modal_price,district_name,state_name,commodity,year,Type,msprice,msp_filter,seasonality,deseasonal
2015-04-01,Solapur,banana,2015,April,1086,147,413,288,Solapur,Maharashtra,,,,,,not found,
2016-04-01,Solapur,banana,2016,April,771,307,822,696,Solapur,Maharashtra,,,,,,not found,
2015-08-01,Solapur,banana,2015,August,1454,424,749,680,Solapur,Maharashtra,,,,,,not found,
2016-08-01,Solapur,banana,2016,August,918,971,1198,1166,Solapur,Maharashtra,,,,,,not found,
2014-12-01,Solapur,banana,2014,December,841,525,1140,840,Solapur,Maharashtra,,,,,,not found,
2015-12-01,Solapur,banana,2015,December,1074,189,473,394,Solapur,Maharashtra,,,,,,not found,
2015-02-01,Solapur,banana,2015,February,772,392,873,784,Solapur,Maharashtra,,,,,,not found,
2016-02-01,Solapur,banana,2016,February,1317,139,315,257,Solapur,Maharashtra,,,,,,not found,
2015-01-01,Solapur,banana,2015,January,185,434,1020,778,Solapur,Maharashtra,,,,,,not found,
2016-01-01,Solapur,banana,2016,January,1065,210,393,343,Solapur,Maharashtra,,,,,,not found,
2015-07-01,Solapur,banana,2015,July,1502,519,789,711,Solapur,Maharashtra,,,,,,not found,
2016-07-01,Solapur,banana,2016,July,859,912,1119,1023,Solapur,Maharashtra,,,,,,not found,
2015-06-01,Solapur,banana,2015,June,1183,444,968,776,Solapur,Maharashtra,,,,,,not found,
2016-06-01,Solapur,banana,2016,June,1713,796,864,850,Solapur,Maharashtra,,,,,,not found,
2015-03-01,Solapur,banana,2015,March,801,274,594,530,Solapur,Maharashtra,,,,,,not found,
2016-03-01,Solapur,banana,2016,March,1313,103,305,231,Solapur,Maharashtra,,,,,,not found,
2015-05-01,Solapur,banana,2015,May,650,324,765,680,Solapur,Maharashtra,,,,,,not found,
2016-05-01,Solapur,banana,2016,May,700,475,992,876,Solapur,Maharashtra,,,,,,not found,
2014-11-01,Solapur,banana,2014,November,373,561,1193,956,Solapur,Maharashtra,,,,,,not found,
2015-11-01,Solapur,banana,2015,November,848,277,552,450,Solapur,Maharashtra,,,,,,not found,
2014-10-01,Solapur,banana,2014,October,409,467,1079,817,Solapur,Maharashtra,,,,,,not found,
2015-10-01,Solapur,banana,2015,October,1451,288,680,586,Solapur,Maharashtra,,,,,,not found,
2016-10-01,Solapur,banana,2016,October,875,508,927,854,Solapur,Maharashtra,,,,,,not found,
2014-09-01,Solapur,banana,2014,September,750,454,911,757,Solapur,Maharashtra,,,,,,not found,
2015-09-01,Solapur,banana,2015,September,1988,265,597,501,Solapur,Maharashtra,,,,,,not found,
2016-09-01,Solapur,banana,2016,September,1009,795,1046,1037,Solapur,Maharashtra,,,,,,not found,
2016-11-01,Solapur,banana,2016,November,684,343,675,590,Solapur,Maharashtra,,,,,,not found,
