date,APMC,Commodity,Year,Month,arrivals_in_qtl,min_price,max_price,modal_price,district_name,state_name,commodity,year,Type,msprice,msp_filter,seasonality,deseasonal
2014-12-01,Shrirampur,bor,2014,December,392,1023,1300,1161,Ahmadnagar,Maharashtra,,,,,,not found,
2015-12-01,Shrirampur,bor,2015,December,194,1071,1529,1300,Ahmadnagar,Maharashtra,,,,,,not found,
2015-02-01,Shrirampur,bor,2015,February,108,911,1178,1044,Ahmadnagar,Maharashtra,,,,,,not found,
2016-02-01,Shrirampur,bor,2016,February,39,840,1040,940,Ahmadnagar,Maharashtra,,,,,,not found,
2015-01-01,Shrirampur,bor,2015,January,419,904,1127,1021,Ahmadnagar,Maharashtra,,,,,,not found,
2016-01-01,Shrirampur,bor,2016,January,281,811,1026,918,Ahmadnagar,Maharashtra,,,,,,not found,
2014-11-01,Shrirampur,bor,2014,November,177,1500,1957,1729,Ahmadnagar,Maharashtra,,,,,,not found,
2015-11-01,Shrirampur,bor,2015,November,61,1500,2000,1750,Ahmadnagar,Maharashtra,,,,,,not found,
2016-11-01,Shrirampur,bor,2016,November,85,1583,2167,1875,Ahmadnagar,Maharashtra,,,,,,not found,
