date,APMC,Commodity,Year,Month,arrivals_in_qtl,min_price,max_price,modal_price,district_name,state_name,commodity,year,Type,msprice,msp_filter,seasonality,deseasonal
2016-08-01,Solapur,apple,2016,August,6500,450,2250,1750,Solapur,Maharashtra,,,,,,not found,
2014-12-01,Solapur,apple,2014,December,2765,570,1175,875,Solapur,Maharashtra,,,,,,not found,
2015-12-01,Solapur,apple,2015,December,1000,300,800,600,Solapur,Maharashtra,,,,,,not found,
2015-02-01,Solapur,apple,2015,February,1260,570,1140,900,Solapur,Maharashtra,,,,,,not found,
2016-02-01,Solapur,apple,2016,February,2960,750,1600,1200,Solapur,Maharashtra,,,,,,not found,
2016-05-01,Solapur,apple,2016,May,350,400,2400,1100,Solapur,Maharashtra,,,,,,not found,
2014-10-01,Solapur,apple,2014,October,3920,500,925,800,Solapur,Maharashtra,,,,,,not found,
2015-10-01,Solapur,apple,2015,October,4745,410,1050,650,Solapur,Maharashtra,,,,,,not found,
