date,APMC,Commodity,Year,Month,arrivals_in_qtl,min_price,max_price,modal_price,district_name,state_name,commodity,year,Type,msprice,msp_filter,seasonality,deseasonal
2015-04-01,Mumbai,bitter gourd,2015,April,9180,2992,3458,3229,Mumbai,Maharashtra,,,,,,not found,
2016-04-01,Mumbai,bitter gourd,2016,April,7350,3113,3752,3487,Mumbai,Maharashtra,,,,,,not found,
2015-08-01,Mumbai,bitter gourd,2015,August,7250,1713,2146,1996,Mumbai,Maharashtra,,,,,,not found,
2016-08-01,Mumbai,bitter gourd,2016,August,9900,1638,2085,1877,Mumbai,Maharashtra,,,,,,not found,
2014-12-01,Mumbai,bitter gourd,2014,December,9870,3193,3630,3411,Mumbai,Maharashtra,,,,,,not found,
2015-12-01,Mumbai,bitter gourd,2015,December,2320,2688,3256,3036,Mumbai,Maharashtra,,,,,,not found,
2015-02-01,Mumbai,bitter gourd,2015,February,9760,3452,4043,3748,Mumbai,Maharashtra,,,,,,not found,
2016-02-01,Mumbai,bitter gourd,2016,February,7560,3048,3704,3460,Mumbai,Maharashtra,,,,,,not found,
2015-01-01,Mumbai,bitter gourd,2015,January,10610,3563,3970,3767,Mumbai,Maharashtra,,,,,,not found,
2016-01-01,Mumbai,bitter gourd,2016,January,4667,2783,3504,3275,Mumbai,Maharashtra,,,,,,not found,
2015-07-01,Mumbai,bitter gourd,2015,July,13440,1996,2481,2263,Mumbai,Maharashtra,,,,,,not found,
2016-07-01,Mumbai,bitter gourd,2016,July,8060,3196,3630,3417,Mumbai,Maharashtra,,,,,,not found,
2015-06-01,Mumbai,bitter gourd,2015,June,14470,2131,2477,2304,Mumbai,Maharashtra,,,,,,not found,
2016-06-01,Mumbai,bitter gourd,2016,June,11830,2608,2962,2800,Mumbai,Maharashtra,,,,,,not found,
2015-03-01,Mumbai,bitter gourd,2015,March,8720,3504,3896,3700,Mumbai,Maharashtra,,,,,,not found,
2016-03-01,Mumbai,bitter gourd,2016,March,8160,2752,3416,3160,Mumbai,Maharashtra,,,,,,not found,
2015-05-01,Mumbai,bitter gourd,2015,May,13940,2160,2488,2324,Mumbai,Maharashtra,,,,,,not found,
2016-05-01,Mumbai,bitter gourd,2016,May,14310,2358,2762,2558,Mumbai,Maharashtra,,,,,,not found,
2014-11-01,Mumbai,bitter gourd,2014,November,9210,2496,2856,2676,Mumbai,Maharashtra,,,,,,not found,
2015-11-01,Mumbai,bitter gourd,2015,November,1320,1476,1914,1724,Mumbai,Maharashtra,,,,,,not found,
2014-10-01,Mumbai,bitter gourd,2014,October,9330,1376,1656,1516,Mumbai,Maharashtra,,,,,,not found,
2015-10-01,Mumbai,bitter gourd,2015,October,2720,1265,1687,1543,Mumbai,Maharashtra,,,,,,not found,
2016-10-01,Mumbai,bitter gourd,2016,October,2850,782,1109,959,Mumbai,Maharashtra,,,,,,not found,
2014-09-01,Mumbai,bitter gourd,2014,September,8400,2328,2944,2636,Mumbai,Maharashtra,,,,,,not found,
2015-09-01,Mumbai,bitter gourd,2015,September,9077,704,1092,927,Mumbai,Maharashtra,,,,,,not found,
2016-09-01,Mumbai,bitter gourd,2016,September,5560,988,1285,1142,Mumbai,Maharashtra,,,,,,not found,
2016-11-01,Mumbai,bitter gourd,2016,November,1170,614,1086,864,Mumbai,Maharashtra,,,,,,not found,
