date,APMC,Commodity,Year,Month,arrivals_in_qtl,min_price,max_price,modal_price,district_name,state_name,commodity,year,Type,msprice,msp_filter,seasonality,deseasonal
2014-12-01,Sinner,black gram,2014,December,12,4447,4875,4717,Nasik,Maharashtra,,,,,,not found,
2015-12-01,Sinner,black gram,2015,December,4,7275,8500,8275,Nasik,Maharashtra,,,,,,not found,
2016-02-01,Sinner,black gram,2016,February,1,7400,7400,7400,Nasik,Maharashtra,,,,,,not found,
2015-01-01,Sinner,black gram,2015,January,4,5175,5245,5210,Nasik,Maharashtra,,,,,,not found,
2015-06-01,Sinner,black gram,2015,June,2,7500,7500,7500,Nasik,Maharashtra,,,,,,not found,
2015-03-01,Sinner,black gram,2015,March,3,5000,5651,5400,Nasik,Maharashtra,,,,,,not found,
2014-11-01,Sinner,black gram,2014,November,28,4842,5183,5123,Nasik,Maharashtra,,,,,,not found,
2015-11-01,Sinner,black gram,2015,November,5,5940,7540,7340,Nasik,Maharashtra,,,,,,not found,
2014-10-01,Sinner,black gram,2014,October,2,3900,4300,4026,Nasik,Maharashtra,,,,,,not found,
2015-10-01,Sinner,black gram,2015,October,3,9239,9239,9239,Nasik,Maharashtra,,,,,,not found,
2016-10-01,Sinner,black gram,2016,October,10,6488,7188,7025,Nasik,Maharashtra,,,,,,not found,
2016-09-01,Sinner,black gram,2016,September,2,7076,7076,7076,Nasik,Maharashtra,,,,,,not found,
2016-11-01,Sinner,black gram,2016,November,5,6455,6455,6455,Nasik,Maharashtra,,,,,,not found,
