date,APMC,Commodity,Year,Month,arrivals_in_qtl,min_price,max_price,modal_price,district_name,state_name,commodity,year,Type,msprice,msp_filter,seasonality,deseasonal,Raw vs MSP diff,Desasonal vs MSP diff
2015-04-01,Manmad,bajri,2015,April,197,1222,1465,1403,Nasik,Maharashtra,bajri,2015,Kharif Crops,1275.0,1,not found,,128.0,
2016-04-01,Manmad,bajri,2016,April,85,1592,1951,1782,Nasik,Maharashtra,bajri,2016,Kharif Crops,1330.0,1,not found,,452.0,
2015-08-01,Manmad,bajri,2015,August,158,1343,1525,1448,Nasik,Maharashtra,bajri,2015,Kharif Crops,1275.0,1,not found,,173.0,
2016-08-01,Manmad,bajri,2016,August,430,1471,1922,1773,Nasik,Maharashtra,bajri,2016,Kharif Crops,1330.0,1,not found,,443.0,
2014-12-01,Manmad,bajri,2014,December,620,1163,1476,1360,Nasik,Maharashtra,bajri,2014,Kharif Crops,1250.0,1,not found,,110.0,
2015-12-01,Manmad,bajri,2015,December,128,1408,1589,1508,Nasik,Maharashtra,bajri,2015,Kharif Crops,1275.0,1,not found,,233.0,
2015-02-01,Manmad,bajri,2015,February,231,1205,1442,1379,Nasik,Maharashtra,bajri,2015,Kharif Crops,1275.0,1,not found,,104.0,
2016-02-01,Manmad,bajri,2016,February,86,1454,1625,1546,Nasik,Maharashtra,bajri,2016,Kharif Crops,1330.0,1,not found,,216.0,
2015-01-01,Manmad,bajri,2015,January,287,1311,1599,1496,Nasik,Maharashtra,bajri,2015,Kharif Crops,1275.0,1,not found,,221.0,
2016-01-01,Manmad,bajri,2016,January,57,1556,1675,1589,Nasik,Maharashtra,bajri,2016,Kharif Crops,1330.0,1,not found,,259.0,
2015-07-01,Manmad,bajri,2015,July,436,1284,1439,1387,Nasik,Maharashtra,bajri,2015,Kharif Crops,1275.0,1,not found,,112.0,
2016-07-01,Manmad,bajri,2016,July,50,1605,1924,1798,Nasik,Maharashtra,bajri,2016,Kharif Crops,1330.0,1,not found,,468.0,
2015-06-01,Manmad,bajri,2015,June,488,1191,1366,1303,Nasik,Maharashtra,bajri,2015,Kharif Crops,1275.0,1,not found,,28.0,
2016-06-01,Manmad,bajri,2016,June,126,1571,1820,1731,Nasik,Maharashtra,bajri,2016,Kharif Crops,1330.0,1,not found,,401.0,
2015-03-01,Manmad,bajri,2015,March,201,1195,1445,1347,Nasik,Maharashtra,bajri,2015,Kharif Crops,1275.0,1,not found,,72.0,
2016-03-01,Manmad,bajri,2016,March,114,1464,1793,1646,Nasik,Maharashtra,bajri,2016,Kharif Crops,1330.0,1,not found,,316.0,
2015-05-01,Manmad,bajri,2015,May,424,1193,1392,1311,Nasik,Maharashtra,bajri,2015,Kharif Crops,1275.0,1,not found,,36.0,
2016-05-01,Manmad,bajri,2016,May,255,1606,1895,1818,Nasik,Maharashtra,bajri,2016,Kharif Crops,1330.0,1,not found,,488.0,
2014-11-01,Manmad,bajri,2014,November,1554,1170,1544,1439,Nasik,Maharashtra,bajri,2014,Kharif Crops,1250.0,1,not found,,189.0,
2015-11-01,Manmad,bajri,2015,November,163,1372,1653,1487,Nasik,Maharashtra,bajri,2015,Kharif Crops,1275.0,1,not found,,212.0,
2014-10-01,Manmad,bajri,2014,October,1243,1114,1532,1432,Nasik,Maharashtra,bajri,2014,Kharif Crops,1250.0,1,not found,,182.0,
2015-10-01,Manmad,bajri,2015,October,389,1239,1573,1444,Nasik,Maharashtra,bajri,2015,Kharif Crops,1275.0,1,not found,,169.0,
2016-10-01,Manmad,bajri,2016,October,2258,1193,1557,1329,Nasik,Maharashtra,bajri,2016,Kharif Crops,1330.0,1,not found,,-1.0,
2014-09-01,Manmad,bajri,2014,September,704,1311,1573,1501,Nasik,Maharashtra,bajri,2014,Kharif Crops,1250.0,1,not found,,251.0,
2015-09-01,Manmad,bajri,2015,September,151,1415,1538,1478,Nasik,Maharashtra,bajri,2015,Kharif Crops,1275.0,1,not found,,203.0,
2016-09-01,Manmad,bajri,2016,September,1045,1474,1818,1676,Nasik,Maharashtra,bajri,2016,Kharif Crops,1330.0,1,not found,,346.0,
2016-11-01,Manmad,bajri,2016,November,644,1416,1975,1652,Nasik,Maharashtra,bajri,2016,Kharif Crops,1330.0,1,not found,,322.0,
