date,APMC,Commodity,Year,Month,arrivals_in_qtl,min_price,max_price,modal_price,district_name,state_name,commodity,year,Type,msprice,msp_filter,seasonality,deseasonal,Peak seasonal price fluctuation %
2016-08-01,Karmala,black gram,2016,August,735,5988,7336,7125,Solapur,Maharashtra,,,,,,additive,,5.001256597134959
2016-10-01,Karmala,black gram,2016,October,1007,5600,7434,7013,Solapur,Maharashtra,,,,,,additive,6941.5,5.001256597134959
2016-09-01,Karmala,black gram,2016,September,8444,5765,6993,6615,Solapur,Maharashtra,,,,,,additive,6835.75,5.001256597134959
2016-11-01,Karmala,black gram,2016,November,47,5500,7151,7100,Solapur,Maharashtra,,,,,,additive,,5.001256597134959
