date,APMC,Commodity,Year,Month,arrivals_in_qtl,min_price,max_price,modal_price,district_name,state_name,commodity,year,Type,msprice,msp_filter,seasonality,deseasonal,Raw vs MSP diff,Desasonal vs MSP diff
2016-04-01,Parola,bajri,2016,April,3458,1445,1784,1611,Jalgaon,Maharashtra,bajri,2016,Kharif Crops,1330.0,1,not found,,281.0,
2016-08-01,Parola,bajri,2016,August,168,1614,1791,1692,Jalgaon,Maharashtra,bajri,2016,Kharif Crops,1330.0,1,not found,,362.0,
2015-12-01,Parola,bajri,2015,December,831,1260,1469,1373,Jalgaon,Maharashtra,bajri,2015,Kharif Crops,1275.0,1,not found,,98.0,
2016-02-01,Parola,bajri,2016,February,72,1326,1489,1388,Jalgaon,Maharashtra,bajri,2016,Kharif Crops,1330.0,1,not found,,58.0,
2016-01-01,Parola,bajri,2016,January,714,1257,1466,1360,Jalgaon,Maharashtra,bajri,2016,Kharif Crops,1330.0,1,not found,,30.0,
2016-07-01,Parola,bajri,2016,July,75,1379,1732,1536,Jalgaon,Maharashtra,bajri,2016,Kharif Crops,1330.0,1,not found,,206.0,
2016-06-01,Parola,bajri,2016,June,189,1447,1682,1563,Jalgaon,Maharashtra,bajri,2016,Kharif Crops,1330.0,1,not found,,233.0,
2016-05-01,Parola,bajri,2016,May,150,1484,1793,1640,Jalgaon,Maharashtra,bajri,2016,Kharif Crops,1330.0,1,not found,,310.0,
2015-11-01,Parola,bajri,2015,November,1674,1177,1476,1354,Jalgaon,Maharashtra,bajri,2015,Kharif Crops,1275.0,1,not found,,79.0,
2016-10-01,Parola,bajri,2016,October,8886,963,1343,1146,Jalgaon,Maharashtra,bajri,2016,Kharif Crops,1330.0,1,not found,,-184.0,
2016-09-01,Parola,bajri,2016,September,1269,1256,1662,1473,Jalgaon,Maharashtra,bajri,2016,Kharif Crops,1330.0,1,not found,,143.0,
2016-11-01,Parola,bajri,2016,November,960,997,1189,1086,Jalgaon,Maharashtra,bajri,2016,Kharif Crops,1330.0,1,not found,,-244.0,
