date,APMC,Commodity,Year,Month,arrivals_in_qtl,min_price,max_price,modal_price,district_name,state_name,commodity,year,Type,msprice,msp_filter,seasonality,deseasonal
2014-12-01,Murtizapur,black gram,2014,December,90,4372,4820,4572,Akola,Maharashtra,,,,,,not found,
2015-02-01,Murtizapur,black gram,2015,February,5,5480,5491,5485,Akola,Maharashtra,,,,,,not found,
2015-01-01,Murtizapur,black gram,2015,January,110,5175,5757,5425,Akola,Maharashtra,,,,,,not found,
2014-11-01,Murtizapur,black gram,2014,November,120,4151,4786,4501,Akola,Maharashtra,,,,,,not found,
2015-11-01,Murtizapur,black gram,2015,November,25,8668,9088,8955,Akola,Maharashtra,,,,,,not found,
2014-10-01,Murtizapur,black gram,2014,October,139,3959,4495,4315,Akola,Maharashtra,,,,,,not found,
2015-10-01,Murtizapur,black gram,2015,October,780,9355,10504,9962,Akola,Maharashtra,,,,,,not found,
2016-10-01,Murtizapur,black gram,2016,October,2850,5564,7307,6616,Akola,Maharashtra,,,,,,not found,
2015-09-01,Murtizapur,black gram,2015,September,645,8313,8846,8591,Akola,Maharashtra,,,,,,not found,
2016-09-01,Murtizapur,black gram,2016,September,2630,6160,7019,6645,Akola,Maharashtra,,,,,,not found,
2016-11-01,Murtizapur,black gram,2016,November,900,5208,7317,6675,Akola,Maharashtra,,,,,,not found,
