date,APMC,Commodity,Year,Month,arrivals_in_qtl,min_price,max_price,modal_price,district_name,state_name,commodity,year,Type,msprice,msp_filter,seasonality,deseasonal,Peak seasonal price fluctuation %
2016-04-01,Khamgaon,black gram,2016,April,32,7425,9703,8800,Buldhana,Maharashtra,,,,,,additive,,44.7480035153414
2015-08-01,Khamgaon,black gram,2015,August,47,5267,6342,6039,Buldhana,Maharashtra,,,,,,additive,6628.25,44.7480035153414
2016-08-01,Khamgaon,black gram,2016,August,73,5342,6000,5635,Buldhana,Maharashtra,,,,,,additive,5686.75,44.7480035153414
2014-12-01,Khamgaon,black gram,2014,December,1585,5174,5702,5438,Buldhana,Maharashtra,,,,,,additive,6482.5,44.7480035153414
2015-12-01,Khamgaon,black gram,2015,December,925,7912,10323,9419,Buldhana,Maharashtra,,,,,,additive,7359.25,44.7480035153414
2015-02-01,Khamgaon,black gram,2015,February,2205,4928,5395,5161,Buldhana,Maharashtra,,,,,,additive,7001.5,44.7480035153414
2016-02-01,Khamgaon,black gram,2016,February,59,7869,8577,8265,Buldhana,Maharashtra,,,,,,additive,6776.75,44.7480035153414
2015-01-01,Khamgaon,black gram,2015,January,707,5127,5705,5416,Buldhana,Maharashtra,,,,,,additive,6905.5,44.7480035153414
2016-01-01,Khamgaon,black gram,2016,January,117,7534,9210,8525,Buldhana,Maharashtra,,,,,,additive,7137.75,44.7480035153414
2015-07-01,Khamgaon,black gram,2015,July,95,5912,6238,6085,Buldhana,Maharashtra,,,,,,additive,7219.0,44.7480035153414
2016-07-01,Khamgaon,black gram,2016,July,25,7950,9141,8181,Buldhana,Maharashtra,,,,,,additive,7375.25,44.7480035153414
2015-06-01,Khamgaon,black gram,2015,June,365,6848,7260,7054,Buldhana,Maharashtra,,,,,,additive,7844.25,44.7480035153414
2016-06-01,Khamgaon,black gram,2016,June,39,8556,9619,9088,Buldhana,Maharashtra,,,,,,additive,7689.25,44.7480035153414
2015-03-01,Khamgaon,black gram,2015,March,158,5353,5704,5527,Buldhana,Maharashtra,,,,,,additive,6723.0,44.7480035153414
2016-03-01,Khamgaon,black gram,2016,March,2,6750,6750,6750,Buldhana,Maharashtra,,,,,,additive,6579.5,44.7480035153414
2015-05-01,Khamgaon,black gram,2015,May,187,6960,7621,7291,Buldhana,Maharashtra,,,,,,additive,7633.75,44.7480035153414
2016-05-01,Khamgaon,black gram,2016,May,2320,8199,9944,9203,Buldhana,Maharashtra,,,,,,additive,7699.0,44.7480035153414
2014-11-01,Khamgaon,black gram,2014,November,2506,4766,5432,5099,Buldhana,Maharashtra,,,,,,additive,7257.5,44.7480035153414
2015-11-01,Khamgaon,black gram,2015,November,720,7585,10725,9629,Buldhana,Maharashtra,,,,,,additive,7214.75,44.7480035153414
2014-10-01,Khamgaon,black gram,2014,October,4494,4083,4921,4502,Buldhana,Maharashtra,,,,,,additive,7208.0,44.7480035153414
2015-10-01,Khamgaon,black gram,2015,October,5682,7891,11634,10199,Buldhana,Maharashtra,,,,,,additive,7802.5,44.7480035153414
2016-10-01,Khamgaon,black gram,2016,October,17722,5068,7245,6310,Buldhana,Maharashtra,,,,,,additive,6745.25,44.7480035153414
2014-09-01,Khamgaon,black gram,2014,September,105,3804,4520,4162,Buldhana,Maharashtra,,,,,,additive,5747.25,44.7480035153414
2015-09-01,Khamgaon,black gram,2015,September,6199,7027,9243,8355,Buldhana,Maharashtra,,,,,,additive,6866.25,44.7480035153414
2016-09-01,Khamgaon,black gram,2016,September,17817,6033,7095,6593,Buldhana,Maharashtra,,,,,,additive,7003.0,44.7480035153414
2016-11-01,Khamgaon,black gram,2016,November,9600,5393,7104,6471,Buldhana,Maharashtra,,,,,,additive,,44.7480035153414
