date,APMC,Commodity,Year,Month,arrivals_in_qtl,min_price,max_price,modal_price,district_name,state_name,commodity,year,Type,msprice,msp_filter,seasonality,deseasonal
2015-04-01,Nandura,black gram,2015,April,9,5500,5883,5768,Buldhana,Maharashtra,,,,,,not found,
2016-04-01,Nandura,black gram,2016,April,3,9400,10150,10150,Buldhana,Maharashtra,,,,,,not found,
2015-08-01,Nandura,black gram,2015,August,11,6986,7157,7157,Buldhana,Maharashtra,,,,,,not found,
2016-08-01,Nandura,black gram,2016,August,4,7733,8033,8033,Buldhana,Maharashtra,,,,,,not found,
2014-12-01,Nandura,black gram,2014,December,160,4752,5364,5121,Buldhana,Maharashtra,,,,,,not found,
2015-12-01,Nandura,black gram,2015,December,49,8661,9967,9967,Buldhana,Maharashtra,,,,,,not found,
2015-02-01,Nandura,black gram,2015,February,72,4747,5302,5102,Buldhana,Maharashtra,,,,,,not found,
2016-02-01,Nandura,black gram,2016,February,1,6000,6000,6000,Buldhana,Maharashtra,,,,,,not found,
2015-01-01,Nandura,black gram,2015,January,79,4960,5595,5336,Buldhana,Maharashtra,,,,,,not found,
2016-01-01,Nandura,black gram,2016,January,10,8801,9563,9563,Buldhana,Maharashtra,,,,,,not found,
2015-07-01,Nandura,black gram,2015,July,8,6588,6963,6938,Buldhana,Maharashtra,,,,,,not found,
2016-07-01,Nandura,black gram,2016,July,6,8783,9000,9000,Buldhana,Maharashtra,,,,,,not found,
2015-06-01,Nandura,black gram,2015,June,29,6820,7941,7661,Buldhana,Maharashtra,,,,,,not found,
2016-06-01,Nandura,black gram,2016,June,18,10806,12069,12069,Buldhana,Maharashtra,,,,,,not found,
2015-03-01,Nandura,black gram,2015,March,8,5033,5267,5167,Buldhana,Maharashtra,,,,,,not found,
2016-03-01,Nandura,black gram,2016,March,1,6666,6666,6666,Buldhana,Maharashtra,,,,,,not found,
2015-05-01,Nandura,black gram,2015,May,28,6396,6912,6681,Buldhana,Maharashtra,,,,,,not found,
2016-05-01,Nandura,black gram,2016,May,3,11417,11417,11417,Buldhana,Maharashtra,,,,,,not found,
2014-11-01,Nandura,black gram,2014,November,384,4646,5172,4961,Buldhana,Maharashtra,,,,,,not found,
2015-11-01,Nandura,black gram,2015,November,57,8046,9502,9502,Buldhana,Maharashtra,,,,,,not found,
2014-10-01,Nandura,black gram,2014,October,917,4366,4819,4621,Buldhana,Maharashtra,,,,,,not found,
2015-10-01,Nandura,black gram,2015,October,270,8792,11417,11417,Buldhana,Maharashtra,,,,,,not found,
2016-10-01,Nandura,black gram,2016,October,1837,5582,7360,7360,Buldhana,Maharashtra,,,,,,not found,
2014-09-01,Nandura,black gram,2014,September,5,4500,5750,5200,Buldhana,Maharashtra,,,,,,not found,
2015-09-01,Nandura,black gram,2015,September,276,7399,8812,8812,Buldhana,Maharashtra,,,,,,not found,
2016-09-01,Nandura,black gram,2016,September,1338,5870,7178,7178,Buldhana,Maharashtra,,,,,,not found,
2016-11-01,Nandura,black gram,2016,November,308,5062,6838,6838,Buldhana,Maharashtra,,,,,,not found,
