date,APMC,Commodity,Year,Month,arrivals_in_qtl,min_price,max_price,modal_price,district_name,state_name,commodity,year,Type,msprice,msp_filter,seasonality,deseasonal,Peak seasonal price fluctuation %
2015-10-01,Sillod,black gram,2015,October,3,10000,12000,11000,Aurangabad,Maharashtra,,,,,,additive,,47.680741088809825
2016-10-01,Sillod,black gram,2016,October,149,5815,6138,5985,Aurangabad,Maharashtra,,,,,,additive,7444.75,47.680741088809825
2016-09-01,Sillod,black gram,2016,September,225,6655,6945,6809,Aurangabad,Maharashtra,,,,,,additive,6400.75,47.680741088809825
2016-11-01,Sillod,black gram,2016,November,5,5900,6100,6000,Aurangabad,Maharashtra,,,,,,additive,,47.680741088809825
