date,APMC,Commodity,Year,Month,arrivals_in_qtl,min_price,max_price,modal_price,district_name,state_name,commodity,year,Type,msprice,msp_filter,seasonality,deseasonal
2015-08-01,Kada,black gram,2015,August,787,7667,8767,7934,Beed,Maharashtra,,,,,,not found,
2016-08-01,Kada,black gram,2016,August,863,5700,6750,6426,Beed,Maharashtra,,,,,,not found,
2014-12-01,Kada,black gram,2014,December,4,5300,5300,5300,Beed,Maharashtra,,,,,,not found,
2015-12-01,Kada,black gram,2015,December,10,3826,5250,4351,Beed,Maharashtra,,,,,,not found,
2015-01-01,Kada,black gram,2015,January,2,5150,5150,5150,Beed,Maharashtra,,,,,,not found,
2016-07-01,Kada,black gram,2016,July,1,9000,9000,9000,Beed,Maharashtra,,,,,,not found,
2014-11-01,Kada,black gram,2014,November,55,4800,5146,5045,Beed,Maharashtra,,,,,,not found,
2015-11-01,Kada,black gram,2015,November,4,9300,9300,9300,Beed,Maharashtra,,,,,,not found,
2014-10-01,Kada,black gram,2014,October,664,4281,4841,4613,Beed,Maharashtra,,,,,,not found,
2015-10-01,Kada,black gram,2015,October,40,8651,10513,10213,Beed,Maharashtra,,,,,,not found,
2016-10-01,Kada,black gram,2016,October,2853,5657,7357,6654,Beed,Maharashtra,,,,,,not found,
2014-09-01,Kada,black gram,2014,September,350,4688,6007,5388,Beed,Maharashtra,,,,,,not found,
2015-09-01,Kada,black gram,2015,September,919,8572,9011,8908,Beed,Maharashtra,,,,,,not found,
2016-09-01,Kada,black gram,2016,September,8401,6225,6922,6657,Beed,Maharashtra,,,,,,not found,
2016-11-01,Kada,black gram,2016,November,727,5100,7350,6775,Beed,Maharashtra,,,,,,not found,
