date,APMC,Commodity,Year,Month,arrivals_in_qtl,min_price,max_price,modal_price,district_name,state_name,commodity,year,Type,msprice,msp_filter,seasonality,deseasonal
2014-12-01,Barshi,bor,2014,December,417,81,192,137,Solapur,Maharashtra,,,,,,not found,
2015-12-01,Barshi,bor,2015,December,155,96,185,150,Solapur,Maharashtra,,,,,,not found,
2015-02-01,Barshi,bor,2015,February,567,58,119,90,Solapur,Maharashtra,,,,,,not found,
2016-02-01,Barshi,bor,2016,February,198,92,169,133,Solapur,Maharashtra,,,,,,not found,
2015-01-01,Barshi,bor,2015,January,662,46,118,78,Solapur,Maharashtra,,,,,,not found,
2016-01-01,Barshi,bor,2016,January,288,79,162,128,Solapur,Maharashtra,,,,,,not found,
2015-03-01,Barshi,bor,2015,March,113,63,133,93,Solapur,Maharashtra,,,,,,not found,
2016-03-01,Barshi,bor,2016,March,35,95,225,195,Solapur,Maharashtra,,,,,,not found,
2014-11-01,Barshi,bor,2014,November,202,107,405,304,Solapur,Maharashtra,,,,,,not found,
2015-11-01,Barshi,bor,2015,November,63,98,178,136,Solapur,Maharashtra,,,,,,not found,
2014-10-01,Barshi,bor,2014,October,60,107,177,140,Solapur,Maharashtra,,,,,,not found,
