date,APMC,Commodity,Year,Month,arrivals_in_qtl,min_price,max_price,modal_price,district_name,state_name,commodity,year,Type,msprice,msp_filter,seasonality,deseasonal,Peak seasonal price fluctuation %,Raw vs MSP diff,Desasonal vs MSP diff
2015-04-01,Malkapur,bajri,2015,April,26,1158,1162,1158,Buldhana,Maharashtra,bajri,2015,Kharif Crops,1275.0,1,additive,,39.34781904731065,-117.0,
2016-04-01,Malkapur,bajri,2016,April,6,1135,1680,1290,Buldhana,Maharashtra,bajri,2016,Kharif Crops,1330.0,1,additive,1227.75,39.34781904731065,-40.0,-102.25
2015-08-01,Malkapur,bajri,2015,August,11,1174,1174,1173,Buldhana,Maharashtra,bajri,2015,Kharif Crops,1275.0,1,additive,1305.0,39.34781904731065,-102.0,30.0
2016-08-01,Malkapur,bajri,2016,August,12,1578,1653,1584,Buldhana,Maharashtra,bajri,2016,Kharif Crops,1330.0,1,additive,1377.0,39.34781904731065,254.0,47.0
2014-12-01,Malkapur,bajri,2014,December,88,1132,1207,1167,Buldhana,Maharashtra,bajri,2014,Kharif Crops,1250.0,1,additive,1295.5,39.34781904731065,-83.0,45.5
2015-12-01,Malkapur,bajri,2015,December,431,1268,1432,1264,Buldhana,Maharashtra,bajri,2015,Kharif Crops,1275.0,1,additive,1223.75,39.34781904731065,-11.0,-51.25
2015-02-01,Malkapur,bajri,2015,February,47,1121,1250,1200,Buldhana,Maharashtra,bajri,2015,Kharif Crops,1275.0,1,additive,1228.5,39.34781904731065,-75.0,-46.5
2016-02-01,Malkapur,bajri,2016,February,10,1200,1475,1250,Buldhana,Maharashtra,bajri,2016,Kharif Crops,1330.0,1,additive,1206.25,39.34781904731065,-80.0,-123.75
2015-01-01,Malkapur,bajri,2015,January,52,1072,1245,1125,Buldhana,Maharashtra,bajri,2015,Kharif Crops,1275.0,1,additive,1198.75,39.34781904731065,-150.0,-76.25
2016-01-01,Malkapur,bajri,2016,January,54,1259,1342,1295,Buldhana,Maharashtra,bajri,2016,Kharif Crops,1330.0,1,additive,1208.25,39.34781904731065,-35.0,-121.75
2015-07-01,Malkapur,bajri,2015,July,33,1108,1128,1118,Buldhana,Maharashtra,bajri,2015,Kharif Crops,1275.0,1,additive,1147.25,39.34781904731065,-157.0,-127.75
2015-06-01,Malkapur,bajri,2015,June,16,1058,1058,1058,Buldhana,Maharashtra,bajri,2015,Kharif Crops,1275.0,1,additive,1086.0,39.34781904731065,-217.0,-189.0
2015-03-01,Malkapur,bajri,2015,March,9,1110,1110,1110,Buldhana,Maharashtra,bajri,2015,Kharif Crops,1275.0,1,additive,1093.25,39.34781904731065,-165.0,-181.75
2015-05-01,Malkapur,bajri,2015,May,60,1085,1113,1095,Buldhana,Maharashtra,bajri,2015,Kharif Crops,1275.0,1,additive,1202.0,39.34781904731065,-180.0,-73.0
2016-05-01,Malkapur,bajri,2016,May,4,1508,1508,1508,Buldhana,Maharashtra,bajri,2016,Kharif Crops,1330.0,1,additive,1321.5,39.34781904731065,178.0,-8.5
2014-11-01,Malkapur,bajri,2014,November,272,1108,1223,1175,Buldhana,Maharashtra,bajri,2014,Kharif Crops,1250.0,1,additive,1309.5,39.34781904731065,-75.0,59.5
2015-11-01,Malkapur,bajri,2015,November,362,1224,1441,1380,Buldhana,Maharashtra,bajri,2015,Kharif Crops,1275.0,1,additive,1297.5,39.34781904731065,105.0,22.5
2014-10-01,Malkapur,bajri,2014,October,34,1100,1300,1255,Buldhana,Maharashtra,bajri,2014,Kharif Crops,1250.0,1,additive,1293.25,39.34781904731065,5.0,43.25
2015-10-01,Malkapur,bajri,2015,October,18,1290,1315,1283,Buldhana,Maharashtra,bajri,2015,Kharif Crops,1275.0,1,additive,1299.0,39.34781904731065,8.0,24.0
2016-10-01,Malkapur,bajri,2016,October,7,1350,1393,1375,Buldhana,Maharashtra,bajri,2016,Kharif Crops,1330.0,1,additive,1383.25,39.34781904731065,45.0,53.25
2014-09-01,Malkapur,bajri,2014,September,1,1500,1500,1500,Buldhana,Maharashtra,bajri,2014,Kharif Crops,1250.0,1,additive,1425.25,39.34781904731065,250.0,175.25
2015-09-01,Malkapur,bajri,2015,September,33,1325,1343,1326,Buldhana,Maharashtra,bajri,2015,Kharif Crops,1275.0,1,additive,1486.25,39.34781904731065,51.0,211.25
2016-09-01,Malkapur,bajri,2016,September,4,1793,1793,1793,Buldhana,Maharashtra,bajri,2016,Kharif Crops,1330.0,1,additive,1577.75,39.34781904731065,463.0,247.75
2016-11-01,Malkapur,bajri,2016,November,24,1375,1494,1399,Buldhana,Maharashtra,bajri,2016,Kharif Crops,1330.0,1,additive,,39.34781904731065,69.0,
