date,APMC,Commodity,Year,Month,arrivals_in_qtl,min_price,max_price,modal_price,district_name,state_name,commodity,year,Type,msprice,msp_filter,seasonality,deseasonal
2015-04-01,Pune,beet root,2015,April,1046,285,780,533,Pune,Maharashtra,,,,,,not found,
2016-04-01,Pune,beet root,2016,April,1480,405,840,680,Pune,Maharashtra,,,,,,not found,
2015-08-01,Pune,beet root,2015,August,1864,558,1175,883,Pune,Maharashtra,,,,,,not found,
2016-08-01,Pune,beet root,2016,August,2839,431,1108,915,Pune,Maharashtra,,,,,,not found,
2014-12-01,Pune,beet root,2014,December,1527,640,1300,970,Pune,Maharashtra,,,,,,not found,
2015-12-01,Pune,beet root,2015,December,1608,610,1060,865,Pune,Maharashtra,,,,,,not found,
2015-02-01,Pune,beet root,2015,February,1374,329,1076,702,Pune,Maharashtra,,,,,,not found,
2016-02-01,Pune,beet root,2016,February,2159,482,959,773,Pune,Maharashtra,,,,,,not found,
2015-01-01,Pune,beet root,2015,January,1150,580,1170,875,Pune,Maharashtra,,,,,,not found,
2016-01-01,Pune,beet root,2016,January,1619,565,996,813,Pune,Maharashtra,,,,,,not found,
2015-07-01,Pune,beet root,2015,July,960,465,1565,1142,Pune,Maharashtra,,,,,,not found,
2016-07-01,Pune,beet root,2016,July,921,967,1833,1611,Pune,Maharashtra,,,,,,not found,
2015-06-01,Pune,beet root,2015,June,982,393,1483,986,Pune,Maharashtra,,,,,,not found,
2016-06-01,Pune,beet root,2016,June,959,848,2052,1816,Pune,Maharashtra,,,,,,not found,
2015-03-01,Pune,beet root,2015,March,1826,320,868,598,Pune,Maharashtra,,,,,,not found,
2016-03-01,Pune,beet root,2016,March,1993,418,918,732,Pune,Maharashtra,,,,,,not found,
2015-05-01,Pune,beet root,2015,May,1045,305,681,493,Pune,Maharashtra,,,,,,not found,
2016-05-01,Pune,beet root,2016,May,1776,532,1073,859,Pune,Maharashtra,,,,,,not found,
2014-11-01,Pune,beet root,2014,November,896,665,1420,1043,Pune,Maharashtra,,,,,,not found,
2015-11-01,Pune,beet root,2015,November,1035,547,1100,906,Pune,Maharashtra,,,,,,not found,
2014-10-01,Pune,beet root,2014,October,740,525,1235,880,Pune,Maharashtra,,,,,,not found,
2015-10-01,Pune,beet root,2015,October,1947,543,943,743,Pune,Maharashtra,,,,,,not found,
2016-10-01,Pune,beet root,2016,October,3684,412,924,754,Pune,Maharashtra,,,,,,not found,
2014-09-01,Pune,beet root,2014,September,1259,435,970,702,Pune,Maharashtra,,,,,,not found,
2015-09-01,Pune,beet root,2015,September,1766,424,838,629,Pune,Maharashtra,,,,,,not found,
2016-09-01,Pune,beet root,2016,September,2643,370,746,609,Pune,Maharashtra,,,,,,not found,
2016-11-01,Pune,beet root,2016,November,2262,404,1024,818,Pune,Maharashtra,,,,,,not found,
