date,APMC,Commodity,Year,Month,arrivals_in_qtl,min_price,max_price,modal_price,district_name,state_name,commodity,year,Type,msprice,msp_filter,seasonality,deseasonal
2016-08-01,Pachora,black gram,2016,August,16,6623,7029,6826,Jalgaon,Maharashtra,,,,,,not found,
2016-10-01,Pachora,black gram,2016,October,425,4439,6735,5587,Jalgaon,Maharashtra,,,,,,not found,
2015-09-01,Pachora,black gram,2015,September,82,7745,8128,7936,Jalgaon,Maharashtra,,,,,,not found,
2016-09-01,Pachora,black gram,2016,September,426,5867,7112,6489,Jalgaon,Maharashtra,,,,,,not found,
2016-11-01,Pachora,black gram,2016,November,105,5000,6100,5550,Jalgaon,Maharashtra,,,,,,not found,
