date,APMC,Commodity,Year,Month,arrivals_in_qtl,min_price,max_price,modal_price,district_name,state_name,commodity,year,Type,msprice,msp_filter,seasonality,deseasonal,Peak seasonal price fluctuation %
2016-04-01,Lakhandur,black gram,2016,April,131,10729,10841,10791,Bhandara,Maharashtra,,,,,,additive,,21.551068682943313
2016-02-01,Lakhandur,black gram,2016,February,1281,8633,8690,8663,Bhandara,Maharashtra,,,,,,additive,9284.75,21.551068682943313
2016-03-01,Lakhandur,black gram,2016,March,1118,8974,9065,9022,Bhandara,Maharashtra,,,,,,additive,8435.5,21.551068682943313
2015-05-01,Lakhandur,black gram,2015,May,56,7030,7130,7035,Bhandara,Maharashtra,,,,,,additive,,21.551068682943313
