date,APMC,Commodity,Year,Month,arrivals_in_qtl,min_price,max_price,modal_price,district_name,state_name,commodity,year,Type,msprice,msp_filter,seasonality,deseasonal,Peak seasonal price fluctuation %
2015-04-01,Aheri,batbati,2015,April,72,3667,3833,3750,Gadchiroli,Maharashtra,,,,,,additive,,22.26494232785739
2016-04-01,Aheri,batbati,2016,April,56,4400,4400,4400,Gadchiroli,Maharashtra,,,,,,additive,4212.5,22.26494232785739
2015-08-01,Aheri,batbati,2015,August,2,4300,4300,4300,Gadchiroli,Maharashtra,,,,,,additive,4482.25,22.26494232785739
2016-08-01,Aheri,batbati,2016,August,77,4929,4929,4929,Gadchiroli,Maharashtra,,,,,,additive,4414.5,22.26494232785739
2014-12-01,Aheri,batbati,2014,December,4,3500,3500,3500,Gadchiroli,Maharashtra,,,,,,additive,3857.25,22.26494232785739
2015-02-01,Aheri,batbati,2015,February,138,3500,3500,3500,Gadchiroli,Maharashtra,,,,,,additive,3651.0,22.26494232785739
2016-02-01,Aheri,batbati,2016,February,245,4026,4164,4104,Gadchiroli,Maharashtra,,,,,,additive,3802.0,22.26494232785739
2015-01-01,Aheri,batbati,2015,January,10,3500,3500,3500,Gadchiroli,Maharashtra,,,,,,additive,3888.5,22.26494232785739
2016-01-01,Aheri,batbati,2016,January,142,4400,4500,4450,Gadchiroli,Maharashtra,,,,,,additive,4228.5,22.26494232785739
2016-07-01,Aheri,batbati,2016,July,55,4514,4514,4514,Gadchiroli,Maharashtra,,,,,,additive,4369.5,22.26494232785739
2015-06-01,Aheri,batbati,2015,June,39,4000,4000,4000,Gadchiroli,Maharashtra,,,,,,additive,4050.25,22.26494232785739
2016-06-01,Aheri,batbati,2016,June,56,3687,3687,3687,Gadchiroli,Maharashtra,,,,,,additive,3731.0,22.26494232785739
2015-03-01,Aheri,batbati,2015,March,288,3516,3618,3550,Gadchiroli,Maharashtra,,,,,,additive,3756.75,22.26494232785739
2016-03-01,Aheri,batbati,2016,March,95,4240,4240,4240,Gadchiroli,Maharashtra,,,,,,additive,4007.5,22.26494232785739
2015-05-01,Aheri,batbati,2015,May,42,4000,4000,4000,Gadchiroli,Maharashtra,,,,,,additive,4126.75,22.26494232785739
2016-05-01,Aheri,batbati,2016,May,96,4267,4267,4267,Gadchiroli,Maharashtra,,,,,,additive,4008.5,22.26494232785739
2014-10-01,Aheri,batbati,2014,October,6,3500,3500,3500,Gadchiroli,Maharashtra,,,,,,additive,3941.75,22.26494232785739
2015-10-01,Aheri,batbati,2015,October,4,4500,4500,4500,Gadchiroli,Maharashtra,,,,,,additive,4250.0,22.26494232785739
2016-10-01,Aheri,batbati,2016,October,9,4500,4500,4500,Gadchiroli,Maharashtra,,,,,,additive,4250.0,22.26494232785739
2014-09-01,Aheri,batbati,2014,September,6,3500,3500,3500,Gadchiroli,Maharashtra,,,,,,additive,3750.0,22.26494232785739
2016-09-01,Aheri,batbati,2016,September,5,3500,3500,3500,Gadchiroli,Maharashtra,,,,,,additive,3750.0,22.26494232785739
2016-11-01,Aheri,batbati,2016,November,12,4500,4500,4500,Gadchiroli,Maharashtra,,,,,,additive,,22.26494232785739
