date,APMC,Commodity,Year,Month,arrivals_in_qtl,min_price,max_price,modal_price,district_name,state_name,commodity,year,Type,msprice,msp_filter,seasonality,deseasonal,Raw vs MSP diff,Desasonal vs MSP diff
2015-04-01,Gangapur,bajri,2015,April,324,1179,1398,1279,Aurangabad,Maharashtra,bajri,2015,Kharif Crops,1275.0,1,not found,,4.0,
2016-04-01,Gangapur,bajri,2016,April,155,1636,1754,1708,Aurangabad,Maharashtra,bajri,2016,Kharif Crops,1330.0,1,not found,,378.0,
2015-08-01,Gangapur,bajri,2015,August,106,1417,1476,1460,Aurangabad,Maharashtra,bajri,2015,Kharif Crops,1275.0,1,not found,,185.0,
2016-08-01,Gangapur,bajri,2016,August,379,1671,1818,1748,Aurangabad,Maharashtra,bajri,2016,Kharif Crops,1330.0,1,not found,,418.0,
2014-12-01,Gangapur,bajri,2014,December,310,1198,1426,1320,Aurangabad,Maharashtra,bajri,2014,Kharif Crops,1250.0,1,not found,,70.0,
2015-12-01,Gangapur,bajri,2015,December,295,1529,1649,1588,Aurangabad,Maharashtra,bajri,2015,Kharif Crops,1275.0,1,not found,,313.0,
2015-02-01,Gangapur,bajri,2015,February,396,1185,1343,1259,Aurangabad,Maharashtra,bajri,2015,Kharif Crops,1275.0,1,not found,,-16.0,
2016-02-01,Gangapur,bajri,2016,February,183,1480,1630,1559,Aurangabad,Maharashtra,bajri,2016,Kharif Crops,1330.0,1,not found,,229.0,
2015-01-01,Gangapur,bajri,2015,January,514,1219,1459,1347,Aurangabad,Maharashtra,bajri,2015,Kharif Crops,1275.0,1,not found,,72.0,
2016-01-01,Gangapur,bajri,2016,January,174,1524,1654,1593,Aurangabad,Maharashtra,bajri,2016,Kharif Crops,1330.0,1,not found,,263.0,
2015-07-01,Gangapur,bajri,2015,July,139,1274,1383,1323,Aurangabad,Maharashtra,bajri,2015,Kharif Crops,1275.0,1,not found,,48.0,
2016-07-01,Gangapur,bajri,2016,July,115,1748,1917,1846,Aurangabad,Maharashtra,bajri,2016,Kharif Crops,1330.0,1,not found,,516.0,
2015-06-01,Gangapur,bajri,2015,June,355,1196,1368,1280,Aurangabad,Maharashtra,bajri,2015,Kharif Crops,1275.0,1,not found,,5.0,
2016-06-01,Gangapur,bajri,2016,June,161,1696,1879,1813,Aurangabad,Maharashtra,bajri,2016,Kharif Crops,1330.0,1,not found,,483.0,
2015-03-01,Gangapur,bajri,2015,March,294,1168,1312,1223,Aurangabad,Maharashtra,bajri,2015,Kharif Crops,1275.0,1,not found,,-52.0,
2016-03-01,Gangapur,bajri,2016,March,157,1516,2144,1633,Aurangabad,Maharashtra,bajri,2016,Kharif Crops,1330.0,1,not found,,303.0,
2015-05-01,Gangapur,bajri,2015,May,363,1191,1416,1296,Aurangabad,Maharashtra,bajri,2015,Kharif Crops,1275.0,1,not found,,21.0,
2016-05-01,Gangapur,bajri,2016,May,178,1755,1895,1824,Aurangabad,Maharashtra,bajri,2016,Kharif Crops,1330.0,1,not found,,494.0,
2014-11-01,Gangapur,bajri,2014,November,657,1316,1543,1438,Aurangabad,Maharashtra,bajri,2014,Kharif Crops,1250.0,1,not found,,188.0,
2015-11-01,Gangapur,bajri,2015,November,298,1568,1723,1623,Aurangabad,Maharashtra,bajri,2015,Kharif Crops,1275.0,1,not found,,348.0,
2014-10-01,Gangapur,bajri,2014,October,477,1245,1440,1335,Aurangabad,Maharashtra,bajri,2014,Kharif Crops,1250.0,1,not found,,85.0,
2015-10-01,Gangapur,bajri,2015,October,389,1355,1513,1423,Aurangabad,Maharashtra,bajri,2015,Kharif Crops,1275.0,1,not found,,148.0,
2016-10-01,Gangapur,bajri,2016,October,1924,1251,1397,1322,Aurangabad,Maharashtra,bajri,2016,Kharif Crops,1330.0,1,not found,,-8.0,
2014-09-01,Gangapur,bajri,2014,September,491,1285,1419,1342,Aurangabad,Maharashtra,bajri,2014,Kharif Crops,1250.0,1,not found,,92.0,
2015-09-01,Gangapur,bajri,2015,September,416,1366,1512,1456,Aurangabad,Maharashtra,bajri,2015,Kharif Crops,1275.0,1,not found,,181.0,
2016-09-01,Gangapur,bajri,2016,September,576,1468,1587,1527,Aurangabad,Maharashtra,bajri,2016,Kharif Crops,1330.0,1,not found,,197.0,
2016-11-01,Gangapur,bajri,2016,November,856,1398,1503,1450,Aurangabad,Maharashtra,bajri,2016,Kharif Crops,1330.0,1,not found,,120.0,
