date,APMC,Commodity,Year,Month,arrivals_in_qtl,min_price,max_price,modal_price,district_name,state_name,commodity,year,Type,msprice,msp_filter,seasonality,deseasonal
2015-04-01,Nagpur,bitter gourd,2015,April,2850,2269,2542,2406,Nagpur,Maharashtra,,,,,,not found,
2016-04-01,Nagpur,bitter gourd,2016,April,5830,2500,2956,2842,Nagpur,Maharashtra,,,,,,not found,
2015-08-01,Nagpur,bitter gourd,2015,August,3380,1165,1604,1494,Nagpur,Maharashtra,,,,,,not found,
2016-08-01,Nagpur,bitter gourd,2016,August,4650,1622,2083,1958,Nagpur,Maharashtra,,,,,,not found,
2014-12-01,Nagpur,bitter gourd,2014,December,1270,2604,2844,2724,Nagpur,Maharashtra,,,,,,not found,
2015-12-01,Nagpur,bitter gourd,2015,December,2815,1673,2177,2051,Nagpur,Maharashtra,,,,,,not found,
2016-02-01,Nagpur,bitter gourd,2016,February,3195,2675,3125,3005,Nagpur,Maharashtra,,,,,,not found,
2016-01-01,Nagpur,bitter gourd,2016,January,3115,2333,2833,2707,Nagpur,Maharashtra,,,,,,not found,
2015-07-01,Nagpur,bitter gourd,2015,July,2800,1423,1815,1717,Nagpur,Maharashtra,,,,,,not found,
2016-07-01,Nagpur,bitter gourd,2016,July,5180,2591,3030,2921,Nagpur,Maharashtra,,,,,,not found,
2015-06-01,Nagpur,bitter gourd,2015,June,4650,1680,1880,1802,Nagpur,Maharashtra,,,,,,not found,
2016-06-01,Nagpur,bitter gourd,2016,June,5300,2272,2716,2605,Nagpur,Maharashtra,,,,,,not found,
2015-03-01,Nagpur,bitter gourd,2015,March,2605,2665,2948,2807,Nagpur,Maharashtra,,,,,,not found,
2016-03-01,Nagpur,bitter gourd,2016,March,4400,2683,3133,3021,Nagpur,Maharashtra,,,,,,not found,
2015-05-01,Nagpur,bitter gourd,2015,May,1400,1704,1954,1829,Nagpur,Maharashtra,,,,,,not found,
2016-05-01,Nagpur,bitter gourd,2016,May,5330,2075,2483,2379,Nagpur,Maharashtra,,,,,,not found,
2014-11-01,Nagpur,bitter gourd,2014,November,1310,2669,2938,2804,Nagpur,Maharashtra,,,,,,not found,
2015-11-01,Nagpur,bitter gourd,2015,November,4650,1212,1681,1563,Nagpur,Maharashtra,,,,,,not found,
2014-10-01,Nagpur,bitter gourd,2014,October,1350,2235,2612,2423,Nagpur,Maharashtra,,,,,,not found,
2015-10-01,Nagpur,bitter gourd,2015,October,4070,1617,2063,1951,Nagpur,Maharashtra,,,,,,not found,
2016-10-01,Nagpur,bitter gourd,2016,October,4770,1754,2208,2094,Nagpur,Maharashtra,,,,,,not found,
2014-09-01,Nagpur,bitter gourd,2014,September,1490,2158,2527,2342,Nagpur,Maharashtra,,,,,,not found,
2015-09-01,Nagpur,bitter gourd,2015,September,3200,1262,1762,1637,Nagpur,Maharashtra,,,,,,not found,
2016-09-01,Nagpur,bitter gourd,2016,September,4010,1094,1550,1436,Nagpur,Maharashtra,,,,,,not found,
2016-11-01,Nagpur,bitter gourd,2016,November,3320,1500,1889,1792,Nagpur,Maharashtra,,,,,,not found,
