date,APMC,Commodity,Year,Month,arrivals_in_qtl,min_price,max_price,modal_price,district_name,state_name,commodity,year,Type,msprice,msp_filter,seasonality,deseasonal
2015-04-01,Nagpur,beet root,2015,April,1390,588,765,677,Nagpur,Maharashtra,,,,,,not found,
2016-04-01,Nagpur,beet root,2016,April,5730,576,832,768,Nagpur,Maharashtra,,,,,,not found,
2015-08-01,Nagpur,beet root,2015,August,2450,792,1184,1086,Nagpur,Maharashtra,,,,,,not found,
2016-08-01,Nagpur,beet root,2016,August,2550,1057,1400,1314,Nagpur,Maharashtra,,,,,,not found,
2014-12-01,Nagpur,beet root,2014,December,1250,968,1168,1068,Nagpur,Maharashtra,,,,,,not found,
2015-12-01,Nagpur,beet root,2015,December,2620,1008,1300,1227,Nagpur,Maharashtra,,,,,,not found,
2015-02-01,Nagpur,beet root,2015,February,1210,982,1182,1084,Nagpur,Maharashtra,,,,,,not found,
2016-02-01,Nagpur,beet root,2016,February,1765,965,1165,1112,Nagpur,Maharashtra,,,,,,not found,
2015-01-01,Nagpur,beet root,2015,January,1240,1021,1225,1123,Nagpur,Maharashtra,,,,,,not found,
2016-01-01,Nagpur,beet root,2016,January,2300,1109,1405,1331,Nagpur,Maharashtra,,,,,,not found,
2015-07-01,Nagpur,beet root,2015,July,4500,604,900,830,Nagpur,Maharashtra,,,,,,not found,
2016-07-01,Nagpur,beet root,2016,July,4400,1417,1861,1738,Nagpur,Maharashtra,,,,,,not found,
2015-06-01,Nagpur,beet root,2015,June,1490,616,824,738,Nagpur,Maharashtra,,,,,,not found,
2016-06-01,Nagpur,beet root,2016,June,5370,1240,1560,1480,Nagpur,Maharashtra,,,,,,not found,
2015-03-01,Nagpur,beet root,2015,March,1450,881,1077,979,Nagpur,Maharashtra,,,,,,not found,
2016-03-01,Nagpur,beet root,2016,March,3200,939,1213,1145,Nagpur,Maharashtra,,,,,,not found,
2015-05-01,Nagpur,beet root,2015,May,1390,584,776,680,Nagpur,Maharashtra,,,,,,not found,
2016-05-01,Nagpur,beet root,2016,May,5340,717,988,920,Nagpur,Maharashtra,,,,,,not found,
2014-11-01,Nagpur,beet root,2014,November,1300,881,1088,985,Nagpur,Maharashtra,,,,,,not found,
2015-11-01,Nagpur,beet root,2015,November,4610,538,813,742,Nagpur,Maharashtra,,,,,,not found,
2014-10-01,Nagpur,beet root,2014,October,1450,1062,1281,1171,Nagpur,Maharashtra,,,,,,not found,
2015-10-01,Nagpur,beet root,2015,October,4470,592,996,895,Nagpur,Maharashtra,,,,,,not found,
2016-10-01,Nagpur,beet root,2016,October,2355,1085,1423,1338,Nagpur,Maharashtra,,,,,,not found,
2014-09-01,Nagpur,beet root,2014,September,1470,1285,1504,1394,Nagpur,Maharashtra,,,,,,not found,
2015-09-01,Nagpur,beet root,2015,September,2750,815,1254,1144,Nagpur,Maharashtra,,,,,,not found,
2016-09-01,Nagpur,beet root,2016,September,1102,856,1100,1035,Nagpur,Maharashtra,,,,,,not found,
2016-11-01,Nagpur,beet root,2016,November,720,800,1000,950,Nagpur,Maharashtra,,,,,,not found,
