date,APMC,Commodity,Year,Month,arrivals_in_qtl,min_price,max_price,modal_price,district_name,state_name,commodity,year,Type,msprice,msp_filter,seasonality,deseasonal,Peak seasonal price fluctuation %
2015-10-01,Latur-Murud,black gram,2015,October,1,10000,10000,10000,Latur,Maharashtra,,,,,,additive,,48.93696243065123
2016-10-01,Latur-Murud,black gram,2016,October,23,5667,7342,6283,Latur,Maharashtra,,,,,,additive,7231.75,48.93696243065123
2016-09-01,Latur-Murud,black gram,2016,September,5,6361,6361,6361,Latur,Maharashtra,,,,,,additive,5804.5,48.93696243065123
2016-11-01,Latur-Murud,black gram,2016,November,48,4213,4213,4213,Latur,Maharashtra,,,,,,additive,,48.93696243065123
