date,APMC,Commodity,Year,Month,arrivals_in_qtl,min_price,max_price,modal_price,district_name,state_name,commodity,year,Type,msprice,msp_filter,seasonality,deseasonal,Peak seasonal price fluctuation %
2014-12-01,Akole,bhagar-vari,2014,December,59,2000,2600,2400,Ahmadnagar,Maharashtra,,,,,,additive,,15.75562700964631
2015-01-01,Akole,bhagar-vari,2015,January,5,2700,3000,2850,Ahmadnagar,Maharashtra,,,,,,additive,2775.0,15.75562700964631
2016-01-01,Akole,bhagar-vari,2016,January,20,2550,3200,3000,Ahmadnagar,Maharashtra,,,,,,additive,2812.5,15.75562700964631
2014-11-01,Akole,bhagar-vari,2014,November,8,2000,2600,2400,Ahmadnagar,Maharashtra,,,,,,additive,2550.0,15.75562700964631
2014-10-01,Akole,bhagar-vari,2014,October,4,2000,2600,2400,Ahmadnagar,Maharashtra,,,,,,additive,2425.0,15.75562700964631
2014-09-01,Akole,bhagar-vari,2014,September,2,2000,3000,2500,Ahmadnagar,Maharashtra,,,,,,additive,,15.75562700964631
