date,APMC,Commodity,Year,Month,arrivals_in_qtl,min_price,max_price,modal_price,district_name,state_name,commodity,year,Type,msprice,msp_filter,seasonality,deseasonal
2015-04-01,Jintur,black gram,2015,April,1,5900,5900,5900,Parbhani,Maharashtra,,,,,,not found,
2014-12-01,Jintur,black gram,2014,December,15,4848,5362,4848,Parbhani,Maharashtra,,,,,,not found,
2015-12-01,Jintur,black gram,2015,December,2,8900,8900,8900,Parbhani,Maharashtra,,,,,,not found,
2015-02-01,Jintur,black gram,2015,February,9,5185,5325,5213,Parbhani,Maharashtra,,,,,,not found,
2015-01-01,Jintur,black gram,2015,January,5,5516,5528,5516,Parbhani,Maharashtra,,,,,,not found,
2014-11-01,Jintur,black gram,2014,November,24,4852,5033,4987,Parbhani,Maharashtra,,,,,,not found,
2015-11-01,Jintur,black gram,2015,November,8,7844,8163,7944,Parbhani,Maharashtra,,,,,,not found,
2014-10-01,Jintur,black gram,2014,October,94,4252,4479,4400,Parbhani,Maharashtra,,,,,,not found,
2015-10-01,Jintur,black gram,2015,October,61,8784,10594,10045,Parbhani,Maharashtra,,,,,,not found,
2016-10-01,Jintur,black gram,2016,October,231,3956,6072,5467,Parbhani,Maharashtra,,,,,,not found,
2015-09-01,Jintur,black gram,2015,September,39,7698,8341,7824,Parbhani,Maharashtra,,,,,,not found,
2016-09-01,Jintur,black gram,2016,September,187,6149,6949,6715,Parbhani,Maharashtra,,,,,,not found,
2016-11-01,Jintur,black gram,2016,November,19,4725,5859,5059,Parbhani,Maharashtra,,,,,,not found,
