date,APMC,Commodity,Year,Month,arrivals_in_qtl,min_price,max_price,modal_price,district_name,state_name,commodity,year,Type,msprice,msp_filter,seasonality,deseasonal
2014-12-01,Nashik,bor,2014,December,136,838,1825,1338,Nasik,Maharashtra,,,,,,not found,
2015-12-01,Nashik,bor,2015,December,753,1077,1785,1458,Nasik,Maharashtra,,,,,,not found,
2015-02-01,Nashik,bor,2015,February,139,760,1620,1120,Nasik,Maharashtra,,,,,,not found,
2016-02-01,Nashik,bor,2016,February,82,933,1900,1433,Nasik,Maharashtra,,,,,,not found,
2015-01-01,Nashik,bor,2015,January,303,575,1633,1108,Nasik,Maharashtra,,,,,,not found,
2016-01-01,Nashik,bor,2016,January,766,983,1867,1444,Nasik,Maharashtra,,,,,,not found,
2014-11-01,Nashik,bor,2014,November,78,1300,2450,1850,Nasik,Maharashtra,,,,,,not found,
2015-11-01,Nashik,bor,2015,November,406,683,1842,1200,Nasik,Maharashtra,,,,,,not found,
2016-11-01,Nashik,bor,2016,November,927,1336,2845,2050,Nasik,Maharashtra,,,,,,not found,
