date,APMC,Commodity,Year,Month,arrivals_in_qtl,min_price,max_price,modal_price,district_name,state_name,commodity,year,Type,msprice,msp_filter,seasonality,deseasonal,Peak seasonal price fluctuation %
2015-05-01,Lasur Station,black gram,2015,May,1,6300,6300,6300,Aurangabad,Maharashtra,,,,,,additive,,37.31259632898977
2015-10-01,Lasur Station,black gram,2015,October,5,9600,9900,9800,Aurangabad,Maharashtra,,,,,,additive,8038.0,37.31259632898977
2016-10-01,Lasur Station,black gram,2016,October,130,5843,6438,6252,Aurangabad,Maharashtra,,,,,,additive,7466.75,37.31259632898977
2015-09-01,Lasur Station,black gram,2015,September,20,6738,8013,7563,Aurangabad,Maharashtra,,,,,,additive,7047.5,37.31259632898977
2016-09-01,Lasur Station,black gram,2016,September,44,6478,6876,6812,Aurangabad,Maharashtra,,,,,,additive,6820.5,37.31259632898977
2016-11-01,Lasur Station,black gram,2016,November,29,5341,6146,6095,Aurangabad,Maharashtra,,,,,,additive,,37.31259632898977
