date,APMC,Commodity,Year,Month,arrivals_in_qtl,min_price,max_price,modal_price,district_name,state_name,commodity,year,Type,msprice,msp_filter,seasonality,deseasonal
2015-04-01,Washim,black gram,2015,April,24,5610,5610,5610,Wasim,Maharashtra,,,,,,not found,
2016-04-01,Washim,black gram,2016,April,68,8140,8965,8415,Wasim,Maharashtra,,,,,,not found,
2015-08-01,Washim,black gram,2015,August,58,6445,6682,6545,Wasim,Maharashtra,,,,,,not found,
2016-08-01,Washim,black gram,2016,August,324,7100,7250,7175,Wasim,Maharashtra,,,,,,not found,
2014-12-01,Washim,black gram,2014,December,133,5083,5368,5256,Wasim,Maharashtra,,,,,,not found,
2015-12-01,Washim,black gram,2015,December,607,8624,10005,9520,Wasim,Maharashtra,,,,,,not found,
2015-02-01,Washim,black gram,2015,February,102,5362,5604,5484,Wasim,Maharashtra,,,,,,not found,
2016-02-01,Washim,black gram,2016,February,6,6733,7013,6900,Wasim,Maharashtra,,,,,,not found,
2015-01-01,Washim,black gram,2015,January,144,5365,5771,5575,Wasim,Maharashtra,,,,,,not found,
2016-01-01,Washim,black gram,2016,January,40,8183,8310,8257,Wasim,Maharashtra,,,,,,not found,
2015-07-01,Washim,black gram,2015,July,17,5020,5150,5108,Wasim,Maharashtra,,,,,,not found,
2016-07-01,Washim,black gram,2016,July,555,8350,8900,8700,Wasim,Maharashtra,,,,,,not found,
2015-06-01,Washim,black gram,2015,June,59,6532,6686,6600,Wasim,Maharashtra,,,,,,not found,
2016-06-01,Washim,black gram,2016,June,356,8933,11473,10490,Wasim,Maharashtra,,,,,,not found,
2015-03-01,Washim,black gram,2015,March,21,5125,5175,5150,Wasim,Maharashtra,,,,,,not found,
2016-03-01,Washim,black gram,2016,March,37,7714,7907,7807,Wasim,Maharashtra,,,,,,not found,
2015-05-01,Washim,black gram,2015,May,33,5625,5738,5688,Wasim,Maharashtra,,,,,,not found,
2016-05-01,Washim,black gram,2016,May,162,8420,10157,9466,Wasim,Maharashtra,,,,,,not found,
2014-11-01,Washim,black gram,2014,November,110,4271,4549,4402,Wasim,Maharashtra,,,,,,not found,
2015-11-01,Washim,black gram,2015,November,117,4244,4465,4351,Wasim,Maharashtra,,,,,,not found,
2014-10-01,Washim,black gram,2014,October,335,4332,4580,4447,Wasim,Maharashtra,,,,,,not found,
2015-10-01,Washim,black gram,2015,October,2249,9193,10008,9503,Wasim,Maharashtra,,,,,,not found,
2016-10-01,Washim,black gram,2016,October,9700,6331,7068,6827,Wasim,Maharashtra,,,,,,not found,
2014-09-01,Washim,black gram,2014,September,49,4025,4238,4125,Wasim,Maharashtra,,,,,,not found,
2015-09-01,Washim,black gram,2015,September,3995,8289,8891,8607,Wasim,Maharashtra,,,,,,not found,
2016-09-01,Washim,black gram,2016,September,7956,6467,6810,6684,Wasim,Maharashtra,,,,,,not found,
2016-11-01,Washim,black gram,2016,November,3180,6282,6885,6595,Wasim,Maharashtra,,,,,,not found,
