date,APMC,Commodity,Year,Month,arrivals_in_qtl,min_price,max_price,modal_price,district_name,state_name,commodity,year,Type,msprice,msp_filter,seasonality,deseasonal,Raw vs MSP diff,Desasonal vs MSP diff
2015-04-01,Devala,bajri,2015,April,344,1253,1390,1305,Nasik,Maharashtra,bajri,2015,Kharif Crops,1275.0,1,not found,,30.0,
2016-04-01,Devala,bajri,2016,April,200,1607,1955,1841,Nasik,Maharashtra,bajri,2016,Kharif Crops,1330.0,1,not found,,511.0,
2015-08-01,Devala,bajri,2015,August,103,1385,1495,1453,Nasik,Maharashtra,bajri,2015,Kharif Crops,1275.0,1,not found,,178.0,
2016-08-01,Devala,bajri,2016,August,457,1542,1856,1730,Nasik,Maharashtra,bajri,2016,Kharif Crops,1330.0,1,not found,,400.0,
2014-12-01,Devala,bajri,2014,December,548,1257,1402,1319,Nasik,Maharashtra,bajri,2014,Kharif Crops,1250.0,1,not found,,69.0,
2015-12-01,Devala,bajri,2015,December,249,1368,1516,1448,Nasik,Maharashtra,bajri,2015,Kharif Crops,1275.0,1,not found,,173.0,
2015-02-01,Devala,bajri,2015,February,269,1247,1396,1306,Nasik,Maharashtra,bajri,2015,Kharif Crops,1275.0,1,not found,,31.0,
2016-02-01,Devala,bajri,2016,February,370,1380,1596,1510,Nasik,Maharashtra,bajri,2016,Kharif Crops,1330.0,1,not found,,180.0,
2015-01-01,Devala,bajri,2015,January,360,1281,1490,1355,Nasik,Maharashtra,bajri,2015,Kharif Crops,1275.0,1,not found,,80.0,
2016-01-01,Devala,bajri,2016,January,328,1351,1647,1477,Nasik,Maharashtra,bajri,2016,Kharif Crops,1330.0,1,not found,,147.0,
2015-07-01,Devala,bajri,2015,July,189,1307,1416,1372,Nasik,Maharashtra,bajri,2015,Kharif Crops,1275.0,1,not found,,97.0,
2016-07-01,Devala,bajri,2016,July,74,1577,1904,1762,Nasik,Maharashtra,bajri,2016,Kharif Crops,1330.0,1,not found,,432.0,
2015-06-01,Devala,bajri,2015,June,405,1252,1349,1296,Nasik,Maharashtra,bajri,2015,Kharif Crops,1275.0,1,not found,,21.0,
2016-06-01,Devala,bajri,2016,June,211,1581,1857,1747,Nasik,Maharashtra,bajri,2016,Kharif Crops,1330.0,1,not found,,417.0,
2015-03-01,Devala,bajri,2015,March,183,1260,1424,1327,Nasik,Maharashtra,bajri,2015,Kharif Crops,1275.0,1,not found,,52.0,
2016-03-01,Devala,bajri,2016,March,226,1432,1707,1606,Nasik,Maharashtra,bajri,2016,Kharif Crops,1330.0,1,not found,,276.0,
2015-05-01,Devala,bajri,2015,May,408,1250,1342,1298,Nasik,Maharashtra,bajri,2015,Kharif Crops,1275.0,1,not found,,23.0,
2016-05-01,Devala,bajri,2016,May,463,1547,1877,1716,Nasik,Maharashtra,bajri,2016,Kharif Crops,1330.0,1,not found,,386.0,
2014-11-01,Devala,bajri,2014,November,1444,1257,1462,1353,Nasik,Maharashtra,bajri,2014,Kharif Crops,1250.0,1,not found,,103.0,
2015-11-01,Devala,bajri,2015,November,359,1344,1573,1456,Nasik,Maharashtra,bajri,2015,Kharif Crops,1275.0,1,not found,,181.0,
2014-10-01,Devala,bajri,2014,October,790,1283,1497,1376,Nasik,Maharashtra,bajri,2014,Kharif Crops,1250.0,1,not found,,126.0,
2015-10-01,Devala,bajri,2015,October,551,1309,1458,1378,Nasik,Maharashtra,bajri,2015,Kharif Crops,1275.0,1,not found,,103.0,
2016-10-01,Devala,bajri,2016,October,2005,1260,1472,1339,Nasik,Maharashtra,bajri,2016,Kharif Crops,1330.0,1,not found,,9.0,
2014-09-01,Devala,bajri,2014,September,648,1304,1555,1453,Nasik,Maharashtra,bajri,2014,Kharif Crops,1250.0,1,not found,,203.0,
2015-09-01,Devala,bajri,2015,September,156,1411,1547,1487,Nasik,Maharashtra,bajri,2015,Kharif Crops,1275.0,1,not found,,212.0,
2016-09-01,Devala,bajri,2016,September,918,1391,1773,1560,Nasik,Maharashtra,bajri,2016,Kharif Crops,1330.0,1,not found,,230.0,
2016-11-01,Devala,bajri,2016,November,487,1366,1665,1488,Nasik,Maharashtra,bajri,2016,Kharif Crops,1330.0,1,not found,,158.0,
