date,APMC,Commodity,Year,Month,arrivals_in_qtl,min_price,max_price,modal_price,district_name,state_name,commodity,year,Type,msprice,msp_filter,seasonality,deseasonal,Peak seasonal price fluctuation %
2016-04-01,Sengaon,black gram,2016,April,3,6850,6850,6850,Hingoli,Maharashtra,,,,,,additive,,19.6972364020419
2015-12-01,Sengaon,black gram,2015,December,26,7745,7791,7768,Hingoli,Maharashtra,,,,,,additive,7950.75,19.6972364020419
2016-06-01,Sengaon,black gram,2016,June,26,9300,9567,9417,Hingoli,Maharashtra,,,,,,additive,9030.5,19.6972364020419
2016-05-01,Sengaon,black gram,2016,May,51,9470,9570,9520,Hingoli,Maharashtra,,,,,,additive,9283.0,19.6972364020419
2015-11-01,Sengaon,black gram,2015,November,10,8675,8675,8675,Hingoli,Maharashtra,,,,,,additive,9050.5,19.6972364020419
2015-10-01,Sengaon,black gram,2015,October,256,8386,10498,9332,Hingoli,Maharashtra,,,,,,additive,8555.75,19.6972364020419
2016-10-01,Sengaon,black gram,2016,October,1122,6723,7083,6884,Hingoli,Maharashtra,,,,,,additive,7751.25,19.6972364020419
2015-09-01,Sengaon,black gram,2015,September,641,7235,8575,7905,Hingoli,Maharashtra,,,,,,additive,7360.25,19.6972364020419
2016-09-01,Sengaon,black gram,2016,September,1212,6511,6900,6747,Hingoli,Maharashtra,,,,,,additive,6958.75,19.6972364020419
2016-11-01,Sengaon,black gram,2016,November,86,6146,6643,6436,Hingoli,Maharashtra,,,,,,additive,,19.6972364020419
