date,APMC,Commodity,Year,Month,arrivals_in_qtl,min_price,max_price,modal_price,district_name,state_name,commodity,year,Type,msprice,msp_filter,seasonality,deseasonal
2015-12-01,Kolhapur,bor,2015,December,3699,694,2167,1328,Kolhapur,Maharashtra,,,,,,not found,
2016-02-01,Kolhapur,bor,2016,February,671,764,2000,1100,Kolhapur,Maharashtra,,,,,,not found,
2016-01-01,Kolhapur,bor,2016,January,2583,487,1823,953,Kolhapur,Maharashtra,,,,,,not found,
2015-11-01,Kolhapur,bor,2015,November,1089,700,2356,1411,Kolhapur,Maharashtra,,,,,,not found,
2015-10-01,Kolhapur,bor,2015,October,118,1075,2063,1525,Kolhapur,Maharashtra,,,,,,not found,
2015-09-01,Kolhapur,bor,2015,September,58,1122,1928,1433,Kolhapur,Maharashtra,,,,,,not found,
2016-11-01,Kolhapur,bor,2016,November,338,337,2778,1550,Kolhapur,Maharashtra,,,,,,not found,
