date,APMC,Commodity,Year,Month,arrivals_in_qtl,min_price,max_price,modal_price,district_name,state_name,commodity,year,Type,msprice,msp_filter,seasonality,deseasonal
2015-04-01,Shrirampur,bitter gourd,2015,April,48,2364,3155,2782,Ahmadnagar,Maharashtra,,,,,,not found,
2016-04-01,Shrirampur,bitter gourd,2016,April,29,2722,3556,3139,Ahmadnagar,Maharashtra,,,,,,not found,
2015-08-01,Shrirampur,bitter gourd,2015,August,102,1500,2143,1821,Ahmadnagar,Maharashtra,,,,,,not found,
2016-08-01,Shrirampur,bitter gourd,2016,August,65,1500,2147,1824,Ahmadnagar,Maharashtra,,,,,,not found,
2014-12-01,Shrirampur,bitter gourd,2014,December,78,2263,2825,2547,Ahmadnagar,Maharashtra,,,,,,not found,
2015-12-01,Shrirampur,bitter gourd,2015,December,49,1864,2409,2136,Ahmadnagar,Maharashtra,,,,,,not found,
2016-02-01,Shrirampur,bitter gourd,2016,February,4,1500,2500,2000,Ahmadnagar,Maharashtra,,,,,,not found,
2015-01-01,Shrirampur,bitter gourd,2015,January,5,2500,3000,2750,Ahmadnagar,Maharashtra,,,,,,not found,
2016-01-01,Shrirampur,bitter gourd,2016,January,69,2100,2833,2467,Ahmadnagar,Maharashtra,,,,,,not found,
2015-07-01,Shrirampur,bitter gourd,2015,July,102,1600,2170,1898,Ahmadnagar,Maharashtra,,,,,,not found,
2016-07-01,Shrirampur,bitter gourd,2016,July,63,3353,3941,3647,Ahmadnagar,Maharashtra,,,,,,not found,
2015-06-01,Shrirampur,bitter gourd,2015,June,115,1609,2522,2065,Ahmadnagar,Maharashtra,,,,,,not found,
2016-06-01,Shrirampur,bitter gourd,2016,June,86,3300,3960,3642,Ahmadnagar,Maharashtra,,,,,,not found,
2015-03-01,Shrirampur,bitter gourd,2015,March,3,3500,4000,3750,Ahmadnagar,Maharashtra,,,,,,not found,
2015-05-01,Shrirampur,bitter gourd,2015,May,104,1786,2629,2219,Ahmadnagar,Maharashtra,,,,,,not found,
2016-05-01,Shrirampur,bitter gourd,2016,May,56,3188,3969,3578,Ahmadnagar,Maharashtra,,,,,,not found,
2014-11-01,Shrirampur,bitter gourd,2014,November,117,1771,2321,2046,Ahmadnagar,Maharashtra,,,,,,not found,
2015-11-01,Shrirampur,bitter gourd,2015,November,91,1435,1910,1673,Ahmadnagar,Maharashtra,,,,,,not found,
2014-10-01,Shrirampur,bitter gourd,2014,October,104,1929,2605,2267,Ahmadnagar,Maharashtra,,,,,,not found,
2015-10-01,Shrirampur,bitter gourd,2015,October,129,1560,2100,1832,Ahmadnagar,Maharashtra,,,,,,not found,
2016-10-01,Shrirampur,bitter gourd,2016,October,77,873,1209,1041,Ahmadnagar,Maharashtra,,,,,,not found,
2014-09-01,Shrirampur,bitter gourd,2014,September,114,2614,3455,3034,Ahmadnagar,Maharashtra,,,,,,not found,
2015-09-01,Shrirampur,bitter gourd,2015,September,119,1052,1500,1276,Ahmadnagar,Maharashtra,,,,,,not found,
2016-09-01,Shrirampur,bitter gourd,2016,September,73,762,1000,881,Ahmadnagar,Maharashtra,,,,,,not found,
2016-11-01,Shrirampur,bitter gourd,2016,November,75,971,1414,1193,Ahmadnagar,Maharashtra,,,,,,not found,
