date,APMC,Commodity,Year,Month,arrivals_in_qtl,min_price,max_price,modal_price,district_name,state_name,commodity,year,Type,msprice,msp_filter,seasonality,deseasonal
2014-10-01,Jalkot,black gram,2014,October,42,4175,4813,4595,Latur,Maharashtra,,,,,,not found,
2015-10-01,Jalkot,black gram,2015,October,144,8542,9700,9121,Latur,Maharashtra,,,,,,not found,
2016-10-01,Jalkot,black gram,2016,October,259,6609,7364,7055,Latur,Maharashtra,,,,,,not found,
2014-09-01,Jalkot,black gram,2014,September,10,3300,3400,3300,Latur,Maharashtra,,,,,,not found,
2015-09-01,Jalkot,black gram,2015,September,251,7776,8390,8085,Latur,Maharashtra,,,,,,not found,
2016-09-01,Jalkot,black gram,2016,September,253,5992,6447,6248,Latur,Maharashtra,,,,,,not found,
2016-11-01,Jalkot,black gram,2016,November,100,5957,6700,6329,Latur,Maharashtra,,,,,,not found,
