date,APMC,Commodity,Year,Month,arrivals_in_qtl,min_price,max_price,modal_price,district_name,state_name,commodity,year,Type,msprice,msp_filter,seasonality,deseasonal,Peak seasonal price fluctuation %
2015-04-01,Akluj,bitter gourd,2015,April,72,1768,2563,2224,Solapur,Maharashtra,,,,,,additive,,86.53113769243147
2016-04-01,Akluj,bitter gourd,2016,April,41,1667,3211,3211,Solapur,Maharashtra,,,,,,additive,2943.5,86.53113769243147
2015-08-01,Akluj,bitter gourd,2015,August,100,2139,3128,3128,Solapur,Maharashtra,,,,,,additive,2991.75,86.53113769243147
2016-08-01,Akluj,bitter gourd,2016,August,175,1532,2500,2500,Solapur,Maharashtra,,,,,,additive,2733.5,86.53113769243147
2014-12-01,Akluj,bitter gourd,2014,December,61,2122,3467,2806,Solapur,Maharashtra,,,,,,additive,2833.25,86.53113769243147
2015-12-01,Akluj,bitter gourd,2015,December,80,1826,3221,3221,Solapur,Maharashtra,,,,,,additive,3017.0,86.53113769243147
2015-02-01,Akluj,bitter gourd,2015,February,35,2310,3350,2820,Solapur,Maharashtra,,,,,,additive,2906.0,86.53113769243147
2016-02-01,Akluj,bitter gourd,2016,February,69,1563,2763,2763,Solapur,Maharashtra,,,,,,additive,2776.0,86.53113769243147
2015-01-01,Akluj,bitter gourd,2015,January,60,2100,3395,2758,Solapur,Maharashtra,,,,,,additive,2864.25,86.53113769243147
2016-01-01,Akluj,bitter gourd,2016,January,68,1739,3261,3178,Solapur,Maharashtra,,,,,,additive,3117.75,86.53113769243147
2015-07-01,Akluj,bitter gourd,2015,July,65,2171,3357,3357,Solapur,Maharashtra,,,,,,additive,3708.75,86.53113769243147
2016-07-01,Akluj,bitter gourd,2016,July,136,3005,4943,4943,Solapur,Maharashtra,,,,,,additive,4121.75,86.53113769243147
2015-06-01,Akluj,bitter gourd,2015,June,71,2628,3472,3244,Solapur,Maharashtra,,,,,,additive,4195.25,86.53113769243147
2016-06-01,Akluj,bitter gourd,2016,June,77,3218,5441,5350,Solapur,Maharashtra,,,,,,additive,4167.25,86.53113769243147
2015-03-01,Akluj,bitter gourd,2015,March,55,2125,3100,2725,Solapur,Maharashtra,,,,,,additive,3415.75,86.53113769243147
2016-03-01,Akluj,bitter gourd,2016,March,60,1638,2863,2863,Solapur,Maharashtra,,,,,,additive,2644.0,86.53113769243147
2015-05-01,Akluj,bitter gourd,2015,May,60,1750,2475,2125,Solapur,Maharashtra,,,,,,additive,2779.75,86.53113769243147
2016-05-01,Akluj,bitter gourd,2016,May,69,2244,4050,4006,Solapur,Maharashtra,,,,,,additive,3357.0,86.53113769243147
2014-11-01,Akluj,bitter gourd,2014,November,77,2818,3800,3291,Solapur,Maharashtra,,,,,,additive,3449.0,86.53113769243147
2015-11-01,Akluj,bitter gourd,2015,November,44,1892,3208,3208,Solapur,Maharashtra,,,,,,additive,2813.25,86.53113769243147
2014-10-01,Akluj,bitter gourd,2014,October,48,1208,1815,1546,Solapur,Maharashtra,,,,,,additive,2236.0,86.53113769243147
2015-10-01,Akluj,bitter gourd,2015,October,63,1469,2644,2644,Solapur,Maharashtra,,,,,,additive,2150.5,86.53113769243147
2016-10-01,Akluj,bitter gourd,2016,October,96,1268,2116,1768,Solapur,Maharashtra,,,,,,additive,2143.25,86.53113769243147
2014-09-01,Akluj,bitter gourd,2014,September,70,1971,2750,2393,Solapur,Maharashtra,,,,,,additive,1877.75,86.53113769243147
2016-09-01,Akluj,bitter gourd,2016,September,204,705,1214,957,Solapur,Maharashtra,,,,,,additive,1462.5,86.53113769243147
2016-11-01,Akluj,bitter gourd,2016,November,144,1110,1833,1543,Solapur,Maharashtra,,,,,,additive,,86.53113769243147
