date,APMC,Commodity,Year,Month,arrivals_in_qtl,min_price,max_price,modal_price,district_name,state_name,commodity,year,Type,msprice,msp_filter,seasonality,deseasonal,Peak seasonal price fluctuation %
2015-08-01,Kada (Ashti),black gram,2015,August,11,7300,7400,7350,Beed,Maharashtra,,,,,,additive,,13.414257792408183
2016-08-01,Kada (Ashti),black gram,2016,August,137,5400,6100,5800,Beed,Maharashtra,,,,,,additive,6384.5,13.414257792408183
2016-10-01,Kada (Ashti),black gram,2016,October,554,5250,7263,6588,Beed,Maharashtra,,,,,,additive,6160.75,13.414257792408183
2014-09-01,Kada (Ashti),black gram,2014,September,289,4800,6067,5667,Beed,Maharashtra,,,,,,additive,6137.75,13.414257792408183
2016-09-01,Kada (Ashti),black gram,2016,September,3487,6043,7229,6629,Beed,Maharashtra,,,,,,additive,6443.75,13.414257792408183
2016-11-01,Kada (Ashti),black gram,2016,November,36,5350,7150,6850,Beed,Maharashtra,,,,,,additive,,13.414257792408183
