date,APMC,Commodity,Year,Month,arrivals_in_qtl,min_price,max_price,modal_price,district_name,state_name,commodity,year,Type,msprice,msp_filter,seasonality,deseasonal
2015-08-01,Shirur,black gram,2015,August,2,5750,5750,5750,Pune,Maharashtra,,,,,,not found,
2015-12-01,Shirur,black gram,2015,December,1,7100,7100,7100,Pune,Maharashtra,,,,,,not found,
2016-05-01,Shirur,black gram,2016,May,1,8500,8500,8500,Pune,Maharashtra,,,,,,not found,
2015-11-01,Shirur,black gram,2015,November,1,6800,6800,6800,Pune,Maharashtra,,,,,,not found,
2015-10-01,Shirur,black gram,2015,October,10,7200,7200,7200,Pune,Maharashtra,,,,,,not found,
2016-10-01,Shirur,black gram,2016,October,13,5573,5664,5664,Pune,Maharashtra,,,,,,not found,
2015-09-01,Shirur,black gram,2015,September,8,6743,6743,6743,Pune,Maharashtra,,,,,,not found,
2016-09-01,Shirur,black gram,2016,September,5,5725,5725,5725,Pune,Maharashtra,,,,,,not found,
2016-11-01,Shirur,black gram,2016,November,3,4000,4000,4000,Pune,Maharashtra,,,,,,not found,
