date,APMC,Commodity,Year,Month,arrivals_in_qtl,min_price,max_price,modal_price,district_name,state_name,commodity,year,Type,msprice,msp_filter,seasonality,deseasonal,Peak seasonal price fluctuation %,Raw vs MSP diff,Desasonal vs MSP diff
2016-08-01,Sonpeth,bajri,2016,August,7,1576,1600,1590,Parbhani,Maharashtra,bajri,2016,Kharif Crops,1330.0,1,additive,,21.50655542312277,260.0,
2015-12-01,Sonpeth,bajri,2015,December,22,1475,1625,1575,Parbhani,Maharashtra,bajri,2015,Kharif Crops,1275.0,1,additive,1547.0,21.50655542312277,300.0,272.0
2016-02-01,Sonpeth,bajri,2016,February,23,1448,1448,1448,Parbhani,Maharashtra,bajri,2016,Kharif Crops,1330.0,1,additive,1482.75,21.50655542312277,118.0,152.75
2016-01-01,Sonpeth,bajri,2016,January,15,1405,1515,1460,Parbhani,Maharashtra,bajri,2016,Kharif Crops,1330.0,1,additive,1509.75,21.50655542312277,130.0,179.75
2016-07-01,Sonpeth,bajri,2016,July,1,1671,1671,1671,Parbhani,Maharashtra,bajri,2016,Kharif Crops,1330.0,1,additive,1494.5,21.50655542312277,341.0,164.5
2015-06-01,Sonpeth,bajri,2015,June,1,1176,1176,1176,Parbhani,Maharashtra,bajri,2015,Kharif Crops,1275.0,1,additive,1402.75,21.50655542312277,-99.0,127.75
2016-06-01,Sonpeth,bajri,2016,June,10,1538,1610,1588,Parbhani,Maharashtra,bajri,2016,Kharif Crops,1330.0,1,additive,1467.5,21.50655542312277,258.0,137.5
2016-03-01,Sonpeth,bajri,2016,March,12,1499,1528,1518,Parbhani,Maharashtra,bajri,2016,Kharif Crops,1330.0,1,additive,1531.0,21.50655542312277,188.0,201.0
2015-05-01,Sonpeth,bajri,2015,May,2,1500,1500,1500,Parbhani,Maharashtra,bajri,2015,Kharif Crops,1275.0,1,additive,1522.5,21.50655542312277,225.0,247.5
2016-05-01,Sonpeth,bajri,2016,May,39,1520,1597,1572,Parbhani,Maharashtra,bajri,2016,Kharif Crops,1330.0,1,additive,1566.0,21.50655542312277,242.0,236.0
2015-11-01,Sonpeth,bajri,2015,November,56,1544,1686,1620,Parbhani,Maharashtra,bajri,2015,Kharif Crops,1275.0,1,additive,1559.5,21.50655542312277,345.0,284.5
2014-10-01,Sonpeth,bajri,2014,October,1,1426,1426,1426,Parbhani,Maharashtra,bajri,2014,Kharif Crops,1250.0,1,additive,1447.5,21.50655542312277,176.0,197.5
2016-10-01,Sonpeth,bajri,2016,October,117,1166,1410,1318,Parbhani,Maharashtra,bajri,2016,Kharif Crops,1330.0,1,additive,1393.75,21.50655542312277,-12.0,63.75
2016-09-01,Sonpeth,bajri,2016,September,15,1463,1528,1513,Parbhani,Maharashtra,bajri,2016,Kharif Crops,1330.0,1,additive,,21.50655542312277,183.0,
