date,APMC,Commodity,Year,Month,arrivals_in_qtl,min_price,max_price,modal_price,district_name,state_name,commodity,year,Type,msprice,msp_filter,seasonality,deseasonal
2015-04-01,Ratanagari,bitter gourd,2015,April,27,2667,3167,2917,Ratnagiri,Maharashtra,,,,,,not found,
2016-04-01,Ratanagari,bitter gourd,2016,April,26,4000,5000,4500,Ratnagiri,Maharashtra,,,,,,not found,
2015-08-01,Ratanagari,bitter gourd,2015,August,201,2450,3050,2715,Ratnagiri,Maharashtra,,,,,,not found,
2016-08-01,Ratanagari,bitter gourd,2016,August,105,2500,4200,3460,Ratnagiri,Maharashtra,,,,,,not found,
2014-12-01,Ratanagari,bitter gourd,2014,December,131,2625,3250,2954,Ratnagiri,Maharashtra,,,,,,not found,
2015-12-01,Ratanagari,bitter gourd,2015,December,69,3286,3929,3629,Ratnagiri,Maharashtra,,,,,,not found,
2015-02-01,Ratanagari,bitter gourd,2015,February,21,2833,3333,3083,Ratnagiri,Maharashtra,,,,,,not found,
2015-01-01,Ratanagari,bitter gourd,2015,January,28,2667,3500,3083,Ratnagiri,Maharashtra,,,,,,not found,
2016-01-01,Ratanagari,bitter gourd,2016,January,55,3500,4167,3900,Ratnagiri,Maharashtra,,,,,,not found,
2015-07-01,Ratanagari,bitter gourd,2015,July,208,3083,3833,3483,Ratnagiri,Maharashtra,,,,,,not found,
2016-07-01,Ratanagari,bitter gourd,2016,July,62,4750,6375,5650,Ratnagiri,Maharashtra,,,,,,not found,
2015-06-01,Ratanagari,bitter gourd,2015,June,136,3125,3688,3394,Ratnagiri,Maharashtra,,,,,,not found,
2016-06-01,Ratanagari,bitter gourd,2016,June,11,4000,6000,5000,Ratnagiri,Maharashtra,,,,,,not found,
2015-03-01,Ratanagari,bitter gourd,2015,March,34,3125,3750,3438,Ratnagiri,Maharashtra,,,,,,not found,
2015-05-01,Ratanagari,bitter gourd,2015,May,66,3100,3700,3400,Ratnagiri,Maharashtra,,,,,,not found,
2016-05-01,Ratanagari,bitter gourd,2016,May,45,3125,4750,4025,Ratnagiri,Maharashtra,,,,,,not found,
2014-11-01,Ratanagari,bitter gourd,2014,November,131,2889,3500,3206,Ratnagiri,Maharashtra,,,,,,not found,
2015-11-01,Ratanagari,bitter gourd,2015,November,181,2750,3536,3121,Ratnagiri,Maharashtra,,,,,,not found,
2014-10-01,Ratanagari,bitter gourd,2014,October,173,1654,2346,2012,Ratnagiri,Maharashtra,,,,,,not found,
2015-10-01,Ratanagari,bitter gourd,2015,October,221,2385,3115,2785,Ratnagiri,Maharashtra,,,,,,not found,
2016-10-01,Ratanagari,bitter gourd,2016,October,154,2000,2583,2333,Ratnagiri,Maharashtra,,,,,,not found,
2014-09-01,Ratanagari,bitter gourd,2014,September,200,2875,3719,3294,Ratnagiri,Maharashtra,,,,,,not found,
2015-09-01,Ratanagari,bitter gourd,2015,September,315,1625,2219,1938,Ratnagiri,Maharashtra,,,,,,not found,
2016-09-01,Ratanagari,bitter gourd,2016,September,166,1200,1900,1520,Ratnagiri,Maharashtra,,,,,,not found,
2016-11-01,Ratanagari,bitter gourd,2016,November,183,1450,2100,1820,Ratnagiri,Maharashtra,,,,,,not found,
