date,APMC,Commodity,Year,Month,arrivals_in_qtl,min_price,max_price,modal_price,district_name,state_name,commodity,year,Type,msprice,msp_filter,seasonality,deseasonal,Raw vs MSP diff,Desasonal vs MSP diff
2015-04-01,Shirpur,bajri,2015,April,4756,1025,1215,1170,Dhule,Maharashtra,bajri,2015,Kharif Crops,1275.0,1,not found,,-105.0,
2016-04-01,Shirpur,bajri,2016,April,1491,1410,1770,1690,Dhule,Maharashtra,bajri,2016,Kharif Crops,1330.0,1,not found,,360.0,
2015-08-01,Shirpur,bajri,2015,August,2138,1195,1295,1264,Dhule,Maharashtra,bajri,2015,Kharif Crops,1275.0,1,not found,,-11.0,
2016-08-01,Shirpur,bajri,2016,August,216,1432,1758,1695,Dhule,Maharashtra,bajri,2016,Kharif Crops,1330.0,1,not found,,365.0,
2014-12-01,Shirpur,bajri,2014,December,471,874,1351,1256,Dhule,Maharashtra,bajri,2014,Kharif Crops,1250.0,1,not found,,6.0,
2015-12-01,Shirpur,bajri,2015,December,673,1247,1530,1407,Dhule,Maharashtra,bajri,2015,Kharif Crops,1275.0,1,not found,,132.0,
2015-02-01,Shirpur,bajri,2015,February,420,1023,1249,1164,Dhule,Maharashtra,bajri,2015,Kharif Crops,1275.0,1,not found,,-111.0,
2016-02-01,Shirpur,bajri,2016,February,742,1293,1543,1439,Dhule,Maharashtra,bajri,2016,Kharif Crops,1330.0,1,not found,,109.0,
2015-01-01,Shirpur,bajri,2015,January,528,964,1377,1243,Dhule,Maharashtra,bajri,2015,Kharif Crops,1275.0,1,not found,,-32.0,
2016-01-01,Shirpur,bajri,2016,January,404,1285,1571,1483,Dhule,Maharashtra,bajri,2016,Kharif Crops,1330.0,1,not found,,153.0,
2015-07-01,Shirpur,bajri,2015,July,2087,1117,1229,1204,Dhule,Maharashtra,bajri,2015,Kharif Crops,1275.0,1,not found,,-71.0,
2016-07-01,Shirpur,bajri,2016,July,50,1508,1789,1723,Dhule,Maharashtra,bajri,2016,Kharif Crops,1330.0,1,not found,,393.0,
2015-06-01,Shirpur,bajri,2015,June,3643,947,1142,1112,Dhule,Maharashtra,bajri,2015,Kharif Crops,1275.0,1,not found,,-163.0,
2016-06-01,Shirpur,bajri,2016,June,650,1358,1763,1673,Dhule,Maharashtra,bajri,2016,Kharif Crops,1330.0,1,not found,,343.0,
2015-03-01,Shirpur,bajri,2015,March,458,1037,1254,1211,Dhule,Maharashtra,bajri,2015,Kharif Crops,1275.0,1,not found,,-64.0,
2016-03-01,Shirpur,bajri,2016,March,444,1361,1575,1509,Dhule,Maharashtra,bajri,2016,Kharif Crops,1330.0,1,not found,,179.0,
2015-05-01,Shirpur,bajri,2015,May,11449,990,1159,1089,Dhule,Maharashtra,bajri,2015,Kharif Crops,1275.0,1,not found,,-186.0,
2016-05-01,Shirpur,bajri,2016,May,2847,1442,1807,1741,Dhule,Maharashtra,bajri,2016,Kharif Crops,1330.0,1,not found,,411.0,
2014-11-01,Shirpur,bajri,2014,November,1714,945,1434,1305,Dhule,Maharashtra,bajri,2014,Kharif Crops,1250.0,1,not found,,55.0,
2015-11-01,Shirpur,bajri,2015,November,1654,1243,1585,1422,Dhule,Maharashtra,bajri,2015,Kharif Crops,1275.0,1,not found,,147.0,
2014-10-01,Shirpur,bajri,2014,October,4214,935,1429,1296,Dhule,Maharashtra,bajri,2014,Kharif Crops,1250.0,1,not found,,46.0,
2015-10-01,Shirpur,bajri,2015,October,2296,1124,1466,1331,Dhule,Maharashtra,bajri,2015,Kharif Crops,1275.0,1,not found,,56.0,
2016-10-01,Shirpur,bajri,2016,October,1886,1071,1480,1318,Dhule,Maharashtra,bajri,2016,Kharif Crops,1330.0,1,not found,,-12.0,
2014-09-01,Shirpur,bajri,2014,September,609,1002,1415,1343,Dhule,Maharashtra,bajri,2014,Kharif Crops,1250.0,1,not found,,93.0,
2015-09-01,Shirpur,bajri,2015,September,1738,1132,1396,1334,Dhule,Maharashtra,bajri,2015,Kharif Crops,1275.0,1,not found,,59.0,
2016-09-01,Shirpur,bajri,2016,September,364,1355,1639,1547,Dhule,Maharashtra,bajri,2016,Kharif Crops,1330.0,1,not found,,217.0,
2016-11-01,Shirpur,bajri,2016,November,760,1093,1614,1381,Dhule,Maharashtra,bajri,2016,Kharif Crops,1330.0,1,not found,,51.0,
